{
  "step_qonnx_to_finn": 2.9087066650390625e-05,
  "step_tidy_up": 0.022795915603637695,
  "step_streamline": 0.5968472957611084,
  "step_convert_to_hw": 0.004069089889526367,
  "step_create_dataflow_partition": 0.0022687911987304688,
  "step_specialize_layers": 0.002025604248046875,
  "step_target_fps_parallelization": 0.005234718322753906,
  "step_apply_folding_config": 2.6226043701171875e-06,
  "step_minimize_bit_width": 0.008916616439819336,
  "step_generate_estimate_reports": 0.008311033248901367
}