{
  "step_qonnx_to_finn": 2.1457672119140625e-05,
  "step_tidy_up": 0.018799543380737305,
  "step_streamline": 0.5066556930541992,
  "step_convert_to_hw": 0.0037300586700439453,
  "step_create_dataflow_partition": 0.0020029544830322266,
  "step_specialize_layers": 0.001802206039428711,
  "step_target_fps_parallelization": 0.004564762115478516,
  "step_apply_folding_config": 2.384185791015625e-06,
  "step_minimize_bit_width": 0.0064923763275146484,
  "step_generate_estimate_reports": 2.1457672119140625e-06,
  "step_hw_codegen": 0.561591625213623,
  "step_hw_ipgen": 94.50880742073059,
  "step_set_fifo_depths": 30.518234491348267,
  "step_create_stitched_ip": 26.178428173065186,
  "step_measure_rtlsim_performance": 3.012502431869507,
  "step_out_of_context_synthesis": 173.368750333786,
  "step_synthesize_bitfile": 4.5299530029296875e-06,
  "step_make_pynq_driver": 4.291534423828125e-06,
  "step_deployment_package": 2.1457672119140625e-06
}