{
  "step_qonnx_to_finn": 1.430511474609375e-05,
  "step_tidy_up": 0.013752460479736328,
  "step_streamline": 0.34475016593933105,
  "step_convert_to_hw": 0.0026636123657226562,
  "step_create_dataflow_partition": 0.0013985633850097656,
  "step_specialize_layers": 0.0013360977172851562,
  "step_target_fps_parallelization": 0.003056764602661133,
  "step_apply_folding_config": 2.1457672119140625e-06,
  "step_minimize_bit_width": 0.005098104476928711,
  "step_generate_estimate_reports": 2.6226043701171875e-06,
  "step_hw_codegen": 0.23119616508483887,
  "step_hw_ipgen": 56.2594051361084,
  "step_set_fifo_depths": 38.7941210269928,
  "step_create_stitched_ip": 34.3076605796814,
  "step_measure_rtlsim_performance": 3.9992001056671143,
  "step_out_of_context_synthesis": 149.84887170791626,
  "step_synthesize_bitfile": 6.67572021484375e-06,
  "step_make_driver": 0.00016260147094726562,
  "step_deployment_package": 3.337860107421875e-06
}