[2025-11-02 22:26:46,493] Running step: step_qonnx_to_finn [1/20]
[2025-11-02 22:26:46,494] Running step: step_tidy_up [2/20]
[2025-11-02 22:26:46,529] Running step: step_streamline [3/20]
[2025-11-02 22:26:47,155] /home/changhong/prj/finn_dev_branch/finn/deps/qonnx/src/qonnx/transformation/infer_data_layouts.py:136: UserWarning: Assuming 2D input is NC
[2025-11-02 22:26:47,155]   warnings.warn("Assuming 2D input is NC")
[2025-11-02 22:26:47,156] Running step: step_convert_to_hw [4/20]
[2025-11-02 22:26:47,161] Running step: step_create_dataflow_partition [5/20]
[2025-11-02 22:26:47,164] Running step: step_specialize_layers [6/20]
[2025-11-02 22:26:47,166] Running step: step_sparsity_analysis [7/20]
[2025-11-02 22:26:47,167] [AnnotateMVAUSparsity] start
[2025-11-02 22:26:47,167] [AnnotateMVAUSparsity] total nodes: 4
[2025-11-02 22:26:47,167] 
[2025-11-02 22:26:47,167] [AnnotateMVAUSparsity] -> processing node #0: name=, op_type=MVAU_hls
[2025-11-02 22:26:47,167] [AnnotateMVAUSparsity]    weight input name: MatMul_0_param0
[2025-11-02 22:26:47,167] [AnnotateMVAUSparsity]    weight shape: (600, 64)
[2025-11-02 22:26:47,167] [AnnotateMVAUSparsity]    total elems: 38400, zeros: 35014, sparsity: 0.911823
[2025-11-02 22:26:47,167] [AnnotateMVAUSparsity]    added attribute: sparsity =
[2025-11-02 22:26:47,167] 0.9118229166666667
[2025-11-02 22:26:47,167] 
[2025-11-02 22:26:47,167] [AnnotateMVAUSparsity] -> processing node #1: name=, op_type=MVAU_hls
[2025-11-02 22:26:47,167] [AnnotateMVAUSparsity]    weight input name: MatMul_1_param0
[2025-11-02 22:26:47,167] [AnnotateMVAUSparsity]    weight shape: (64, 64)
[2025-11-02 22:26:47,167] [AnnotateMVAUSparsity]    total elems: 4096, zeros: 4032, sparsity: 0.984375
[2025-11-02 22:26:47,167] [AnnotateMVAUSparsity]    added attribute: sparsity =
[2025-11-02 22:26:47,167] 0.984375
[2025-11-02 22:26:47,167] 
[2025-11-02 22:26:47,167] [AnnotateMVAUSparsity] -> processing node #2: name=, op_type=MVAU_hls
[2025-11-02 22:26:47,167] [AnnotateMVAUSparsity]    weight input name: MatMul_2_param0
[2025-11-02 22:26:47,167] [AnnotateMVAUSparsity]    weight shape: (64, 64)
[2025-11-02 22:26:47,167] [AnnotateMVAUSparsity]    total elems: 4096, zeros: 4032, sparsity: 0.984375
[2025-11-02 22:26:47,167] [AnnotateMVAUSparsity]    added attribute: sparsity =
[2025-11-02 22:26:47,167] 0.984375
[2025-11-02 22:26:47,167] 
[2025-11-02 22:26:47,167] [AnnotateMVAUSparsity] -> processing node #3: name=, op_type=MVAU_hls
[2025-11-02 22:26:47,167] [AnnotateMVAUSparsity]    weight input name: MatMul_3_param0
[2025-11-02 22:26:47,168] [AnnotateMVAUSparsity]    weight shape: (64, 1)
[2025-11-02 22:26:47,168] [AnnotateMVAUSparsity]    total elems: 64, zeros: 39, sparsity: 0.609375
[2025-11-02 22:26:47,168] [AnnotateMVAUSparsity]    added attribute: sparsity =
[2025-11-02 22:26:47,168] 0.609375
[2025-11-02 22:26:47,168] [AnnotateMVAUSparsity] done, graph_modified =
[2025-11-02 22:26:47,168] True
[2025-11-02 22:26:47,168] Running step: step_target_fps_parallelization_sparsity [8/20]
[2025-11-02 22:26:47,177] Running step: step_apply_folding_config [9/20]
[2025-11-02 22:26:47,177] Running step: step_minimize_bit_width [10/20]
[2025-11-02 22:26:47,180] /home/changhong/prj/finn_dev_branch/finn/src/finn/custom_op/fpgadataflow/matrixvectoractivation.py:513: UserWarning: Clipping some thresholds in MVAU_hls_0
[2025-11-02 22:26:47,180]   warnings.warn("Clipping some thresholds in %s" % self.onnx_node.name)
[2025-11-02 22:26:47,182] /home/changhong/prj/finn_dev_branch/finn/src/finn/custom_op/fpgadataflow/matrixvectoractivation.py:513: UserWarning: Clipping some thresholds in MVAU_hls_1
[2025-11-02 22:26:47,182]   warnings.warn("Clipping some thresholds in %s" % self.onnx_node.name)
[2025-11-02 22:26:47,184] /home/changhong/prj/finn_dev_branch/finn/src/finn/custom_op/fpgadataflow/matrixvectoractivation.py:513: UserWarning: Clipping some thresholds in MVAU_hls_2
[2025-11-02 22:26:47,184]   warnings.warn("Clipping some thresholds in %s" % self.onnx_node.name)
[2025-11-02 22:26:47,190] Running step: step_generate_estimate_reports [11/20]
[2025-11-02 22:26:47,205] Running step: step_hw_codegen [12/20]
[2025-11-02 22:26:47,589] Running step: step_hw_ipgen [13/20]
[2025-11-02 22:27:55,459] Running step: step_set_fifo_depths [14/20]
[2025-11-02 22:27:55,474] /home/changhong/prj/finn_dev_branch/finn/src/finn/transformation/fpgadataflow/prepare_ip.py:56: UserWarning: Using pre-existing code for MVAU_hls_0
[2025-11-02 22:27:55,475]   warnings.warn("Using pre-existing code for %s" % node.name)
[2025-11-02 22:27:55,477] /home/changhong/prj/finn_dev_branch/finn/src/finn/transformation/fpgadataflow/prepare_ip.py:56: UserWarning: Using pre-existing code for MVAU_hls_1
[2025-11-02 22:27:55,477]   warnings.warn("Using pre-existing code for %s" % node.name)
[2025-11-02 22:27:55,478] /home/changhong/prj/finn_dev_branch/finn/src/finn/transformation/fpgadataflow/prepare_ip.py:56: UserWarning: Using pre-existing code for MVAU_hls_2
[2025-11-02 22:27:55,478]   warnings.warn("Using pre-existing code for %s" % node.name)
[2025-11-02 22:27:55,479] /home/changhong/prj/finn_dev_branch/finn/src/finn/transformation/fpgadataflow/prepare_ip.py:56: UserWarning: Using pre-existing code for MVAU_hls_3
[2025-11-02 22:27:55,479]   warnings.warn("Using pre-existing code for %s" % node.name)
[2025-11-02 22:27:55,515] /home/changhong/prj/finn_dev_branch/finn/src/finn/transformation/fpgadataflow/hlssynth_ip.py:74: UserWarning: Using pre-existing IP for MVAU_hls_3
[2025-11-02 22:27:55,515]   warnings.warn("Using pre-existing IP for %s" % node.name)
[2025-11-02 22:27:55,516] /home/changhong/prj/finn_dev_branch/finn/src/finn/transformation/fpgadataflow/hlssynth_ip.py:74: UserWarning: Using pre-existing IP for MVAU_hls_2
[2025-11-02 22:27:55,516]   warnings.warn("Using pre-existing IP for %s" % node.name)
[2025-11-02 22:27:55,518] /home/changhong/prj/finn_dev_branch/finn/src/finn/transformation/fpgadataflow/hlssynth_ip.py:74: UserWarning: Using pre-existing IP for MVAU_hls_1
[2025-11-02 22:27:55,518]   warnings.warn("Using pre-existing IP for %s" % node.name)
[2025-11-02 22:27:55,520] /home/changhong/prj/finn_dev_branch/finn/src/finn/transformation/fpgadataflow/hlssynth_ip.py:74: UserWarning: Using pre-existing IP for MVAU_hls_0
[2025-11-02 22:27:55,520]   warnings.warn("Using pre-existing IP for %s" % node.name)
[2025-11-02 22:28:36,175] Vivado Simulator v2022.2
[2025-11-02 22:28:36,175] Copyright 1986-1999, 2001-2022 Xilinx, Inc. All Rights Reserved.
[2025-11-02 22:28:36,175] Running: /tools/Xilinx/Vivado/2022.2/bin/unwrapped/lnx64.o/xelab work.glbl work.finn_design_wrapper -relax -prj rtlsim.prj -dll -s finn_design_wrapper -L smartconnect_v1_0 -L axi_protocol_checker_v1_1_12 -L axi_protocol_checker_v1_1_13 -L axis_protocol_checker_v1_1_11 -L axis_protocol_checker_v1_1_12 -L xil_defaultlib -L unisims_ver -L xpm -L floating_point_v7_1_16 -L floating_point_v7_0_21 -L floating_point_v7_1_18 -L floating_point_v7_1_15 -L floating_point_v7_1_19
[2025-11-02 22:28:36,175] Multi-threading is on. Using 20 slave threads.
[2025-11-02 22:28:36,175] INFO: [VRFC 10-2263] Analyzing Verilog file "/tools/Xilinx/Vivado/2022.2/data/verilog/src/glbl.v" into library work
[2025-11-02 22:28:36,175] INFO: [VRFC 10-311] analyzing module glbl
[2025-11-02 22:28:36,175] INFO: [VRFC 10-2263] Analyzing Verilog file "/tmp/finn_dev_changhong/vivado_stitch_proj_6_3d1qz3/finn_vivado_stitch_proj.gen/sources_1/bd/finn_design/ip/finn_design_StreamingFIFO_rtl_0_0/synth/finn_design_StreamingFIFO_rtl_0_0.v" into library work
[2025-11-02 22:28:36,175] INFO: [VRFC 10-311] analyzing module finn_design_StreamingFIFO_rtl_0_0
[2025-11-02 22:28:36,175] INFO: [VRFC 10-2263] Analyzing Verilog file "/tmp/finn_dev_changhong/vivado_stitch_proj_6_3d1qz3/finn_vivado_stitch_proj.gen/sources_1/bd/finn_design/ipshared/5bf9/hdl/verilog/MVAU_hls_0_flow_control_loop_pipe_sequential_init.v" into library work
[2025-11-02 22:28:36,175] INFO: [VRFC 10-311] analyzing module MVAU_hls_0_flow_control_loop_pipe_sequential_init
[2025-11-02 22:28:36,175] INFO: [VRFC 10-2263] Analyzing Verilog file "/tmp/finn_dev_changhong/vivado_stitch_proj_6_3d1qz3/finn_vivado_stitch_proj.gen/sources_1/bd/finn_design/ipshared/5bf9/hdl/verilog/MVAU_hls_0_hls_deadlock_idx0_monitor.v" into library work
[2025-11-02 22:28:36,175] INFO: [VRFC 10-311] analyzing module MVAU_hls_0_hls_deadlock_idx0_monitor
[2025-11-02 22:28:36,175] INFO: [VRFC 10-2263] Analyzing Verilog file "/tmp/finn_dev_changhong/vivado_stitch_proj_6_3d1qz3/finn_vivado_stitch_proj.gen/sources_1/bd/finn_design/ipshared/5bf9/hdl/verilog/MVAU_hls_0_hls_deadlock_idx1_monitor.v" into library work
[2025-11-02 22:28:36,175] INFO: [VRFC 10-311] analyzing module MVAU_hls_0_hls_deadlock_idx1_monitor
[2025-11-02 22:28:36,175] INFO: [VRFC 10-2263] Analyzing Verilog file "/tmp/finn_dev_changhong/vivado_stitch_proj_6_3d1qz3/finn_vivado_stitch_proj.gen/sources_1/bd/finn_design/ipshared/5bf9/hdl/verilog/MVAU_hls_0_Matrix_Vector_Activate_Stream_Batch.v" into library work
[2025-11-02 22:28:36,175] INFO: [VRFC 10-311] analyzing module MVAU_hls_0_Matrix_Vector_Activate_Stream_Batch
[2025-11-02 22:28:36,175] INFO: [VRFC 10-2263] Analyzing Verilog file "/tmp/finn_dev_changhong/vivado_stitch_proj_6_3d1qz3/finn_vivado_stitch_proj.gen/sources_1/bd/finn_design/ipshared/5bf9/hdl/verilog/MVAU_hls_0_Matrix_Vector_Activate_Stream_Batch_p_ZL7threshs_0_ROM_AUTO_1R.v" into library work
[2025-11-02 22:28:36,175] INFO: [VRFC 10-311] analyzing module MVAU_hls_0_Matrix_Vector_Activate_Stream_Batch_p_ZL7threshs_0_ROM_AUTO_1R
[2025-11-02 22:28:36,175] INFO: [VRFC 10-2263] Analyzing Verilog file "/tmp/finn_dev_changhong/vivado_stitch_proj_6_3d1qz3/finn_vivado_stitch_proj.gen/sources_1/bd/finn_design/ipshared/5bf9/hdl/verilog/MVAU_hls_0_Matrix_Vector_Activate_Stream_Batch_p_ZL7threshs_1_ROM_AUTO_1R.v" into library work
[2025-11-02 22:28:36,175] INFO: [VRFC 10-311] analyzing module MVAU_hls_0_Matrix_Vector_Activate_Stream_Batch_p_ZL7threshs_1_ROM_AUTO_1R
[2025-11-02 22:28:36,175] INFO: [VRFC 10-2263] Analyzing Verilog file "/tmp/finn_dev_changhong/vivado_stitch_proj_6_3d1qz3/finn_vivado_stitch_proj.gen/sources_1/bd/finn_design/ipshared/5bf9/hdl/verilog/MVAU_hls_0_Matrix_Vector_Activate_Stream_Batch_p_ZL7threshs_2_ROM_AUTO_1R.v" into library work
[2025-11-02 22:28:36,175] INFO: [VRFC 10-311] analyzing module MVAU_hls_0_Matrix_Vector_Activate_Stream_Batch_p_ZL7threshs_2_ROM_AUTO_1R
[2025-11-02 22:28:36,175] INFO: [VRFC 10-2263] Analyzing Verilog file "/tmp/finn_dev_changhong/vivado_stitch_proj_6_3d1qz3/finn_vivado_stitch_proj.gen/sources_1/bd/finn_design/ipshared/5bf9/hdl/verilog/MVAU_hls_0_regslice_both.v" into library work
[2025-11-02 22:28:36,175] INFO: [VRFC 10-311] analyzing module MVAU_hls_0_regslice_both
[2025-11-02 22:28:36,175] INFO: [VRFC 10-311] analyzing module MVAU_hls_0_regslice_both_w1
[2025-11-02 22:28:36,175] INFO: [VRFC 10-2263] Analyzing Verilog file "/tmp/finn_dev_changhong/vivado_stitch_proj_6_3d1qz3/finn_vivado_stitch_proj.gen/sources_1/bd/finn_design/ipshared/5bf9/hdl/verilog/MVAU_hls_0.v" into library work
[2025-11-02 22:28:36,175] INFO: [VRFC 10-311] analyzing module MVAU_hls_0
[2025-11-02 22:28:36,175] INFO: [VRFC 10-2263] Analyzing Verilog file "/tmp/finn_dev_changhong/vivado_stitch_proj_6_3d1qz3/finn_vivado_stitch_proj.gen/sources_1/bd/finn_design/ip/finn_design_MVAU_hls_0_0/synth/finn_design_MVAU_hls_0_0.v" into library work
[2025-11-02 22:28:36,175] INFO: [VRFC 10-311] analyzing module finn_design_MVAU_hls_0_0
[2025-11-02 22:28:36,175] INFO: [VRFC 10-2263] Analyzing Verilog file "/tmp/finn_dev_changhong/vivado_stitch_proj_6_3d1qz3/finn_vivado_stitch_proj.gen/sources_1/bd/finn_design/ip/finn_design_MVAU_hls_0_wstrm_0/synth/finn_design_MVAU_hls_0_wstrm_0.v" into library work
[2025-11-02 22:28:36,175] INFO: [VRFC 10-311] analyzing module finn_design_MVAU_hls_0_wstrm_0
[2025-11-02 22:28:36,175] INFO: [VRFC 10-2263] Analyzing Verilog file "/tmp/finn_dev_changhong/vivado_stitch_proj_6_3d1qz3/finn_vivado_stitch_proj.gen/sources_1/bd/finn_design/ip/finn_design_StreamingFIFO_rtl_1_0/synth/finn_design_StreamingFIFO_rtl_1_0.v" into library work
[2025-11-02 22:28:36,175] INFO: [VRFC 10-311] analyzing module finn_design_StreamingFIFO_rtl_1_0
[2025-11-02 22:28:36,175] INFO: [VRFC 10-2263] Analyzing Verilog file "/tmp/finn_dev_changhong/vivado_stitch_proj_6_3d1qz3/finn_vivado_stitch_proj.gen/sources_1/bd/finn_design/ip/finn_design_StreamingDataWidthConverter_rtl_0_0/synth/finn_design_StreamingDataWidthConverter_rtl_0_0.v" into library work
[2025-11-02 22:28:36,175] INFO: [VRFC 10-311] analyzing module finn_design_StreamingDataWidthConverter_rtl_0_0
[2025-11-02 22:28:36,175] INFO: [VRFC 10-2263] Analyzing Verilog file "/tmp/finn_dev_changhong/vivado_stitch_proj_6_3d1qz3/finn_vivado_stitch_proj.gen/sources_1/bd/finn_design/ip/finn_design_StreamingFIFO_rtl_2_0/synth/finn_design_StreamingFIFO_rtl_2_0.v" into library work
[2025-11-02 22:28:36,175] INFO: [VRFC 10-311] analyzing module finn_design_StreamingFIFO_rtl_2_0
[2025-11-02 22:28:36,175] INFO: [VRFC 10-2263] Analyzing Verilog file "/tmp/finn_dev_changhong/vivado_stitch_proj_6_3d1qz3/finn_vivado_stitch_proj.gen/sources_1/bd/finn_design/ipshared/68f6/hdl/verilog/MVAU_hls_1_flow_control_loop_pipe_sequential_init.v" into library work
[2025-11-02 22:28:36,175] INFO: [VRFC 10-311] analyzing module MVAU_hls_1_flow_control_loop_pipe_sequential_init
[2025-11-02 22:28:36,175] INFO: [VRFC 10-2263] Analyzing Verilog file "/tmp/finn_dev_changhong/vivado_stitch_proj_6_3d1qz3/finn_vivado_stitch_proj.gen/sources_1/bd/finn_design/ipshared/68f6/hdl/verilog/MVAU_hls_1_hls_deadlock_idx0_monitor.v" into library work
[2025-11-02 22:28:36,175] INFO: [VRFC 10-311] analyzing module MVAU_hls_1_hls_deadlock_idx0_monitor
[2025-11-02 22:28:36,175] INFO: [VRFC 10-2263] Analyzing Verilog file "/tmp/finn_dev_changhong/vivado_stitch_proj_6_3d1qz3/finn_vivado_stitch_proj.gen/sources_1/bd/finn_design/ipshared/68f6/hdl/verilog/MVAU_hls_1_hls_deadlock_idx1_monitor.v" into library work
[2025-11-02 22:28:36,175] INFO: [VRFC 10-311] analyzing module MVAU_hls_1_hls_deadlock_idx1_monitor
[2025-11-02 22:28:36,175] INFO: [VRFC 10-2263] Analyzing Verilog file "/tmp/finn_dev_changhong/vivado_stitch_proj_6_3d1qz3/finn_vivado_stitch_proj.gen/sources_1/bd/finn_design/ipshared/68f6/hdl/verilog/MVAU_hls_1_Matrix_Vector_Activate_Stream_Batch.v" into library work
[2025-11-02 22:28:36,175] INFO: [VRFC 10-311] analyzing module MVAU_hls_1_Matrix_Vector_Activate_Stream_Batch
[2025-11-02 22:28:36,175] INFO: [VRFC 10-2263] Analyzing Verilog file "/tmp/finn_dev_changhong/vivado_stitch_proj_6_3d1qz3/finn_vivado_stitch_proj.gen/sources_1/bd/finn_design/ipshared/68f6/hdl/verilog/MVAU_hls_1_Matrix_Vector_Activate_Stream_Batch_p_ZL7threshs_0_ROM_AUTO_1R.v" into library work
[2025-11-02 22:28:36,175] INFO: [VRFC 10-311] analyzing module MVAU_hls_1_Matrix_Vector_Activate_Stream_Batch_p_ZL7threshs_0_ROM_AUTO_1R
[2025-11-02 22:28:36,175] INFO: [VRFC 10-2263] Analyzing Verilog file "/tmp/finn_dev_changhong/vivado_stitch_proj_6_3d1qz3/finn_vivado_stitch_proj.gen/sources_1/bd/finn_design/ipshared/68f6/hdl/verilog/MVAU_hls_1_Matrix_Vector_Activate_Stream_Batch_p_ZL7threshs_1_ROM_AUTO_1R.v" into library work
[2025-11-02 22:28:36,175] INFO: [VRFC 10-311] analyzing module MVAU_hls_1_Matrix_Vector_Activate_Stream_Batch_p_ZL7threshs_1_ROM_AUTO_1R
[2025-11-02 22:28:36,175] INFO: [VRFC 10-2263] Analyzing Verilog file "/tmp/finn_dev_changhong/vivado_stitch_proj_6_3d1qz3/finn_vivado_stitch_proj.gen/sources_1/bd/finn_design/ipshared/68f6/hdl/verilog/MVAU_hls_1_Matrix_Vector_Activate_Stream_Batch_p_ZL7threshs_2_ROM_AUTO_1R.v" into library work
[2025-11-02 22:28:36,175] INFO: [VRFC 10-311] analyzing module MVAU_hls_1_Matrix_Vector_Activate_Stream_Batch_p_ZL7threshs_2_ROM_AUTO_1R
[2025-11-02 22:28:36,175] INFO: [VRFC 10-2263] Analyzing Verilog file "/tmp/finn_dev_changhong/vivado_stitch_proj_6_3d1qz3/finn_vivado_stitch_proj.gen/sources_1/bd/finn_design/ipshared/68f6/hdl/verilog/MVAU_hls_1_mul_2ns_2s_4_1_1.v" into library work
[2025-11-02 22:28:36,175] INFO: [VRFC 10-311] analyzing module MVAU_hls_1_mul_2ns_2s_4_1_1
[2025-11-02 22:28:36,175] INFO: [VRFC 10-2263] Analyzing Verilog file "/tmp/finn_dev_changhong/vivado_stitch_proj_6_3d1qz3/finn_vivado_stitch_proj.gen/sources_1/bd/finn_design/ipshared/68f6/hdl/verilog/MVAU_hls_1_regslice_both.v" into library work
[2025-11-02 22:28:36,175] INFO: [VRFC 10-311] analyzing module MVAU_hls_1_regslice_both
[2025-11-02 22:28:36,175] INFO: [VRFC 10-311] analyzing module MVAU_hls_1_regslice_both_w1
[2025-11-02 22:28:36,175] INFO: [VRFC 10-2263] Analyzing Verilog file "/tmp/finn_dev_changhong/vivado_stitch_proj_6_3d1qz3/finn_vivado_stitch_proj.gen/sources_1/bd/finn_design/ipshared/68f6/hdl/verilog/MVAU_hls_1.v" into library work
[2025-11-02 22:28:36,175] INFO: [VRFC 10-311] analyzing module MVAU_hls_1
[2025-11-02 22:28:36,175] INFO: [VRFC 10-2263] Analyzing Verilog file "/tmp/finn_dev_changhong/vivado_stitch_proj_6_3d1qz3/finn_vivado_stitch_proj.gen/sources_1/bd/finn_design/ip/finn_design_MVAU_hls_1_0/synth/finn_design_MVAU_hls_1_0.v" into library work
[2025-11-02 22:28:36,175] INFO: [VRFC 10-311] analyzing module finn_design_MVAU_hls_1_0
[2025-11-02 22:28:36,175] INFO: [VRFC 10-2263] Analyzing Verilog file "/tmp/finn_dev_changhong/vivado_stitch_proj_6_3d1qz3/finn_vivado_stitch_proj.gen/sources_1/bd/finn_design/ip/finn_design_MVAU_hls_1_wstrm_0/synth/finn_design_MVAU_hls_1_wstrm_0.v" into library work
[2025-11-02 22:28:36,176] INFO: [VRFC 10-311] analyzing module finn_design_MVAU_hls_1_wstrm_0
[2025-11-02 22:28:36,176] INFO: [VRFC 10-2263] Analyzing Verilog file "/tmp/finn_dev_changhong/vivado_stitch_proj_6_3d1qz3/finn_vivado_stitch_proj.gen/sources_1/bd/finn_design/ip/finn_design_StreamingFIFO_rtl_3_0/synth/finn_design_StreamingFIFO_rtl_3_0.v" into library work
[2025-11-02 22:28:36,176] INFO: [VRFC 10-311] analyzing module finn_design_StreamingFIFO_rtl_3_0
[2025-11-02 22:28:36,176] INFO: [VRFC 10-2263] Analyzing Verilog file "/tmp/finn_dev_changhong/vivado_stitch_proj_6_3d1qz3/finn_vivado_stitch_proj.gen/sources_1/bd/finn_design/ip/finn_design_StreamingDataWidthConverter_rtl_1_0/synth/finn_design_StreamingDataWidthConverter_rtl_1_0.v" into library work
[2025-11-02 22:28:36,176] INFO: [VRFC 10-311] analyzing module finn_design_StreamingDataWidthConverter_rtl_1_0
[2025-11-02 22:28:36,176] INFO: [VRFC 10-2263] Analyzing Verilog file "/tmp/finn_dev_changhong/vivado_stitch_proj_6_3d1qz3/finn_vivado_stitch_proj.gen/sources_1/bd/finn_design/ip/finn_design_StreamingFIFO_rtl_4_0/synth/finn_design_StreamingFIFO_rtl_4_0.v" into library work
[2025-11-02 22:28:36,176] INFO: [VRFC 10-311] analyzing module finn_design_StreamingFIFO_rtl_4_0
[2025-11-02 22:28:36,176] INFO: [VRFC 10-2263] Analyzing Verilog file "/tmp/finn_dev_changhong/vivado_stitch_proj_6_3d1qz3/finn_vivado_stitch_proj.gen/sources_1/bd/finn_design/ipshared/7174/hdl/verilog/MVAU_hls_2_flow_control_loop_pipe_sequential_init.v" into library work
[2025-11-02 22:28:36,176] INFO: [VRFC 10-311] analyzing module MVAU_hls_2_flow_control_loop_pipe_sequential_init
[2025-11-02 22:28:36,176] INFO: [VRFC 10-2263] Analyzing Verilog file "/tmp/finn_dev_changhong/vivado_stitch_proj_6_3d1qz3/finn_vivado_stitch_proj.gen/sources_1/bd/finn_design/ipshared/7174/hdl/verilog/MVAU_hls_2_hls_deadlock_idx0_monitor.v" into library work
[2025-11-02 22:28:36,176] INFO: [VRFC 10-311] analyzing module MVAU_hls_2_hls_deadlock_idx0_monitor
[2025-11-02 22:28:36,176] INFO: [VRFC 10-2263] Analyzing Verilog file "/tmp/finn_dev_changhong/vivado_stitch_proj_6_3d1qz3/finn_vivado_stitch_proj.gen/sources_1/bd/finn_design/ipshared/7174/hdl/verilog/MVAU_hls_2_hls_deadlock_idx1_monitor.v" into library work
[2025-11-02 22:28:36,176] INFO: [VRFC 10-311] analyzing module MVAU_hls_2_hls_deadlock_idx1_monitor
[2025-11-02 22:28:36,176] INFO: [VRFC 10-2263] Analyzing Verilog file "/tmp/finn_dev_changhong/vivado_stitch_proj_6_3d1qz3/finn_vivado_stitch_proj.gen/sources_1/bd/finn_design/ipshared/7174/hdl/verilog/MVAU_hls_2_Matrix_Vector_Activate_Stream_Batch.v" into library work
[2025-11-02 22:28:36,176] INFO: [VRFC 10-311] analyzing module MVAU_hls_2_Matrix_Vector_Activate_Stream_Batch
[2025-11-02 22:28:36,176] INFO: [VRFC 10-2263] Analyzing Verilog file "/tmp/finn_dev_changhong/vivado_stitch_proj_6_3d1qz3/finn_vivado_stitch_proj.gen/sources_1/bd/finn_design/ipshared/7174/hdl/verilog/MVAU_hls_2_Matrix_Vector_Activate_Stream_Batch_p_ZL7threshs_0_ROM_AUTO_1R.v" into library work
[2025-11-02 22:28:36,176] INFO: [VRFC 10-311] analyzing module MVAU_hls_2_Matrix_Vector_Activate_Stream_Batch_p_ZL7threshs_0_ROM_AUTO_1R
[2025-11-02 22:28:36,176] INFO: [VRFC 10-2263] Analyzing Verilog file "/tmp/finn_dev_changhong/vivado_stitch_proj_6_3d1qz3/finn_vivado_stitch_proj.gen/sources_1/bd/finn_design/ipshared/7174/hdl/verilog/MVAU_hls_2_Matrix_Vector_Activate_Stream_Batch_p_ZL7threshs_1_ROM_AUTO_1R.v" into library work
[2025-11-02 22:28:36,176] INFO: [VRFC 10-311] analyzing module MVAU_hls_2_Matrix_Vector_Activate_Stream_Batch_p_ZL7threshs_1_ROM_AUTO_1R
[2025-11-02 22:28:36,176] INFO: [VRFC 10-2263] Analyzing Verilog file "/tmp/finn_dev_changhong/vivado_stitch_proj_6_3d1qz3/finn_vivado_stitch_proj.gen/sources_1/bd/finn_design/ipshared/7174/hdl/verilog/MVAU_hls_2_Matrix_Vector_Activate_Stream_Batch_p_ZL7threshs_2_ROM_AUTO_1R.v" into library work
[2025-11-02 22:28:36,176] INFO: [VRFC 10-311] analyzing module MVAU_hls_2_Matrix_Vector_Activate_Stream_Batch_p_ZL7threshs_2_ROM_AUTO_1R
[2025-11-02 22:28:36,176] INFO: [VRFC 10-2263] Analyzing Verilog file "/tmp/finn_dev_changhong/vivado_stitch_proj_6_3d1qz3/finn_vivado_stitch_proj.gen/sources_1/bd/finn_design/ipshared/7174/hdl/verilog/MVAU_hls_2_mul_2ns_2s_4_1_1.v" into library work
[2025-11-02 22:28:36,176] INFO: [VRFC 10-311] analyzing module MVAU_hls_2_mul_2ns_2s_4_1_1
[2025-11-02 22:28:36,176] INFO: [VRFC 10-2263] Analyzing Verilog file "/tmp/finn_dev_changhong/vivado_stitch_proj_6_3d1qz3/finn_vivado_stitch_proj.gen/sources_1/bd/finn_design/ipshared/7174/hdl/verilog/MVAU_hls_2_regslice_both.v" into library work
[2025-11-02 22:28:36,176] INFO: [VRFC 10-311] analyzing module MVAU_hls_2_regslice_both
[2025-11-02 22:28:36,176] INFO: [VRFC 10-311] analyzing module MVAU_hls_2_regslice_both_w1
[2025-11-02 22:28:36,176] INFO: [VRFC 10-2263] Analyzing Verilog file "/tmp/finn_dev_changhong/vivado_stitch_proj_6_3d1qz3/finn_vivado_stitch_proj.gen/sources_1/bd/finn_design/ipshared/7174/hdl/verilog/MVAU_hls_2.v" into library work
[2025-11-02 22:28:36,176] INFO: [VRFC 10-311] analyzing module MVAU_hls_2
[2025-11-02 22:28:36,176] INFO: [VRFC 10-2263] Analyzing Verilog file "/tmp/finn_dev_changhong/vivado_stitch_proj_6_3d1qz3/finn_vivado_stitch_proj.gen/sources_1/bd/finn_design/ip/finn_design_MVAU_hls_2_0/synth/finn_design_MVAU_hls_2_0.v" into library work
[2025-11-02 22:28:36,176] INFO: [VRFC 10-311] analyzing module finn_design_MVAU_hls_2_0
[2025-11-02 22:28:36,176] INFO: [VRFC 10-2263] Analyzing Verilog file "/tmp/finn_dev_changhong/vivado_stitch_proj_6_3d1qz3/finn_vivado_stitch_proj.gen/sources_1/bd/finn_design/ip/finn_design_MVAU_hls_2_wstrm_0/synth/finn_design_MVAU_hls_2_wstrm_0.v" into library work
[2025-11-02 22:28:36,176] INFO: [VRFC 10-311] analyzing module finn_design_MVAU_hls_2_wstrm_0
[2025-11-02 22:28:36,176] INFO: [VRFC 10-2263] Analyzing Verilog file "/tmp/finn_dev_changhong/vivado_stitch_proj_6_3d1qz3/finn_vivado_stitch_proj.gen/sources_1/bd/finn_design/ip/finn_design_StreamingFIFO_rtl_5_0/synth/finn_design_StreamingFIFO_rtl_5_0.v" into library work
[2025-11-02 22:28:36,176] INFO: [VRFC 10-311] analyzing module finn_design_StreamingFIFO_rtl_5_0
[2025-11-02 22:28:36,176] INFO: [VRFC 10-2263] Analyzing Verilog file "/tmp/finn_dev_changhong/vivado_stitch_proj_6_3d1qz3/finn_vivado_stitch_proj.gen/sources_1/bd/finn_design/ipshared/bded/hdl/verilog/MVAU_hls_3_flow_control_loop_pipe_no_ap_cont.v" into library work
[2025-11-02 22:28:36,176] INFO: [VRFC 10-311] analyzing module MVAU_hls_3_flow_control_loop_pipe_no_ap_cont
[2025-11-02 22:28:36,176] INFO: [VRFC 10-2263] Analyzing Verilog file "/tmp/finn_dev_changhong/vivado_stitch_proj_6_3d1qz3/finn_vivado_stitch_proj.gen/sources_1/bd/finn_design/ipshared/bded/hdl/verilog/MVAU_hls_3_hls_deadlock_idx0_monitor.v" into library work
[2025-11-02 22:28:36,176] INFO: [VRFC 10-311] analyzing module MVAU_hls_3_hls_deadlock_idx0_monitor
[2025-11-02 22:28:36,176] INFO: [VRFC 10-2263] Analyzing Verilog file "/tmp/finn_dev_changhong/vivado_stitch_proj_6_3d1qz3/finn_vivado_stitch_proj.gen/sources_1/bd/finn_design/ipshared/bded/hdl/verilog/MVAU_hls_3_mul_2ns_2s_4_1_1.v" into library work
[2025-11-02 22:28:36,176] INFO: [VRFC 10-311] analyzing module MVAU_hls_3_mul_2ns_2s_4_1_1
[2025-11-02 22:28:36,176] INFO: [VRFC 10-2263] Analyzing Verilog file "/tmp/finn_dev_changhong/vivado_stitch_proj_6_3d1qz3/finn_vivado_stitch_proj.gen/sources_1/bd/finn_design/ipshared/bded/hdl/verilog/MVAU_hls_3_regslice_both.v" into library work
[2025-11-02 22:28:36,176] INFO: [VRFC 10-311] analyzing module MVAU_hls_3_regslice_both
[2025-11-02 22:28:36,176] INFO: [VRFC 10-311] analyzing module MVAU_hls_3_regslice_both_w1
[2025-11-02 22:28:36,176] INFO: [VRFC 10-2263] Analyzing Verilog file "/tmp/finn_dev_changhong/vivado_stitch_proj_6_3d1qz3/finn_vivado_stitch_proj.gen/sources_1/bd/finn_design/ipshared/bded/hdl/verilog/MVAU_hls_3.v" into library work
[2025-11-02 22:28:36,176] INFO: [VRFC 10-311] analyzing module MVAU_hls_3
[2025-11-02 22:28:36,176] INFO: [VRFC 10-2263] Analyzing Verilog file "/tmp/finn_dev_changhong/vivado_stitch_proj_6_3d1qz3/finn_vivado_stitch_proj.gen/sources_1/bd/finn_design/ip/finn_design_MVAU_hls_3_0/synth/finn_design_MVAU_hls_3_0.v" into library work
[2025-11-02 22:28:36,176] INFO: [VRFC 10-311] analyzing module finn_design_MVAU_hls_3_0
[2025-11-02 22:28:36,176] INFO: [VRFC 10-2263] Analyzing Verilog file "/tmp/finn_dev_changhong/vivado_stitch_proj_6_3d1qz3/finn_vivado_stitch_proj.gen/sources_1/bd/finn_design/ip/finn_design_MVAU_hls_3_wstrm_0/synth/finn_design_MVAU_hls_3_wstrm_0.v" into library work
[2025-11-02 22:28:36,176] INFO: [VRFC 10-311] analyzing module finn_design_MVAU_hls_3_wstrm_0
[2025-11-02 22:28:36,176] INFO: [VRFC 10-2263] Analyzing Verilog file "/tmp/finn_dev_changhong/vivado_stitch_proj_6_3d1qz3/finn_vivado_stitch_proj.gen/sources_1/bd/finn_design/ip/finn_design_StreamingFIFO_rtl_6_0/synth/finn_design_StreamingFIFO_rtl_6_0.v" into library work
[2025-11-02 22:28:36,176] INFO: [VRFC 10-311] analyzing module finn_design_StreamingFIFO_rtl_6_0
[2025-11-02 22:28:36,176] INFO: [VRFC 10-2263] Analyzing Verilog file "/tmp/finn_dev_changhong/vivado_stitch_proj_6_3d1qz3/finn_vivado_stitch_proj.gen/sources_1/bd/finn_design/synth/finn_design.v" into library work
[2025-11-02 22:28:36,176] INFO: [VRFC 10-311] analyzing module MVAU_hls_0_imp_7OH4JA
[2025-11-02 22:28:36,176] INFO: [VRFC 10-311] analyzing module MVAU_hls_1_imp_ZIW0NT
[2025-11-02 22:28:36,176] INFO: [VRFC 10-311] analyzing module MVAU_hls_2_imp_1WP2WTL
[2025-11-02 22:28:36,176] INFO: [VRFC 10-311] analyzing module MVAU_hls_3_imp_U0RWZQ
[2025-11-02 22:28:36,176] INFO: [VRFC 10-311] analyzing module finn_design
[2025-11-02 22:28:36,176] INFO: [VRFC 10-2263] Analyzing Verilog file "/tmp/finn_dev_changhong/code_gen_ipgen_StreamingFIFO_rtl_0_b9ykx53t/Q_srl.v" into library work
[2025-11-02 22:28:36,176] INFO: [VRFC 10-311] analyzing module Q_srl
[2025-11-02 22:28:36,176] INFO: [VRFC 10-2263] Analyzing Verilog file "/tmp/finn_dev_changhong/code_gen_ipgen_StreamingFIFO_rtl_0_b9ykx53t/StreamingFIFO_rtl_0.v" into library work
[2025-11-02 22:28:36,176] INFO: [VRFC 10-311] analyzing module StreamingFIFO_rtl_0
[2025-11-02 22:28:36,176] INFO: [VRFC 10-2263] Analyzing Verilog file "/tmp/finn_dev_changhong/vivado_stitch_proj_6_3d1qz3/ip/verilog/rtl_ops/MVAU_hls_0/MVAU_hls_0_memstream_wrapper.v" into library work
[2025-11-02 22:28:36,176] INFO: [VRFC 10-311] analyzing module MVAU_hls_0_memstream_wrapper
[2025-11-02 22:28:36,176] INFO: [VRFC 10-2263] Analyzing SystemVerilog file "/tmp/finn_dev_changhong/vivado_stitch_proj_6_3d1qz3/ip/verilog/rtl_ops/MVAU_hls_0/axilite.sv" into library work
[2025-11-02 22:28:36,176] INFO: [VRFC 10-311] analyzing module axilite
[2025-11-02 22:28:36,176] WARNING: [VRFC 10-3467] initial value of parameter 'ADDR_WIDTH' is omitted [/tmp/finn_dev_changhong/vivado_stitch_proj_6_3d1qz3/ip/verilog/rtl_ops/MVAU_hls_0/axilite.sv:33]
[2025-11-02 22:28:36,176] WARNING: [VRFC 10-3467] initial value of parameter 'DATA_WIDTH' is omitted [/tmp/finn_dev_changhong/vivado_stitch_proj_6_3d1qz3/ip/verilog/rtl_ops/MVAU_hls_0/axilite.sv:34]
[2025-11-02 22:28:36,176] WARNING: [VRFC 10-3467] initial value of parameter 'IP_DATA_WIDTH' is omitted [/tmp/finn_dev_changhong/vivado_stitch_proj_6_3d1qz3/ip/verilog/rtl_ops/MVAU_hls_0/axilite.sv:35]
[2025-11-02 22:28:36,176] WARNING: [VRFC 10-3380] identifier 'snk_re' is used before its declaration [/tmp/finn_dev_changhong/vivado_stitch_proj_6_3d1qz3/ip/verilog/rtl_ops/MVAU_hls_0/axilite.sv:112]
[2025-11-02 22:28:36,176] INFO: [VRFC 10-2263] Analyzing SystemVerilog file "/tmp/finn_dev_changhong/vivado_stitch_proj_6_3d1qz3/ip/verilog/rtl_ops/MVAU_hls_0/memstream_axi.sv" into library work
[2025-11-02 22:28:36,176] INFO: [VRFC 10-311] analyzing module memstream_axi
[2025-11-02 22:28:36,176] WARNING: [VRFC 10-3467] initial value of parameter 'SETS' is omitted [/tmp/finn_dev_changhong/vivado_stitch_proj_6_3d1qz3/ip/verilog/rtl_ops/MVAU_hls_0/memstream_axi.sv:34]
[2025-11-02 22:28:36,176] WARNING: [VRFC 10-3467] initial value of parameter 'DEPTH' is omitted [/tmp/finn_dev_changhong/vivado_stitch_proj_6_3d1qz3/ip/verilog/rtl_ops/MVAU_hls_0/memstream_axi.sv:35]
[2025-11-02 22:28:36,176] WARNING: [VRFC 10-3467] initial value of parameter 'WIDTH' is omitted [/tmp/finn_dev_changhong/vivado_stitch_proj_6_3d1qz3/ip/verilog/rtl_ops/MVAU_hls_0/memstream_axi.sv:36]
[2025-11-02 22:28:36,176] INFO: [VRFC 10-2263] Analyzing SystemVerilog file "/tmp/finn_dev_changhong/vivado_stitch_proj_6_3d1qz3/ip/verilog/rtl_ops/MVAU_hls_0/memstream.sv" into library work
[2025-11-02 22:28:36,176] INFO: [VRFC 10-311] analyzing module memstream
[2025-11-02 22:28:36,176] WARNING: [VRFC 10-3467] initial value of parameter 'SETS' is omitted [/tmp/finn_dev_changhong/vivado_stitch_proj_6_3d1qz3/ip/verilog/rtl_ops/MVAU_hls_0/memstream.sv:34]
[2025-11-02 22:28:36,176] WARNING: [VRFC 10-3467] initial value of parameter 'DEPTH' is omitted [/tmp/finn_dev_changhong/vivado_stitch_proj_6_3d1qz3/ip/verilog/rtl_ops/MVAU_hls_0/memstream.sv:35]
[2025-11-02 22:28:36,176] WARNING: [VRFC 10-3467] initial value of parameter 'WIDTH' is omitted [/tmp/finn_dev_changhong/vivado_stitch_proj_6_3d1qz3/ip/verilog/rtl_ops/MVAU_hls_0/memstream.sv:36]
[2025-11-02 22:28:36,176] INFO: [VRFC 10-2263] Analyzing Verilog file "/tmp/finn_dev_changhong/code_gen_ipgen_StreamingFIFO_rtl_1_od4x04e5/Q_srl.v" into library work
[2025-11-02 22:28:36,176] INFO: [VRFC 10-311] analyzing module Q_srl
[2025-11-02 22:28:36,176] WARNING: [VRFC 10-3609] overwriting previous definition of module 'Q_srl' [/tmp/finn_dev_changhong/code_gen_ipgen_StreamingFIFO_rtl_1_od4x04e5/Q_srl.v:72]
[2025-11-02 22:28:36,176] INFO: [VRFC 10-2263] Analyzing Verilog file "/tmp/finn_dev_changhong/code_gen_ipgen_StreamingFIFO_rtl_1_od4x04e5/StreamingFIFO_rtl_1.v" into library work
[2025-11-02 22:28:36,176] INFO: [VRFC 10-311] analyzing module StreamingFIFO_rtl_1
[2025-11-02 22:28:36,176] INFO: [VRFC 10-2263] Analyzing SystemVerilog file "/tmp/finn_dev_changhong/code_gen_ipgen_StreamingDataWidthConverter_rtl_0_tch0u0dd/dwc_axi.sv" into library work
[2025-11-02 22:28:36,176] INFO: [VRFC 10-311] analyzing module dwc_axi
[2025-11-02 22:28:36,176] WARNING: [VRFC 10-3467] initial value of parameter 'IBITS' is omitted [/tmp/finn_dev_changhong/code_gen_ipgen_StreamingDataWidthConverter_rtl_0_tch0u0dd/dwc_axi.sv:35]
[2025-11-02 22:28:36,176] WARNING: [VRFC 10-3467] initial value of parameter 'OBITS' is omitted [/tmp/finn_dev_changhong/code_gen_ipgen_StreamingDataWidthConverter_rtl_0_tch0u0dd/dwc_axi.sv:36]
[2025-11-02 22:28:36,176] INFO: [VRFC 10-2263] Analyzing SystemVerilog file "/tmp/finn_dev_changhong/code_gen_ipgen_StreamingDataWidthConverter_rtl_0_tch0u0dd/dwc.sv" into library work
[2025-11-02 22:28:36,176] INFO: [VRFC 10-311] analyzing module dwc
[2025-11-02 22:28:36,176] WARNING: [VRFC 10-3467] initial value of parameter 'IBITS' is omitted [/tmp/finn_dev_changhong/code_gen_ipgen_StreamingDataWidthConverter_rtl_0_tch0u0dd/dwc.sv:35]
[2025-11-02 22:28:36,176] WARNING: [VRFC 10-3467] initial value of parameter 'OBITS' is omitted [/tmp/finn_dev_changhong/code_gen_ipgen_StreamingDataWidthConverter_rtl_0_tch0u0dd/dwc.sv:36]
[2025-11-02 22:28:36,176] INFO: [VRFC 10-2263] Analyzing Verilog file "/tmp/finn_dev_changhong/code_gen_ipgen_StreamingDataWidthConverter_rtl_0_tch0u0dd/StreamingDataWidthConverter_rtl_0.v" into library work
[2025-11-02 22:28:36,176] INFO: [VRFC 10-311] analyzing module StreamingDataWidthConverter_rtl_0
[2025-11-02 22:28:36,176] INFO: [VRFC 10-2263] Analyzing Verilog file "/tmp/finn_dev_changhong/code_gen_ipgen_StreamingFIFO_rtl_2_mlp5qyly/Q_srl.v" into library work
[2025-11-02 22:28:36,176] INFO: [VRFC 10-311] analyzing module Q_srl
[2025-11-02 22:28:36,176] WARNING: [VRFC 10-3609] overwriting previous definition of module 'Q_srl' [/tmp/finn_dev_changhong/code_gen_ipgen_StreamingFIFO_rtl_2_mlp5qyly/Q_srl.v:72]
[2025-11-02 22:28:36,176] INFO: [VRFC 10-2263] Analyzing Verilog file "/tmp/finn_dev_changhong/code_gen_ipgen_StreamingFIFO_rtl_2_mlp5qyly/StreamingFIFO_rtl_2.v" into library work
[2025-11-02 22:28:36,176] INFO: [VRFC 10-311] analyzing module StreamingFIFO_rtl_2
[2025-11-02 22:28:36,176] INFO: [VRFC 10-2263] Analyzing Verilog file "/tmp/finn_dev_changhong/vivado_stitch_proj_6_3d1qz3/ip/verilog/rtl_ops/MVAU_hls_1/MVAU_hls_1_memstream_wrapper.v" into library work
[2025-11-02 22:28:36,176] INFO: [VRFC 10-311] analyzing module MVAU_hls_1_memstream_wrapper
[2025-11-02 22:28:36,176] INFO: [VRFC 10-2263] Analyzing SystemVerilog file "/tmp/finn_dev_changhong/vivado_stitch_proj_6_3d1qz3/ip/verilog/rtl_ops/MVAU_hls_1/axilite.sv" into library work
[2025-11-02 22:28:36,176] INFO: [VRFC 10-311] analyzing module axilite
[2025-11-02 22:28:36,176] WARNING: [VRFC 10-3467] initial value of parameter 'ADDR_WIDTH' is omitted [/tmp/finn_dev_changhong/vivado_stitch_proj_6_3d1qz3/ip/verilog/rtl_ops/MVAU_hls_1/axilite.sv:33]
[2025-11-02 22:28:36,176] WARNING: [VRFC 10-3467] initial value of parameter 'DATA_WIDTH' is omitted [/tmp/finn_dev_changhong/vivado_stitch_proj_6_3d1qz3/ip/verilog/rtl_ops/MVAU_hls_1/axilite.sv:34]
[2025-11-02 22:28:36,176] WARNING: [VRFC 10-3467] initial value of parameter 'IP_DATA_WIDTH' is omitted [/tmp/finn_dev_changhong/vivado_stitch_proj_6_3d1qz3/ip/verilog/rtl_ops/MVAU_hls_1/axilite.sv:35]
[2025-11-02 22:28:36,176] WARNING: [VRFC 10-3380] identifier 'snk_re' is used before its declaration [/tmp/finn_dev_changhong/vivado_stitch_proj_6_3d1qz3/ip/verilog/rtl_ops/MVAU_hls_1/axilite.sv:112]
[2025-11-02 22:28:36,176] WARNING: [VRFC 10-3609] overwriting previous definition of module 'axilite' [/tmp/finn_dev_changhong/vivado_stitch_proj_6_3d1qz3/ip/verilog/rtl_ops/MVAU_hls_1/axilite.sv:32]
[2025-11-02 22:28:36,176] INFO: [VRFC 10-2263] Analyzing SystemVerilog file "/tmp/finn_dev_changhong/vivado_stitch_proj_6_3d1qz3/ip/verilog/rtl_ops/MVAU_hls_1/memstream_axi.sv" into library work
[2025-11-02 22:28:36,176] INFO: [VRFC 10-311] analyzing module memstream_axi
[2025-11-02 22:28:36,176] WARNING: [VRFC 10-3467] initial value of parameter 'SETS' is omitted [/tmp/finn_dev_changhong/vivado_stitch_proj_6_3d1qz3/ip/verilog/rtl_ops/MVAU_hls_1/memstream_axi.sv:34]
[2025-11-02 22:28:36,176] WARNING: [VRFC 10-3467] initial value of parameter 'DEPTH' is omitted [/tmp/finn_dev_changhong/vivado_stitch_proj_6_3d1qz3/ip/verilog/rtl_ops/MVAU_hls_1/memstream_axi.sv:35]
[2025-11-02 22:28:36,177] WARNING: [VRFC 10-3467] initial value of parameter 'WIDTH' is omitted [/tmp/finn_dev_changhong/vivado_stitch_proj_6_3d1qz3/ip/verilog/rtl_ops/MVAU_hls_1/memstream_axi.sv:36]
[2025-11-02 22:28:36,177] WARNING: [VRFC 10-3609] overwriting previous definition of module 'memstream_axi' [/tmp/finn_dev_changhong/vivado_stitch_proj_6_3d1qz3/ip/verilog/rtl_ops/MVAU_hls_1/memstream_axi.sv:33]
[2025-11-02 22:28:36,177] INFO: [VRFC 10-2263] Analyzing SystemVerilog file "/tmp/finn_dev_changhong/vivado_stitch_proj_6_3d1qz3/ip/verilog/rtl_ops/MVAU_hls_1/memstream.sv" into library work
[2025-11-02 22:28:36,177] INFO: [VRFC 10-311] analyzing module memstream
[2025-11-02 22:28:36,177] WARNING: [VRFC 10-3467] initial value of parameter 'SETS' is omitted [/tmp/finn_dev_changhong/vivado_stitch_proj_6_3d1qz3/ip/verilog/rtl_ops/MVAU_hls_1/memstream.sv:34]
[2025-11-02 22:28:36,177] WARNING: [VRFC 10-3467] initial value of parameter 'DEPTH' is omitted [/tmp/finn_dev_changhong/vivado_stitch_proj_6_3d1qz3/ip/verilog/rtl_ops/MVAU_hls_1/memstream.sv:35]
[2025-11-02 22:28:36,177] WARNING: [VRFC 10-3467] initial value of parameter 'WIDTH' is omitted [/tmp/finn_dev_changhong/vivado_stitch_proj_6_3d1qz3/ip/verilog/rtl_ops/MVAU_hls_1/memstream.sv:36]
[2025-11-02 22:28:36,177] WARNING: [VRFC 10-3609] overwriting previous definition of module 'memstream' [/tmp/finn_dev_changhong/vivado_stitch_proj_6_3d1qz3/ip/verilog/rtl_ops/MVAU_hls_1/memstream.sv:33]
[2025-11-02 22:28:36,177] INFO: [VRFC 10-2263] Analyzing Verilog file "/tmp/finn_dev_changhong/code_gen_ipgen_StreamingFIFO_rtl_3_vz0433ka/Q_srl.v" into library work
[2025-11-02 22:28:36,177] INFO: [VRFC 10-311] analyzing module Q_srl
[2025-11-02 22:28:36,177] WARNING: [VRFC 10-3609] overwriting previous definition of module 'Q_srl' [/tmp/finn_dev_changhong/code_gen_ipgen_StreamingFIFO_rtl_3_vz0433ka/Q_srl.v:72]
[2025-11-02 22:28:36,177] INFO: [VRFC 10-2263] Analyzing Verilog file "/tmp/finn_dev_changhong/code_gen_ipgen_StreamingFIFO_rtl_3_vz0433ka/StreamingFIFO_rtl_3.v" into library work
[2025-11-02 22:28:36,177] INFO: [VRFC 10-311] analyzing module StreamingFIFO_rtl_3
[2025-11-02 22:28:36,177] INFO: [VRFC 10-2263] Analyzing SystemVerilog file "/tmp/finn_dev_changhong/code_gen_ipgen_StreamingDataWidthConverter_rtl_1_0yh_i5l0/dwc_axi.sv" into library work
[2025-11-02 22:28:36,177] INFO: [VRFC 10-311] analyzing module dwc_axi
[2025-11-02 22:28:36,177] WARNING: [VRFC 10-3467] initial value of parameter 'IBITS' is omitted [/tmp/finn_dev_changhong/code_gen_ipgen_StreamingDataWidthConverter_rtl_1_0yh_i5l0/dwc_axi.sv:35]
[2025-11-02 22:28:36,177] WARNING: [VRFC 10-3467] initial value of parameter 'OBITS' is omitted [/tmp/finn_dev_changhong/code_gen_ipgen_StreamingDataWidthConverter_rtl_1_0yh_i5l0/dwc_axi.sv:36]
[2025-11-02 22:28:36,177] WARNING: [VRFC 10-3609] overwriting previous definition of module 'dwc_axi' [/tmp/finn_dev_changhong/code_gen_ipgen_StreamingDataWidthConverter_rtl_1_0yh_i5l0/dwc_axi.sv:34]
[2025-11-02 22:28:36,177] INFO: [VRFC 10-2263] Analyzing SystemVerilog file "/tmp/finn_dev_changhong/code_gen_ipgen_StreamingDataWidthConverter_rtl_1_0yh_i5l0/dwc.sv" into library work
[2025-11-02 22:28:36,177] INFO: [VRFC 10-311] analyzing module dwc
[2025-11-02 22:28:36,177] WARNING: [VRFC 10-3467] initial value of parameter 'IBITS' is omitted [/tmp/finn_dev_changhong/code_gen_ipgen_StreamingDataWidthConverter_rtl_1_0yh_i5l0/dwc.sv:35]
[2025-11-02 22:28:36,177] WARNING: [VRFC 10-3467] initial value of parameter 'OBITS' is omitted [/tmp/finn_dev_changhong/code_gen_ipgen_StreamingDataWidthConverter_rtl_1_0yh_i5l0/dwc.sv:36]
[2025-11-02 22:28:36,177] WARNING: [VRFC 10-3609] overwriting previous definition of module 'dwc' [/tmp/finn_dev_changhong/code_gen_ipgen_StreamingDataWidthConverter_rtl_1_0yh_i5l0/dwc.sv:34]
[2025-11-02 22:28:36,177] INFO: [VRFC 10-2263] Analyzing Verilog file "/tmp/finn_dev_changhong/code_gen_ipgen_StreamingDataWidthConverter_rtl_1_0yh_i5l0/StreamingDataWidthConverter_rtl_1.v" into library work
[2025-11-02 22:28:36,177] INFO: [VRFC 10-311] analyzing module StreamingDataWidthConverter_rtl_1
[2025-11-02 22:28:36,177] INFO: [VRFC 10-2263] Analyzing Verilog file "/tmp/finn_dev_changhong/code_gen_ipgen_StreamingFIFO_rtl_4_yr0wx9vg/Q_srl.v" into library work
[2025-11-02 22:28:36,177] INFO: [VRFC 10-311] analyzing module Q_srl
[2025-11-02 22:28:36,177] WARNING: [VRFC 10-3609] overwriting previous definition of module 'Q_srl' [/tmp/finn_dev_changhong/code_gen_ipgen_StreamingFIFO_rtl_4_yr0wx9vg/Q_srl.v:72]
[2025-11-02 22:28:36,177] INFO: [VRFC 10-2263] Analyzing Verilog file "/tmp/finn_dev_changhong/code_gen_ipgen_StreamingFIFO_rtl_4_yr0wx9vg/StreamingFIFO_rtl_4.v" into library work
[2025-11-02 22:28:36,177] INFO: [VRFC 10-311] analyzing module StreamingFIFO_rtl_4
[2025-11-02 22:28:36,177] INFO: [VRFC 10-2263] Analyzing Verilog file "/tmp/finn_dev_changhong/vivado_stitch_proj_6_3d1qz3/ip/verilog/rtl_ops/MVAU_hls_2/MVAU_hls_2_memstream_wrapper.v" into library work
[2025-11-02 22:28:36,177] INFO: [VRFC 10-311] analyzing module MVAU_hls_2_memstream_wrapper
[2025-11-02 22:28:36,177] INFO: [VRFC 10-2263] Analyzing SystemVerilog file "/tmp/finn_dev_changhong/vivado_stitch_proj_6_3d1qz3/ip/verilog/rtl_ops/MVAU_hls_2/axilite.sv" into library work
[2025-11-02 22:28:36,177] INFO: [VRFC 10-311] analyzing module axilite
[2025-11-02 22:28:36,177] WARNING: [VRFC 10-3467] initial value of parameter 'ADDR_WIDTH' is omitted [/tmp/finn_dev_changhong/vivado_stitch_proj_6_3d1qz3/ip/verilog/rtl_ops/MVAU_hls_2/axilite.sv:33]
[2025-11-02 22:28:36,177] WARNING: [VRFC 10-3467] initial value of parameter 'DATA_WIDTH' is omitted [/tmp/finn_dev_changhong/vivado_stitch_proj_6_3d1qz3/ip/verilog/rtl_ops/MVAU_hls_2/axilite.sv:34]
[2025-11-02 22:28:36,177] WARNING: [VRFC 10-3467] initial value of parameter 'IP_DATA_WIDTH' is omitted [/tmp/finn_dev_changhong/vivado_stitch_proj_6_3d1qz3/ip/verilog/rtl_ops/MVAU_hls_2/axilite.sv:35]
[2025-11-02 22:28:36,177] WARNING: [VRFC 10-3380] identifier 'snk_re' is used before its declaration [/tmp/finn_dev_changhong/vivado_stitch_proj_6_3d1qz3/ip/verilog/rtl_ops/MVAU_hls_2/axilite.sv:112]
[2025-11-02 22:28:36,177] WARNING: [VRFC 10-3609] overwriting previous definition of module 'axilite' [/tmp/finn_dev_changhong/vivado_stitch_proj_6_3d1qz3/ip/verilog/rtl_ops/MVAU_hls_2/axilite.sv:32]
[2025-11-02 22:28:36,177] INFO: [VRFC 10-2263] Analyzing SystemVerilog file "/tmp/finn_dev_changhong/vivado_stitch_proj_6_3d1qz3/ip/verilog/rtl_ops/MVAU_hls_2/memstream_axi.sv" into library work
[2025-11-02 22:28:36,177] INFO: [VRFC 10-311] analyzing module memstream_axi
[2025-11-02 22:28:36,177] WARNING: [VRFC 10-3467] initial value of parameter 'SETS' is omitted [/tmp/finn_dev_changhong/vivado_stitch_proj_6_3d1qz3/ip/verilog/rtl_ops/MVAU_hls_2/memstream_axi.sv:34]
[2025-11-02 22:28:36,177] WARNING: [VRFC 10-3467] initial value of parameter 'DEPTH' is omitted [/tmp/finn_dev_changhong/vivado_stitch_proj_6_3d1qz3/ip/verilog/rtl_ops/MVAU_hls_2/memstream_axi.sv:35]
[2025-11-02 22:28:36,177] WARNING: [VRFC 10-3467] initial value of parameter 'WIDTH' is omitted [/tmp/finn_dev_changhong/vivado_stitch_proj_6_3d1qz3/ip/verilog/rtl_ops/MVAU_hls_2/memstream_axi.sv:36]
[2025-11-02 22:28:36,177] WARNING: [VRFC 10-3609] overwriting previous definition of module 'memstream_axi' [/tmp/finn_dev_changhong/vivado_stitch_proj_6_3d1qz3/ip/verilog/rtl_ops/MVAU_hls_2/memstream_axi.sv:33]
[2025-11-02 22:28:36,177] INFO: [VRFC 10-2263] Analyzing SystemVerilog file "/tmp/finn_dev_changhong/vivado_stitch_proj_6_3d1qz3/ip/verilog/rtl_ops/MVAU_hls_2/memstream.sv" into library work
[2025-11-02 22:28:36,177] INFO: [VRFC 10-311] analyzing module memstream
[2025-11-02 22:28:36,177] WARNING: [VRFC 10-3467] initial value of parameter 'SETS' is omitted [/tmp/finn_dev_changhong/vivado_stitch_proj_6_3d1qz3/ip/verilog/rtl_ops/MVAU_hls_2/memstream.sv:34]
[2025-11-02 22:28:36,177] WARNING: [VRFC 10-3467] initial value of parameter 'DEPTH' is omitted [/tmp/finn_dev_changhong/vivado_stitch_proj_6_3d1qz3/ip/verilog/rtl_ops/MVAU_hls_2/memstream.sv:35]
[2025-11-02 22:28:36,177] WARNING: [VRFC 10-3467] initial value of parameter 'WIDTH' is omitted [/tmp/finn_dev_changhong/vivado_stitch_proj_6_3d1qz3/ip/verilog/rtl_ops/MVAU_hls_2/memstream.sv:36]
[2025-11-02 22:28:36,177] WARNING: [VRFC 10-3609] overwriting previous definition of module 'memstream' [/tmp/finn_dev_changhong/vivado_stitch_proj_6_3d1qz3/ip/verilog/rtl_ops/MVAU_hls_2/memstream.sv:33]
[2025-11-02 22:28:36,177] INFO: [VRFC 10-2263] Analyzing Verilog file "/tmp/finn_dev_changhong/code_gen_ipgen_StreamingFIFO_rtl_5_5yiyngsl/Q_srl.v" into library work
[2025-11-02 22:28:36,177] INFO: [VRFC 10-311] analyzing module Q_srl
[2025-11-02 22:28:36,177] WARNING: [VRFC 10-3609] overwriting previous definition of module 'Q_srl' [/tmp/finn_dev_changhong/code_gen_ipgen_StreamingFIFO_rtl_5_5yiyngsl/Q_srl.v:72]
[2025-11-02 22:28:36,177] INFO: [VRFC 10-2263] Analyzing Verilog file "/tmp/finn_dev_changhong/code_gen_ipgen_StreamingFIFO_rtl_5_5yiyngsl/StreamingFIFO_rtl_5.v" into library work
[2025-11-02 22:28:36,177] INFO: [VRFC 10-311] analyzing module StreamingFIFO_rtl_5
[2025-11-02 22:28:36,177] INFO: [VRFC 10-2263] Analyzing Verilog file "/tmp/finn_dev_changhong/vivado_stitch_proj_6_3d1qz3/ip/verilog/rtl_ops/MVAU_hls_3/MVAU_hls_3_memstream_wrapper.v" into library work
[2025-11-02 22:28:36,177] INFO: [VRFC 10-311] analyzing module MVAU_hls_3_memstream_wrapper
[2025-11-02 22:28:36,177] INFO: [VRFC 10-2263] Analyzing SystemVerilog file "/tmp/finn_dev_changhong/vivado_stitch_proj_6_3d1qz3/ip/verilog/rtl_ops/MVAU_hls_3/axilite.sv" into library work
[2025-11-02 22:28:36,177] INFO: [VRFC 10-311] analyzing module axilite
[2025-11-02 22:28:36,177] WARNING: [VRFC 10-3467] initial value of parameter 'ADDR_WIDTH' is omitted [/tmp/finn_dev_changhong/vivado_stitch_proj_6_3d1qz3/ip/verilog/rtl_ops/MVAU_hls_3/axilite.sv:33]
[2025-11-02 22:28:36,177] WARNING: [VRFC 10-3467] initial value of parameter 'DATA_WIDTH' is omitted [/tmp/finn_dev_changhong/vivado_stitch_proj_6_3d1qz3/ip/verilog/rtl_ops/MVAU_hls_3/axilite.sv:34]
[2025-11-02 22:28:36,177] WARNING: [VRFC 10-3467] initial value of parameter 'IP_DATA_WIDTH' is omitted [/tmp/finn_dev_changhong/vivado_stitch_proj_6_3d1qz3/ip/verilog/rtl_ops/MVAU_hls_3/axilite.sv:35]
[2025-11-02 22:28:36,177] WARNING: [VRFC 10-3380] identifier 'snk_re' is used before its declaration [/tmp/finn_dev_changhong/vivado_stitch_proj_6_3d1qz3/ip/verilog/rtl_ops/MVAU_hls_3/axilite.sv:112]
[2025-11-02 22:28:36,177] WARNING: [VRFC 10-3609] overwriting previous definition of module 'axilite' [/tmp/finn_dev_changhong/vivado_stitch_proj_6_3d1qz3/ip/verilog/rtl_ops/MVAU_hls_3/axilite.sv:32]
[2025-11-02 22:28:36,177] INFO: [VRFC 10-2263] Analyzing SystemVerilog file "/tmp/finn_dev_changhong/vivado_stitch_proj_6_3d1qz3/ip/verilog/rtl_ops/MVAU_hls_3/memstream_axi.sv" into library work
[2025-11-02 22:28:36,177] INFO: [VRFC 10-311] analyzing module memstream_axi
[2025-11-02 22:28:36,177] WARNING: [VRFC 10-3467] initial value of parameter 'SETS' is omitted [/tmp/finn_dev_changhong/vivado_stitch_proj_6_3d1qz3/ip/verilog/rtl_ops/MVAU_hls_3/memstream_axi.sv:34]
[2025-11-02 22:28:36,177] WARNING: [VRFC 10-3467] initial value of parameter 'DEPTH' is omitted [/tmp/finn_dev_changhong/vivado_stitch_proj_6_3d1qz3/ip/verilog/rtl_ops/MVAU_hls_3/memstream_axi.sv:35]
[2025-11-02 22:28:36,177] WARNING: [VRFC 10-3467] initial value of parameter 'WIDTH' is omitted [/tmp/finn_dev_changhong/vivado_stitch_proj_6_3d1qz3/ip/verilog/rtl_ops/MVAU_hls_3/memstream_axi.sv:36]
[2025-11-02 22:28:36,177] WARNING: [VRFC 10-3609] overwriting previous definition of module 'memstream_axi' [/tmp/finn_dev_changhong/vivado_stitch_proj_6_3d1qz3/ip/verilog/rtl_ops/MVAU_hls_3/memstream_axi.sv:33]
[2025-11-02 22:28:36,177] INFO: [VRFC 10-2263] Analyzing SystemVerilog file "/tmp/finn_dev_changhong/vivado_stitch_proj_6_3d1qz3/ip/verilog/rtl_ops/MVAU_hls_3/memstream.sv" into library work
[2025-11-02 22:28:36,177] INFO: [VRFC 10-311] analyzing module memstream
[2025-11-02 22:28:36,177] WARNING: [VRFC 10-3467] initial value of parameter 'SETS' is omitted [/tmp/finn_dev_changhong/vivado_stitch_proj_6_3d1qz3/ip/verilog/rtl_ops/MVAU_hls_3/memstream.sv:34]
[2025-11-02 22:28:36,177] WARNING: [VRFC 10-3467] initial value of parameter 'DEPTH' is omitted [/tmp/finn_dev_changhong/vivado_stitch_proj_6_3d1qz3/ip/verilog/rtl_ops/MVAU_hls_3/memstream.sv:35]
[2025-11-02 22:28:36,177] WARNING: [VRFC 10-3467] initial value of parameter 'WIDTH' is omitted [/tmp/finn_dev_changhong/vivado_stitch_proj_6_3d1qz3/ip/verilog/rtl_ops/MVAU_hls_3/memstream.sv:36]
[2025-11-02 22:28:36,177] WARNING: [VRFC 10-3609] overwriting previous definition of module 'memstream' [/tmp/finn_dev_changhong/vivado_stitch_proj_6_3d1qz3/ip/verilog/rtl_ops/MVAU_hls_3/memstream.sv:33]
[2025-11-02 22:28:36,177] INFO: [VRFC 10-2263] Analyzing Verilog file "/tmp/finn_dev_changhong/code_gen_ipgen_StreamingFIFO_rtl_6_fdafgxmt/Q_srl.v" into library work
[2025-11-02 22:28:36,177] INFO: [VRFC 10-311] analyzing module Q_srl
[2025-11-02 22:28:36,177] WARNING: [VRFC 10-3609] overwriting previous definition of module 'Q_srl' [/tmp/finn_dev_changhong/code_gen_ipgen_StreamingFIFO_rtl_6_fdafgxmt/Q_srl.v:72]
[2025-11-02 22:28:36,177] INFO: [VRFC 10-2263] Analyzing Verilog file "/tmp/finn_dev_changhong/code_gen_ipgen_StreamingFIFO_rtl_6_fdafgxmt/StreamingFIFO_rtl_6.v" into library work
[2025-11-02 22:28:36,177] INFO: [VRFC 10-311] analyzing module StreamingFIFO_rtl_6
[2025-11-02 22:28:36,177] INFO: [VRFC 10-2263] Analyzing Verilog file "/tmp/finn_dev_changhong/vivado_stitch_proj_6_3d1qz3/finn_vivado_stitch_proj.gen/sources_1/bd/finn_design/hdl/finn_design_wrapper.v" into library work
[2025-11-02 22:28:36,177] INFO: [VRFC 10-311] analyzing module finn_design_wrapper
[2025-11-02 22:28:36,177] Starting static elaboration
[2025-11-02 22:28:36,177] Pass Through NonSizing Optimizer
[2025-11-02 22:28:36,177] WARNING: [VRFC 10-3091] actual bit length 32 differs from formal bit length 6 for port 'config_address' [/tmp/finn_dev_changhong/vivado_stitch_proj_6_3d1qz3/ip/verilog/rtl_ops/MVAU_hls_3/memstream_axi.sv:164]
[2025-11-02 22:28:36,177] WARNING: [VRFC 10-3091] actual bit length 1200 differs from formal bit length 1 for port 'sidx' [/tmp/finn_dev_changhong/vivado_stitch_proj_6_3d1qz3/ip/verilog/rtl_ops/MVAU_hls_3/memstream_axi.sv:171]
[2025-11-02 22:28:36,177] Completed static elaboration
[2025-11-02 22:28:36,177] Starting simulation data flow analysis
[2025-11-02 22:28:36,177] WARNING: [XSIM 43-4099] "/tmp/finn_dev_changhong/vivado_stitch_proj_6_3d1qz3/finn_vivado_stitch_proj.gen/sources_1/bd/finn_design/ip/finn_design_MVAU_hls_0_0/synth/finn_design_MVAU_hls_0_0.v" Line 53. Module finn_design_MVAU_hls_0_0 doesn't have a timescale but at least one module in design has a timescale.
[2025-11-02 22:28:36,177] WARNING: [XSIM 43-4099] "/tmp/finn_dev_changhong/vivado_stitch_proj_6_3d1qz3/finn_vivado_stitch_proj.gen/sources_1/bd/finn_design/ip/finn_design_MVAU_hls_0_wstrm_0/synth/finn_design_MVAU_hls_0_wstrm_0.v" Line 53. Module finn_design_MVAU_hls_0_wstrm_0 doesn't have a timescale but at least one module in design has a timescale.
[2025-11-02 22:28:36,177] WARNING: [XSIM 43-4099] "/tmp/finn_dev_changhong/vivado_stitch_proj_6_3d1qz3/ip/verilog/rtl_ops/MVAU_hls_0/MVAU_hls_0_memstream_wrapper.v" Line 32. Module MVAU_hls_0_memstream_wrapper(AXILITE_ADDR_WIDTH=14,SET_BITS=1) doesn't have a timescale but at least one module in design has a timescale.
[2025-11-02 22:28:36,177] WARNING: [XSIM 43-4099] "/tmp/finn_dev_changhong/vivado_stitch_proj_6_3d1qz3/ip/verilog/rtl_ops/MVAU_hls_3/memstream_axi.sv" Line 33. Module memstream_axi(SETS=32'b01,DEPTH=32'b01000000,WIDTH=32'b010010110000,INIT_FILE="/tmp/finn_dev_changhong/code_gen_ipgen_MVAU_hls_0_9ctvigng/memblock.dat",PUMPED_MEMORY=1'b0) doesn't have a timescale but at least one module in design has a timescale.
[2025-11-02 22:28:36,177] WARNING: [XSIM 43-4099] "/tmp/finn_dev_changhong/vivado_stitch_proj_6_3d1qz3/ip/verilog/rtl_ops/MVAU_hls_3/axilite.sv" Line 32. Module axilite(ADDR_WIDTH=32'b01110,DATA_WIDTH=32'b0100000,IP_DATA_WIDTH=32'b010010110000) doesn't have a timescale but at least one module in design has a timescale.
[2025-11-02 22:28:36,177] WARNING: [XSIM 43-4099] "/tmp/finn_dev_changhong/vivado_stitch_proj_6_3d1qz3/ip/verilog/rtl_ops/MVAU_hls_3/memstream.sv" Line 33. Module memstream(SETS=32'b01,DEPTH=32'b01000000,WIDTH=32'b010010110000,INIT_FILE="/tmp/finn_dev_changhong/code_gen_ipgen_MVAU_hls_0_9ctvigng/memblock.dat") doesn't have a timescale but at least one module in design has a timescale.
[2025-11-02 22:28:36,177] WARNING: [XSIM 43-4099] "/tmp/finn_dev_changhong/vivado_stitch_proj_6_3d1qz3/finn_vivado_stitch_proj.gen/sources_1/bd/finn_design/ip/finn_design_MVAU_hls_1_0/synth/finn_design_MVAU_hls_1_0.v" Line 53. Module finn_design_MVAU_hls_1_0 doesn't have a timescale but at least one module in design has a timescale.
[2025-11-02 22:28:36,177] WARNING: [XSIM 43-4099] "/tmp/finn_dev_changhong/vivado_stitch_proj_6_3d1qz3/finn_vivado_stitch_proj.gen/sources_1/bd/finn_design/ip/finn_design_MVAU_hls_1_wstrm_0/synth/finn_design_MVAU_hls_1_wstrm_0.v" Line 53. Module finn_design_MVAU_hls_1_wstrm_0 doesn't have a timescale but at least one module in design has a timescale.
[2025-11-02 22:28:36,177] WARNING: [XSIM 43-4099] "/tmp/finn_dev_changhong/vivado_stitch_proj_6_3d1qz3/ip/verilog/rtl_ops/MVAU_hls_1/MVAU_hls_1_memstream_wrapper.v" Line 32. Module MVAU_hls_1_memstream_wrapper(AXILITE_ADDR_WIDTH=10,SET_BITS=1) doesn't have a timescale but at least one module in design has a timescale.
[2025-11-02 22:28:36,177] WARNING: [XSIM 43-4099] "/tmp/finn_dev_changhong/vivado_stitch_proj_6_3d1qz3/ip/verilog/rtl_ops/MVAU_hls_3/memstream_axi.sv" Line 33. Module memstream_axi(SETS=32'b01,DEPTH=32'b01000000,WIDTH=32'b010000000,INIT_FILE="/tmp/finn_dev_changhong/code_gen_ipgen_MVAU_hls_1_kd8vljfx/memblock.dat",PUMPED_MEMORY=1'b0) doesn't have a timescale but at least one module in design has a timescale.
[2025-11-02 22:28:36,177] WARNING: [XSIM 43-4099] "/tmp/finn_dev_changhong/vivado_stitch_proj_6_3d1qz3/ip/verilog/rtl_ops/MVAU_hls_3/axilite.sv" Line 32. Module axilite(ADDR_WIDTH=32'b01010,DATA_WIDTH=32'b0100000,IP_DATA_WIDTH=32'b010000000) doesn't have a timescale but at least one module in design has a timescale.
[2025-11-02 22:28:36,177] WARNING: [XSIM 43-4099] "/tmp/finn_dev_changhong/vivado_stitch_proj_6_3d1qz3/ip/verilog/rtl_ops/MVAU_hls_3/memstream.sv" Line 33. Module memstream(SETS=32'b01,DEPTH=32'b01000000,WIDTH=32'b010000000,INIT_FILE="/tmp/finn_dev_changhong/code_gen_ipgen_MVAU_hls_1_kd8vljfx/memblock.dat") doesn't have a timescale but at least one module in design has a timescale.
[2025-11-02 22:28:36,177] WARNING: [XSIM 43-4099] "/tmp/finn_dev_changhong/vivado_stitch_proj_6_3d1qz3/finn_vivado_stitch_proj.gen/sources_1/bd/finn_design/ip/finn_design_MVAU_hls_2_0/synth/finn_design_MVAU_hls_2_0.v" Line 53. Module finn_design_MVAU_hls_2_0 doesn't have a timescale but at least one module in design has a timescale.
[2025-11-02 22:28:36,177] WARNING: [XSIM 43-4099] "/tmp/finn_dev_changhong/vivado_stitch_proj_6_3d1qz3/finn_vivado_stitch_proj.gen/sources_1/bd/finn_design/ip/finn_design_MVAU_hls_2_wstrm_0/synth/finn_design_MVAU_hls_2_wstrm_0.v" Line 53. Module finn_design_MVAU_hls_2_wstrm_0 doesn't have a timescale but at least one module in design has a timescale.
[2025-11-02 22:28:36,177] WARNING: [XSIM 43-4099] "/tmp/finn_dev_changhong/vivado_stitch_proj_6_3d1qz3/ip/verilog/rtl_ops/MVAU_hls_2/MVAU_hls_2_memstream_wrapper.v" Line 32. Module MVAU_hls_2_memstream_wrapper(AXILITE_ADDR_WIDTH=10,SET_BITS=1) doesn't have a timescale but at least one module in design has a timescale.
[2025-11-02 22:28:36,177] WARNING: [XSIM 43-4099] "/tmp/finn_dev_changhong/vivado_stitch_proj_6_3d1qz3/ip/verilog/rtl_ops/MVAU_hls_3/memstream_axi.sv" Line 33. Module memstream_axi(SETS=32'b01,DEPTH=32'b01000000,WIDTH=32'b010000000,INIT_FILE="/tmp/finn_dev_changhong/code_gen_ipgen_MVAU_hls_2_onqpjtnk/memblock.dat",PUMPED_MEMORY=1'b0) doesn't have a timescale but at least one module in design has a timescale.
[2025-11-02 22:28:36,177] WARNING: [XSIM 43-4099] "/tmp/finn_dev_changhong/vivado_stitch_proj_6_3d1qz3/ip/verilog/rtl_ops/MVAU_hls_3/axilite.sv" Line 32. Module axilite(ADDR_WIDTH=32'b01010,DATA_WIDTH=32'b0100000,IP_DATA_WIDTH=32'b010000000) doesn't have a timescale but at least one module in design has a timescale.
[2025-11-02 22:28:36,177] WARNING: [XSIM 43-4099] "/tmp/finn_dev_changhong/vivado_stitch_proj_6_3d1qz3/ip/verilog/rtl_ops/MVAU_hls_3/memstream.sv" Line 33. Module memstream(SETS=32'b01,DEPTH=32'b01000000,WIDTH=32'b010000000,INIT_FILE="/tmp/finn_dev_changhong/code_gen_ipgen_MVAU_hls_2_onqpjtnk/memblock.dat") doesn't have a timescale but at least one module in design has a timescale.
[2025-11-02 22:28:36,177] WARNING: [XSIM 43-4099] "/tmp/finn_dev_changhong/vivado_stitch_proj_6_3d1qz3/finn_vivado_stitch_proj.gen/sources_1/bd/finn_design/ip/finn_design_MVAU_hls_3_0/synth/finn_design_MVAU_hls_3_0.v" Line 53. Module finn_design_MVAU_hls_3_0 doesn't have a timescale but at least one module in design has a timescale.
[2025-11-02 22:28:36,177] WARNING: [XSIM 43-4099] "/tmp/finn_dev_changhong/vivado_stitch_proj_6_3d1qz3/finn_vivado_stitch_proj.gen/sources_1/bd/finn_design/ip/finn_design_MVAU_hls_3_wstrm_0/synth/finn_design_MVAU_hls_3_wstrm_0.v" Line 53. Module finn_design_MVAU_hls_3_wstrm_0 doesn't have a timescale but at least one module in design has a timescale.
[2025-11-02 22:28:36,177] WARNING: [XSIM 43-4099] "/tmp/finn_dev_changhong/vivado_stitch_proj_6_3d1qz3/ip/verilog/rtl_ops/MVAU_hls_3/MVAU_hls_3_memstream_wrapper.v" Line 32. Module MVAU_hls_3_memstream_wrapper(AXILITE_ADDR_WIDTH=8,SET_BITS=1) doesn't have a timescale but at least one module in design has a timescale.
[2025-11-02 22:28:36,178] WARNING: [XSIM 43-4099] "/tmp/finn_dev_changhong/vivado_stitch_proj_6_3d1qz3/ip/verilog/rtl_ops/MVAU_hls_3/memstream_axi.sv" Line 33. Module memstream_axi(SETS=32'b01,DEPTH=32'b01000000,WIDTH=32'b01000,INIT_FILE="/tmp/finn_dev_changhong/code_gen_ipgen_MVAU_hls_3_q2bv6_fb/memblock.dat",PUMPED_MEMORY=1'b0) doesn't have a timescale but at least one module in design has a timescale.
[2025-11-02 22:28:36,178] WARNING: [XSIM 43-4099] "/tmp/finn_dev_changhong/vivado_stitch_proj_6_3d1qz3/ip/verilog/rtl_ops/MVAU_hls_3/axilite.sv" Line 32. Module axilite(ADDR_WIDTH=32'b01000,DATA_WIDTH=32'b0100000,IP_DATA_WIDTH=32'b01000) doesn't have a timescale but at least one module in design has a timescale.
[2025-11-02 22:28:36,178] WARNING: [XSIM 43-4099] "/tmp/finn_dev_changhong/vivado_stitch_proj_6_3d1qz3/ip/verilog/rtl_ops/MVAU_hls_3/memstream.sv" Line 33. Module memstream(SETS=32'b01,DEPTH=32'b01000000,WIDTH=32'b01000,INIT_FILE="/tmp/finn_dev_changhong/code_gen_ipgen_MVAU_hls_3_q2bv6_fb/memblock.dat") doesn't have a timescale but at least one module in design has a timescale.
[2025-11-02 22:28:36,178] WARNING: [XSIM 43-4099] "/tmp/finn_dev_changhong/code_gen_ipgen_StreamingDataWidthConverter_rtl_0_tch0u0dd/StreamingDataWidthConverter_rtl_0.v" Line 32. Module StreamingDataWidthConverter_rtl_0(AXI_IBITS=8,AXI_OBITS=128) doesn't have a timescale but at least one module in design has a timescale.
[2025-11-02 22:28:36,178] WARNING: [XSIM 43-4099] "/tmp/finn_dev_changhong/code_gen_ipgen_StreamingDataWidthConverter_rtl_1_0yh_i5l0/dwc_axi.sv" Line 34. Module dwc_axi(IBITS=32'b010,OBITS=32'b010000000) doesn't have a timescale but at least one module in design has a timescale.
[2025-11-02 22:28:36,178] WARNING: [XSIM 43-4099] "/tmp/finn_dev_changhong/code_gen_ipgen_StreamingDataWidthConverter_rtl_1_0yh_i5l0/dwc.sv" Line 34. Module dwc(IBITS=32'b010,OBITS=32'b010000000) doesn't have a timescale but at least one module in design has a timescale.
[2025-11-02 22:28:36,178] WARNING: [XSIM 43-4099] "/tmp/finn_dev_changhong/code_gen_ipgen_StreamingDataWidthConverter_rtl_1_0yh_i5l0/StreamingDataWidthConverter_rtl_1.v" Line 32. Module StreamingDataWidthConverter_rtl_1(AXI_IBITS=8,AXI_OBITS=128) doesn't have a timescale but at least one module in design has a timescale.
[2025-11-02 22:28:36,178] WARNING: [XSIM 43-4099] "/tmp/finn_dev_changhong/code_gen_ipgen_StreamingDataWidthConverter_rtl_1_0yh_i5l0/dwc_axi.sv" Line 34. Module dwc_axi(IBITS=32'b010,OBITS=32'b010000000) doesn't have a timescale but at least one module in design has a timescale.
[2025-11-02 22:28:36,178] WARNING: [XSIM 43-4099] "/tmp/finn_dev_changhong/code_gen_ipgen_StreamingDataWidthConverter_rtl_1_0yh_i5l0/dwc.sv" Line 34. Module dwc(IBITS=32'b010,OBITS=32'b010000000) doesn't have a timescale but at least one module in design has a timescale.
[2025-11-02 22:28:36,178] WARNING: [XSIM 43-4099] "/tmp/finn_dev_changhong/vivado_stitch_proj_6_3d1qz3/finn_vivado_stitch_proj.gen/sources_1/bd/finn_design/ip/finn_design_StreamingFIFO_rtl_0_0/synth/finn_design_StreamingFIFO_rtl_0_0.v" Line 53. Module finn_design_StreamingFIFO_rtl_0_0 doesn't have a timescale but at least one module in design has a timescale.
[2025-11-02 22:28:36,178] WARNING: [XSIM 43-4099] "/tmp/finn_dev_changhong/code_gen_ipgen_StreamingFIFO_rtl_0_b9ykx53t/StreamingFIFO_rtl_0.v" Line 32. Module StreamingFIFO_rtl_0 doesn't have a timescale but at least one module in design has a timescale.
[2025-11-02 22:28:36,178] WARNING: [XSIM 43-4099] "/tmp/finn_dev_changhong/code_gen_ipgen_StreamingFIFO_rtl_6_fdafgxmt/Q_srl.v" Line 72. Module Q_srl(depth=2,width=600) doesn't have a timescale but at least one module in design has a timescale.
[2025-11-02 22:28:36,178] WARNING: [XSIM 43-4099] "/tmp/finn_dev_changhong/vivado_stitch_proj_6_3d1qz3/finn_vivado_stitch_proj.gen/sources_1/bd/finn_design/ip/finn_design_StreamingFIFO_rtl_1_0/synth/finn_design_StreamingFIFO_rtl_1_0.v" Line 53. Module finn_design_StreamingFIFO_rtl_1_0 doesn't have a timescale but at least one module in design has a timescale.
[2025-11-02 22:28:36,178] WARNING: [XSIM 43-4099] "/tmp/finn_dev_changhong/code_gen_ipgen_StreamingFIFO_rtl_1_od4x04e5/StreamingFIFO_rtl_1.v" Line 32. Module StreamingFIFO_rtl_1 doesn't have a timescale but at least one module in design has a timescale.
[2025-11-02 22:28:36,178] WARNING: [XSIM 43-4099] "/tmp/finn_dev_changhong/code_gen_ipgen_StreamingFIFO_rtl_6_fdafgxmt/Q_srl.v" Line 72. Module Q_srl(depth=2,width=8) doesn't have a timescale but at least one module in design has a timescale.
[2025-11-02 22:28:36,178] WARNING: [XSIM 43-4099] "/tmp/finn_dev_changhong/vivado_stitch_proj_6_3d1qz3/finn_vivado_stitch_proj.gen/sources_1/bd/finn_design/ip/finn_design_StreamingFIFO_rtl_2_0/synth/finn_design_StreamingFIFO_rtl_2_0.v" Line 53. Module finn_design_StreamingFIFO_rtl_2_0 doesn't have a timescale but at least one module in design has a timescale.
[2025-11-02 22:28:36,178] WARNING: [XSIM 43-4099] "/tmp/finn_dev_changhong/code_gen_ipgen_StreamingFIFO_rtl_2_mlp5qyly/StreamingFIFO_rtl_2.v" Line 32. Module StreamingFIFO_rtl_2 doesn't have a timescale but at least one module in design has a timescale.
[2025-11-02 22:28:36,178] WARNING: [XSIM 43-4099] "/tmp/finn_dev_changhong/code_gen_ipgen_StreamingFIFO_rtl_6_fdafgxmt/Q_srl.v" Line 72. Module Q_srl(depth=2,width=128) doesn't have a timescale but at least one module in design has a timescale.
[2025-11-02 22:28:36,178] WARNING: [XSIM 43-4099] "/tmp/finn_dev_changhong/vivado_stitch_proj_6_3d1qz3/finn_vivado_stitch_proj.gen/sources_1/bd/finn_design/ip/finn_design_StreamingFIFO_rtl_3_0/synth/finn_design_StreamingFIFO_rtl_3_0.v" Line 53. Module finn_design_StreamingFIFO_rtl_3_0 doesn't have a timescale but at least one module in design has a timescale.
[2025-11-02 22:28:36,178] WARNING: [XSIM 43-4099] "/tmp/finn_dev_changhong/code_gen_ipgen_StreamingFIFO_rtl_3_vz0433ka/StreamingFIFO_rtl_3.v" Line 32. Module StreamingFIFO_rtl_3 doesn't have a timescale but at least one module in design has a timescale.
[2025-11-02 22:28:36,178] WARNING: [XSIM 43-4099] "/tmp/finn_dev_changhong/code_gen_ipgen_StreamingFIFO_rtl_6_fdafgxmt/Q_srl.v" Line 72. Module Q_srl(depth=2,width=8) doesn't have a timescale but at least one module in design has a timescale.
[2025-11-02 22:28:36,178] WARNING: [XSIM 43-4099] "/tmp/finn_dev_changhong/vivado_stitch_proj_6_3d1qz3/finn_vivado_stitch_proj.gen/sources_1/bd/finn_design/ip/finn_design_StreamingFIFO_rtl_4_0/synth/finn_design_StreamingFIFO_rtl_4_0.v" Line 53. Module finn_design_StreamingFIFO_rtl_4_0 doesn't have a timescale but at least one module in design has a timescale.
[2025-11-02 22:28:36,178] WARNING: [XSIM 43-4099] "/tmp/finn_dev_changhong/code_gen_ipgen_StreamingFIFO_rtl_4_yr0wx9vg/StreamingFIFO_rtl_4.v" Line 32. Module StreamingFIFO_rtl_4 doesn't have a timescale but at least one module in design has a timescale.
[2025-11-02 22:28:36,178] WARNING: [XSIM 43-4099] "/tmp/finn_dev_changhong/code_gen_ipgen_StreamingFIFO_rtl_6_fdafgxmt/Q_srl.v" Line 72. Module Q_srl(depth=2,width=128) doesn't have a timescale but at least one module in design has a timescale.
[2025-11-02 22:28:36,178] WARNING: [XSIM 43-4099] "/tmp/finn_dev_changhong/vivado_stitch_proj_6_3d1qz3/finn_vivado_stitch_proj.gen/sources_1/bd/finn_design/ip/finn_design_StreamingFIFO_rtl_5_0/synth/finn_design_StreamingFIFO_rtl_5_0.v" Line 53. Module finn_design_StreamingFIFO_rtl_5_0 doesn't have a timescale but at least one module in design has a timescale.
[2025-11-02 22:28:36,178] WARNING: [XSIM 43-4099] "/tmp/finn_dev_changhong/code_gen_ipgen_StreamingFIFO_rtl_5_5yiyngsl/StreamingFIFO_rtl_5.v" Line 32. Module StreamingFIFO_rtl_5 doesn't have a timescale but at least one module in design has a timescale.
[2025-11-02 22:28:36,178] WARNING: [XSIM 43-4099] "/tmp/finn_dev_changhong/code_gen_ipgen_StreamingFIFO_rtl_6_fdafgxmt/Q_srl.v" Line 72. Module Q_srl(depth=64,width=8) doesn't have a timescale but at least one module in design has a timescale.
[2025-11-02 22:28:36,178] WARNING: [XSIM 43-4099] "/tmp/finn_dev_changhong/vivado_stitch_proj_6_3d1qz3/finn_vivado_stitch_proj.gen/sources_1/bd/finn_design/ip/finn_design_StreamingFIFO_rtl_6_0/synth/finn_design_StreamingFIFO_rtl_6_0.v" Line 53. Module finn_design_StreamingFIFO_rtl_6_0 doesn't have a timescale but at least one module in design has a timescale.
[2025-11-02 22:28:36,178] WARNING: [XSIM 43-4099] "/tmp/finn_dev_changhong/code_gen_ipgen_StreamingFIFO_rtl_6_fdafgxmt/StreamingFIFO_rtl_6.v" Line 32. Module StreamingFIFO_rtl_6 doesn't have a timescale but at least one module in design has a timescale.
[2025-11-02 22:28:36,178] WARNING: [XSIM 43-4099] "/tmp/finn_dev_changhong/code_gen_ipgen_StreamingFIFO_rtl_6_fdafgxmt/Q_srl.v" Line 72. Module Q_srl(depth=64,width=8) doesn't have a timescale but at least one module in design has a timescale.
[2025-11-02 22:28:36,178] WARNING: [XSIM 43-4099] "/tmp/finn_dev_changhong/vivado_stitch_proj_6_3d1qz3/finn_vivado_stitch_proj.gen/sources_1/bd/finn_design/ip/finn_design_MVAU_hls_0_0/synth/finn_design_MVAU_hls_0_0.v" Line 53. Module finn_design_MVAU_hls_0_0 doesn't have a timescale but at least one module in design has a timescale.
[2025-11-02 22:28:36,178] WARNING: [XSIM 43-4099] "/tmp/finn_dev_changhong/vivado_stitch_proj_6_3d1qz3/finn_vivado_stitch_proj.gen/sources_1/bd/finn_design/ip/finn_design_MVAU_hls_0_wstrm_0/synth/finn_design_MVAU_hls_0_wstrm_0.v" Line 53. Module finn_design_MVAU_hls_0_wstrm_0 doesn't have a timescale but at least one module in design has a timescale.
[2025-11-02 22:28:36,178] WARNING: [XSIM 43-4099] "/tmp/finn_dev_changhong/vivado_stitch_proj_6_3d1qz3/ip/verilog/rtl_ops/MVAU_hls_0/MVAU_hls_0_memstream_wrapper.v" Line 32. Module MVAU_hls_0_memstream_wrapper(AXILITE_ADDR_WIDTH=14,SET_BITS=1) doesn't have a timescale but at least one module in design has a timescale.
[2025-11-02 22:28:36,178] WARNING: [XSIM 43-4099] "/tmp/finn_dev_changhong/vivado_stitch_proj_6_3d1qz3/ip/verilog/rtl_ops/MVAU_hls_3/memstream_axi.sv" Line 33. Module memstream_axi(SETS=32'b01,DEPTH=32'b01000000,WIDTH=32'b010010110000,INIT_FILE="/tmp/finn_dev_changhong/code_gen_ipgen_MVAU_hls_0_9ctvigng/memblock.dat",PUMPED_MEMORY=1'b0) doesn't have a timescale but at least one module in design has a timescale.
[2025-11-02 22:28:36,178] WARNING: [XSIM 43-4099] "/tmp/finn_dev_changhong/vivado_stitch_proj_6_3d1qz3/ip/verilog/rtl_ops/MVAU_hls_3/axilite.sv" Line 32. Module axilite(ADDR_WIDTH=32'b01110,DATA_WIDTH=32'b0100000,IP_DATA_WIDTH=32'b010010110000) doesn't have a timescale but at least one module in design has a timescale.
[2025-11-02 22:28:36,178] WARNING: [XSIM 43-4099] "/tmp/finn_dev_changhong/vivado_stitch_proj_6_3d1qz3/ip/verilog/rtl_ops/MVAU_hls_3/memstream.sv" Line 33. Module memstream(SETS=32'b01,DEPTH=32'b01000000,WIDTH=32'b010010110000,INIT_FILE="/tmp/finn_dev_changhong/code_gen_ipgen_MVAU_hls_0_9ctvigng/memblock.dat") doesn't have a timescale but at least one module in design has a timescale.
[2025-11-02 22:28:36,178] WARNING: [XSIM 43-4099] "/tmp/finn_dev_changhong/vivado_stitch_proj_6_3d1qz3/finn_vivado_stitch_proj.gen/sources_1/bd/finn_design/ip/finn_design_MVAU_hls_1_0/synth/finn_design_MVAU_hls_1_0.v" Line 53. Module finn_design_MVAU_hls_1_0 doesn't have a timescale but at least one module in design has a timescale.
[2025-11-02 22:28:36,178] WARNING: [XSIM 43-4099] "/tmp/finn_dev_changhong/vivado_stitch_proj_6_3d1qz3/finn_vivado_stitch_proj.gen/sources_1/bd/finn_design/ip/finn_design_MVAU_hls_1_wstrm_0/synth/finn_design_MVAU_hls_1_wstrm_0.v" Line 53. Module finn_design_MVAU_hls_1_wstrm_0 doesn't have a timescale but at least one module in design has a timescale.
[2025-11-02 22:28:36,178] WARNING: [XSIM 43-4099] "/tmp/finn_dev_changhong/vivado_stitch_proj_6_3d1qz3/ip/verilog/rtl_ops/MVAU_hls_1/MVAU_hls_1_memstream_wrapper.v" Line 32. Module MVAU_hls_1_memstream_wrapper(AXILITE_ADDR_WIDTH=10,SET_BITS=1) doesn't have a timescale but at least one module in design has a timescale.
[2025-11-02 22:28:36,178] WARNING: [XSIM 43-4099] "/tmp/finn_dev_changhong/vivado_stitch_proj_6_3d1qz3/ip/verilog/rtl_ops/MVAU_hls_3/memstream_axi.sv" Line 33. Module memstream_axi(SETS=32'b01,DEPTH=32'b01000000,WIDTH=32'b010000000,INIT_FILE="/tmp/finn_dev_changhong/code_gen_ipgen_MVAU_hls_1_kd8vljfx/memblock.dat",PUMPED_MEMORY=1'b0) doesn't have a timescale but at least one module in design has a timescale.
[2025-11-02 22:28:36,178] WARNING: [XSIM 43-4099] "/tmp/finn_dev_changhong/vivado_stitch_proj_6_3d1qz3/ip/verilog/rtl_ops/MVAU_hls_3/axilite.sv" Line 32. Module axilite(ADDR_WIDTH=32'b01010,DATA_WIDTH=32'b0100000,IP_DATA_WIDTH=32'b010000000) doesn't have a timescale but at least one module in design has a timescale.
[2025-11-02 22:28:36,178] WARNING: [XSIM 43-4099] "/tmp/finn_dev_changhong/vivado_stitch_proj_6_3d1qz3/ip/verilog/rtl_ops/MVAU_hls_3/memstream.sv" Line 33. Module memstream(SETS=32'b01,DEPTH=32'b01000000,WIDTH=32'b010000000,INIT_FILE="/tmp/finn_dev_changhong/code_gen_ipgen_MVAU_hls_1_kd8vljfx/memblock.dat") doesn't have a timescale but at least one module in design has a timescale.
[2025-11-02 22:28:36,178] WARNING: [XSIM 43-4099] "/tmp/finn_dev_changhong/vivado_stitch_proj_6_3d1qz3/finn_vivado_stitch_proj.gen/sources_1/bd/finn_design/ip/finn_design_MVAU_hls_2_0/synth/finn_design_MVAU_hls_2_0.v" Line 53. Module finn_design_MVAU_hls_2_0 doesn't have a timescale but at least one module in design has a timescale.
[2025-11-02 22:28:36,178] WARNING: [XSIM 43-4099] "/tmp/finn_dev_changhong/vivado_stitch_proj_6_3d1qz3/finn_vivado_stitch_proj.gen/sources_1/bd/finn_design/ip/finn_design_MVAU_hls_2_wstrm_0/synth/finn_design_MVAU_hls_2_wstrm_0.v" Line 53. Module finn_design_MVAU_hls_2_wstrm_0 doesn't have a timescale but at least one module in design has a timescale.
[2025-11-02 22:28:36,178] WARNING: [XSIM 43-4099] "/tmp/finn_dev_changhong/vivado_stitch_proj_6_3d1qz3/ip/verilog/rtl_ops/MVAU_hls_2/MVAU_hls_2_memstream_wrapper.v" Line 32. Module MVAU_hls_2_memstream_wrapper(AXILITE_ADDR_WIDTH=10,SET_BITS=1) doesn't have a timescale but at least one module in design has a timescale.
[2025-11-02 22:28:36,178] WARNING: [XSIM 43-4099] "/tmp/finn_dev_changhong/vivado_stitch_proj_6_3d1qz3/ip/verilog/rtl_ops/MVAU_hls_3/memstream_axi.sv" Line 33. Module memstream_axi(SETS=32'b01,DEPTH=32'b01000000,WIDTH=32'b010000000,INIT_FILE="/tmp/finn_dev_changhong/code_gen_ipgen_MVAU_hls_2_onqpjtnk/memblock.dat",PUMPED_MEMORY=1'b0) doesn't have a timescale but at least one module in design has a timescale.
[2025-11-02 22:28:36,178] WARNING: [XSIM 43-4099] "/tmp/finn_dev_changhong/vivado_stitch_proj_6_3d1qz3/ip/verilog/rtl_ops/MVAU_hls_3/axilite.sv" Line 32. Module axilite(ADDR_WIDTH=32'b01010,DATA_WIDTH=32'b0100000,IP_DATA_WIDTH=32'b010000000) doesn't have a timescale but at least one module in design has a timescale.
[2025-11-02 22:28:36,178] WARNING: [XSIM 43-4099] "/tmp/finn_dev_changhong/vivado_stitch_proj_6_3d1qz3/ip/verilog/rtl_ops/MVAU_hls_3/memstream.sv" Line 33. Module memstream(SETS=32'b01,DEPTH=32'b01000000,WIDTH=32'b010000000,INIT_FILE="/tmp/finn_dev_changhong/code_gen_ipgen_MVAU_hls_2_onqpjtnk/memblock.dat") doesn't have a timescale but at least one module in design has a timescale.
[2025-11-02 22:28:36,178] WARNING: [XSIM 43-4099] "/tmp/finn_dev_changhong/vivado_stitch_proj_6_3d1qz3/finn_vivado_stitch_proj.gen/sources_1/bd/finn_design/ip/finn_design_MVAU_hls_3_0/synth/finn_design_MVAU_hls_3_0.v" Line 53. Module finn_design_MVAU_hls_3_0 doesn't have a timescale but at least one module in design has a timescale.
[2025-11-02 22:28:36,178] WARNING: [XSIM 43-4099] "/tmp/finn_dev_changhong/vivado_stitch_proj_6_3d1qz3/finn_vivado_stitch_proj.gen/sources_1/bd/finn_design/ip/finn_design_MVAU_hls_3_wstrm_0/synth/finn_design_MVAU_hls_3_wstrm_0.v" Line 53. Module finn_design_MVAU_hls_3_wstrm_0 doesn't have a timescale but at least one module in design has a timescale.
[2025-11-02 22:28:36,178] WARNING: [XSIM 43-4099] "/tmp/finn_dev_changhong/vivado_stitch_proj_6_3d1qz3/ip/verilog/rtl_ops/MVAU_hls_3/MVAU_hls_3_memstream_wrapper.v" Line 32. Module MVAU_hls_3_memstream_wrapper(AXILITE_ADDR_WIDTH=8,SET_BITS=1) doesn't have a timescale but at least one module in design has a timescale.
[2025-11-02 22:28:36,178] WARNING: [XSIM 43-4099] "/tmp/finn_dev_changhong/vivado_stitch_proj_6_3d1qz3/ip/verilog/rtl_ops/MVAU_hls_3/memstream_axi.sv" Line 33. Module memstream_axi(SETS=32'b01,DEPTH=32'b01000000,WIDTH=32'b01000,INIT_FILE="/tmp/finn_dev_changhong/code_gen_ipgen_MVAU_hls_3_q2bv6_fb/memblock.dat",PUMPED_MEMORY=1'b0) doesn't have a timescale but at least one module in design has a timescale.
[2025-11-02 22:28:36,178] WARNING: [XSIM 43-4099] "/tmp/finn_dev_changhong/vivado_stitch_proj_6_3d1qz3/ip/verilog/rtl_ops/MVAU_hls_3/axilite.sv" Line 32. Module axilite(ADDR_WIDTH=32'b01000,DATA_WIDTH=32'b0100000,IP_DATA_WIDTH=32'b01000) doesn't have a timescale but at least one module in design has a timescale.
[2025-11-02 22:28:36,178] WARNING: [XSIM 43-4099] "/tmp/finn_dev_changhong/vivado_stitch_proj_6_3d1qz3/ip/verilog/rtl_ops/MVAU_hls_3/memstream.sv" Line 33. Module memstream(SETS=32'b01,DEPTH=32'b01000000,WIDTH=32'b01000,INIT_FILE="/tmp/finn_dev_changhong/code_gen_ipgen_MVAU_hls_3_q2bv6_fb/memblock.dat") doesn't have a timescale but at least one module in design has a timescale.
[2025-11-02 22:28:36,178] WARNING: [XSIM 43-4099] "/tmp/finn_dev_changhong/code_gen_ipgen_StreamingDataWidthConverter_rtl_0_tch0u0dd/StreamingDataWidthConverter_rtl_0.v" Line 32. Module StreamingDataWidthConverter_rtl_0(AXI_IBITS=8,AXI_OBITS=128) doesn't have a timescale but at least one module in design has a timescale.
[2025-11-02 22:28:36,178] WARNING: [XSIM 43-4099] "/tmp/finn_dev_changhong/code_gen_ipgen_StreamingDataWidthConverter_rtl_1_0yh_i5l0/dwc_axi.sv" Line 34. Module dwc_axi(IBITS=32'b010,OBITS=32'b010000000) doesn't have a timescale but at least one module in design has a timescale.
[2025-11-02 22:28:36,178] WARNING: [XSIM 43-4099] "/tmp/finn_dev_changhong/code_gen_ipgen_StreamingDataWidthConverter_rtl_1_0yh_i5l0/dwc.sv" Line 34. Module dwc(IBITS=32'b010,OBITS=32'b010000000) doesn't have a timescale but at least one module in design has a timescale.
[2025-11-02 22:28:36,178] WARNING: [XSIM 43-4099] "/tmp/finn_dev_changhong/code_gen_ipgen_StreamingDataWidthConverter_rtl_1_0yh_i5l0/StreamingDataWidthConverter_rtl_1.v" Line 32. Module StreamingDataWidthConverter_rtl_1(AXI_IBITS=8,AXI_OBITS=128) doesn't have a timescale but at least one module in design has a timescale.
[2025-11-02 22:28:36,178] WARNING: [XSIM 43-4099] "/tmp/finn_dev_changhong/code_gen_ipgen_StreamingDataWidthConverter_rtl_1_0yh_i5l0/dwc_axi.sv" Line 34. Module dwc_axi(IBITS=32'b010,OBITS=32'b010000000) doesn't have a timescale but at least one module in design has a timescale.
[2025-11-02 22:28:36,178] WARNING: [XSIM 43-4099] "/tmp/finn_dev_changhong/code_gen_ipgen_StreamingDataWidthConverter_rtl_1_0yh_i5l0/dwc.sv" Line 34. Module dwc(IBITS=32'b010,OBITS=32'b010000000) doesn't have a timescale but at least one module in design has a timescale.
[2025-11-02 22:28:36,178] WARNING: [XSIM 43-4099] "/tmp/finn_dev_changhong/vivado_stitch_proj_6_3d1qz3/finn_vivado_stitch_proj.gen/sources_1/bd/finn_design/ip/finn_design_StreamingFIFO_rtl_0_0/synth/finn_design_StreamingFIFO_rtl_0_0.v" Line 53. Module finn_design_StreamingFIFO_rtl_0_0 doesn't have a timescale but at least one module in design has a timescale.
[2025-11-02 22:28:36,178] WARNING: [XSIM 43-4099] "/tmp/finn_dev_changhong/code_gen_ipgen_StreamingFIFO_rtl_0_b9ykx53t/StreamingFIFO_rtl_0.v" Line 32. Module StreamingFIFO_rtl_0 doesn't have a timescale but at least one module in design has a timescale.
[2025-11-02 22:28:36,178] WARNING: [XSIM 43-4099] "/tmp/finn_dev_changhong/code_gen_ipgen_StreamingFIFO_rtl_6_fdafgxmt/Q_srl.v" Line 72. Module Q_srl(depth=2,width=600) doesn't have a timescale but at least one module in design has a timescale.
[2025-11-02 22:28:36,178] WARNING: [XSIM 43-4099] "/tmp/finn_dev_changhong/vivado_stitch_proj_6_3d1qz3/finn_vivado_stitch_proj.gen/sources_1/bd/finn_design/ip/finn_design_StreamingFIFO_rtl_1_0/synth/finn_design_StreamingFIFO_rtl_1_0.v" Line 53. Module finn_design_StreamingFIFO_rtl_1_0 doesn't have a timescale but at least one module in design has a timescale.
[2025-11-02 22:28:36,178] WARNING: [XSIM 43-4099] "/tmp/finn_dev_changhong/code_gen_ipgen_StreamingFIFO_rtl_1_od4x04e5/StreamingFIFO_rtl_1.v" Line 32. Module StreamingFIFO_rtl_1 doesn't have a timescale but at least one module in design has a timescale.
[2025-11-02 22:28:36,178] WARNING: [XSIM 43-4099] "/tmp/finn_dev_changhong/code_gen_ipgen_StreamingFIFO_rtl_6_fdafgxmt/Q_srl.v" Line 72. Module Q_srl(depth=2,width=8) doesn't have a timescale but at least one module in design has a timescale.
[2025-11-02 22:28:36,178] WARNING: [XSIM 43-4099] "/tmp/finn_dev_changhong/vivado_stitch_proj_6_3d1qz3/finn_vivado_stitch_proj.gen/sources_1/bd/finn_design/ip/finn_design_StreamingFIFO_rtl_2_0/synth/finn_design_StreamingFIFO_rtl_2_0.v" Line 53. Module finn_design_StreamingFIFO_rtl_2_0 doesn't have a timescale but at least one module in design has a timescale.
[2025-11-02 22:28:36,178] WARNING: [XSIM 43-4099] "/tmp/finn_dev_changhong/code_gen_ipgen_StreamingFIFO_rtl_2_mlp5qyly/StreamingFIFO_rtl_2.v" Line 32. Module StreamingFIFO_rtl_2 doesn't have a timescale but at least one module in design has a timescale.
[2025-11-02 22:28:36,178] WARNING: [XSIM 43-4099] "/tmp/finn_dev_changhong/code_gen_ipgen_StreamingFIFO_rtl_6_fdafgxmt/Q_srl.v" Line 72. Module Q_srl(depth=2,width=128) doesn't have a timescale but at least one module in design has a timescale.
[2025-11-02 22:28:36,178] WARNING: [XSIM 43-4099] "/tmp/finn_dev_changhong/vivado_stitch_proj_6_3d1qz3/finn_vivado_stitch_proj.gen/sources_1/bd/finn_design/ip/finn_design_StreamingFIFO_rtl_3_0/synth/finn_design_StreamingFIFO_rtl_3_0.v" Line 53. Module finn_design_StreamingFIFO_rtl_3_0 doesn't have a timescale but at least one module in design has a timescale.
[2025-11-02 22:28:36,178] WARNING: [XSIM 43-4099] "/tmp/finn_dev_changhong/code_gen_ipgen_StreamingFIFO_rtl_3_vz0433ka/StreamingFIFO_rtl_3.v" Line 32. Module StreamingFIFO_rtl_3 doesn't have a timescale but at least one module in design has a timescale.
[2025-11-02 22:28:36,178] WARNING: [XSIM 43-4099] "/tmp/finn_dev_changhong/code_gen_ipgen_StreamingFIFO_rtl_6_fdafgxmt/Q_srl.v" Line 72. Module Q_srl(depth=2,width=8) doesn't have a timescale but at least one module in design has a timescale.
[2025-11-02 22:28:36,178] WARNING: [XSIM 43-4099] "/tmp/finn_dev_changhong/vivado_stitch_proj_6_3d1qz3/finn_vivado_stitch_proj.gen/sources_1/bd/finn_design/ip/finn_design_StreamingFIFO_rtl_4_0/synth/finn_design_StreamingFIFO_rtl_4_0.v" Line 53. Module finn_design_StreamingFIFO_rtl_4_0 doesn't have a timescale but at least one module in design has a timescale.
[2025-11-02 22:28:36,178] WARNING: [XSIM 43-4099] "/tmp/finn_dev_changhong/code_gen_ipgen_StreamingFIFO_rtl_4_yr0wx9vg/StreamingFIFO_rtl_4.v" Line 32. Module StreamingFIFO_rtl_4 doesn't have a timescale but at least one module in design has a timescale.
[2025-11-02 22:28:36,178] WARNING: [XSIM 43-4099] "/tmp/finn_dev_changhong/code_gen_ipgen_StreamingFIFO_rtl_6_fdafgxmt/Q_srl.v" Line 72. Module Q_srl(depth=2,width=128) doesn't have a timescale but at least one module in design has a timescale.
[2025-11-02 22:28:36,178] WARNING: [XSIM 43-4099] "/tmp/finn_dev_changhong/vivado_stitch_proj_6_3d1qz3/finn_vivado_stitch_proj.gen/sources_1/bd/finn_design/ip/finn_design_StreamingFIFO_rtl_5_0/synth/finn_design_StreamingFIFO_rtl_5_0.v" Line 53. Module finn_design_StreamingFIFO_rtl_5_0 doesn't have a timescale but at least one module in design has a timescale.
[2025-11-02 22:28:36,178] WARNING: [XSIM 43-4099] "/tmp/finn_dev_changhong/code_gen_ipgen_StreamingFIFO_rtl_5_5yiyngsl/StreamingFIFO_rtl_5.v" Line 32. Module StreamingFIFO_rtl_5 doesn't have a timescale but at least one module in design has a timescale.
[2025-11-02 22:28:36,178] WARNING: [XSIM 43-4099] "/tmp/finn_dev_changhong/code_gen_ipgen_StreamingFIFO_rtl_6_fdafgxmt/Q_srl.v" Line 72. Module Q_srl(depth=64,width=8) doesn't have a timescale but at least one module in design has a timescale.
[2025-11-02 22:28:36,178] WARNING: [XSIM 43-4099] "/tmp/finn_dev_changhong/vivado_stitch_proj_6_3d1qz3/finn_vivado_stitch_proj.gen/sources_1/bd/finn_design/ip/finn_design_StreamingFIFO_rtl_6_0/synth/finn_design_StreamingFIFO_rtl_6_0.v" Line 53. Module finn_design_StreamingFIFO_rtl_6_0 doesn't have a timescale but at least one module in design has a timescale.
[2025-11-02 22:28:36,178] INFO: [Common 17-14] Message 'XSIM 43-4099' appears 100 times and further instances of the messages will be disabled. Use the Tcl command set_msg_config to change the current settings.
[2025-11-02 22:28:36,178] Completed simulation data flow analysis
[2025-11-02 22:28:36,178] Time Resolution for simulation is 1ps
[2025-11-02 22:28:36,178] Compiling module work.glbl
[2025-11-02 22:28:36,178] Compiling module work.MVAU_hls_0_Matrix_Vector_Activat...
[2025-11-02 22:28:36,178] Compiling module work.MVAU_hls_0_Matrix_Vector_Activat...
[2025-11-02 22:28:36,178] Compiling module work.MVAU_hls_0_Matrix_Vector_Activat...
[2025-11-02 22:28:36,178] Compiling module work.MVAU_hls_0_flow_control_loop_pip...
[2025-11-02 22:28:36,178] Compiling module work.MVAU_hls_0_Matrix_Vector_Activat...
[2025-11-02 22:28:36,178] Compiling module work.MVAU_hls_0_regslice_both(DataWid...
[2025-11-02 22:28:36,178] Compiling module work.MVAU_hls_0_regslice_both(DataWid...
[2025-11-02 22:28:36,178] Compiling module work.MVAU_hls_0_regslice_both(DataWid...
[2025-11-02 22:28:36,178] Compiling module work.MVAU_hls_0
[2025-11-02 22:28:36,178] Compiling module work.finn_design_MVAU_hls_0_0
[2025-11-02 22:28:36,178] Compiling module work.axilite(ADDR_WIDTH=32'b01110,DAT...
[2025-11-02 22:28:36,178] Compiling module work.memstream(SETS=32'b01,DEPTH=32'b...
[2025-11-02 22:28:36,178] Compiling module work.memstream_axi(SETS=32'b01,DEPTH=...
[2025-11-02 22:28:36,178] Compiling module work.MVAU_hls_0_memstream_wrapper(AXI...
[2025-11-02 22:28:36,178] Compiling module work.finn_design_MVAU_hls_0_wstrm_0
[2025-11-02 22:28:36,178] Compiling module work.MVAU_hls_0_imp_7OH4JA
[2025-11-02 22:28:36,178] Compiling module work.MVAU_hls_1_Matrix_Vector_Activat...
[2025-11-02 22:28:36,178] Compiling module work.MVAU_hls_1_Matrix_Vector_Activat...
[2025-11-02 22:28:36,178] Compiling module work.MVAU_hls_1_Matrix_Vector_Activat...
[2025-11-02 22:28:36,178] Compiling module work.MVAU_hls_1_mul_2ns_2s_4_1_1(NUM_...
[2025-11-02 22:28:36,178] Compiling module work.MVAU_hls_1_flow_control_loop_pip...
[2025-11-02 22:28:36,178] Compiling module work.MVAU_hls_1_Matrix_Vector_Activat...
[2025-11-02 22:28:36,178] Compiling module work.MVAU_hls_1_regslice_both(DataWid...
[2025-11-02 22:28:36,178] Compiling module work.MVAU_hls_1_regslice_both(DataWid...
[2025-11-02 22:28:36,178] Compiling module work.MVAU_hls_1
[2025-11-02 22:28:36,178] Compiling module work.finn_design_MVAU_hls_1_0
[2025-11-02 22:28:36,178] Compiling module work.axilite(ADDR_WIDTH=32'b01010,DAT...
[2025-11-02 22:28:36,178] Compiling module work.memstream(SETS=32'b01,DEPTH=32'b...
[2025-11-02 22:28:36,178] Compiling module work.memstream_axi(SETS=32'b01,DEPTH=...
[2025-11-02 22:28:36,179] Compiling module work.MVAU_hls_1_memstream_wrapper(AXI...
[2025-11-02 22:28:36,179] Compiling module work.finn_design_MVAU_hls_1_wstrm_0
[2025-11-02 22:28:36,179] Compiling module work.MVAU_hls_1_imp_ZIW0NT
[2025-11-02 22:28:36,179] Compiling module work.MVAU_hls_2_Matrix_Vector_Activat...
[2025-11-02 22:28:36,179] Compiling module work.MVAU_hls_2_Matrix_Vector_Activat...
[2025-11-02 22:28:36,179] Compiling module work.MVAU_hls_2_Matrix_Vector_Activat...
[2025-11-02 22:28:36,179] Compiling module work.MVAU_hls_2_mul_2ns_2s_4_1_1(NUM_...
[2025-11-02 22:28:36,179] Compiling module work.MVAU_hls_2_flow_control_loop_pip...
[2025-11-02 22:28:36,179] Compiling module work.MVAU_hls_2_Matrix_Vector_Activat...
[2025-11-02 22:28:36,179] Compiling module work.MVAU_hls_2_regslice_both(DataWid...
[2025-11-02 22:28:36,179] Compiling module work.MVAU_hls_2_regslice_both(DataWid...
[2025-11-02 22:28:36,179] Compiling module work.MVAU_hls_2
[2025-11-02 22:28:36,179] Compiling module work.finn_design_MVAU_hls_2_0
[2025-11-02 22:28:36,179] Compiling module work.memstream(SETS=32'b01,DEPTH=32'b...
[2025-11-02 22:28:36,179] Compiling module work.memstream_axi(SETS=32'b01,DEPTH=...
[2025-11-02 22:28:36,179] Compiling module work.MVAU_hls_2_memstream_wrapper(AXI...
[2025-11-02 22:28:36,179] Compiling module work.finn_design_MVAU_hls_2_wstrm_0
[2025-11-02 22:28:36,179] Compiling module work.MVAU_hls_2_imp_1WP2WTL
[2025-11-02 22:28:36,179] Compiling module work.MVAU_hls_3_mul_2ns_2s_4_1_1(NUM_...
[2025-11-02 22:28:36,179] Compiling module work.MVAU_hls_3_flow_control_loop_pip...
[2025-11-02 22:28:36,179] Compiling module work.MVAU_hls_3_regslice_both(DataWid...
[2025-11-02 22:28:36,179] Compiling module work.MVAU_hls_3
[2025-11-02 22:28:36,179] Compiling module work.finn_design_MVAU_hls_3_0
[2025-11-02 22:28:36,179] Compiling module work.axilite(ADDR_WIDTH=32'b01000,DAT...
[2025-11-02 22:28:36,179] Compiling module work.memstream(SETS=32'b01,DEPTH=32'b...
[2025-11-02 22:28:36,179] Compiling module work.memstream_axi(SETS=32'b01,DEPTH=...
[2025-11-02 22:28:36,179] Compiling module work.MVAU_hls_3_memstream_wrapper(AXI...
[2025-11-02 22:28:36,179] Compiling module work.finn_design_MVAU_hls_3_wstrm_0
[2025-11-02 22:28:36,179] Compiling module work.MVAU_hls_3_imp_U0RWZQ
[2025-11-02 22:28:36,179] Compiling module work.dwc(IBITS=32'b010,OBITS=32'b0100...
[2025-11-02 22:28:36,179] Compiling module work.dwc_axi(IBITS=32'b010,OBITS=32'b...
[2025-11-02 22:28:36,179] Compiling module work.StreamingDataWidthConverter_rtl_...
[2025-11-02 22:28:36,179] Compiling module work.StreamingDataWidthConverter_rtl_...
[2025-11-02 22:28:36,179] Compiling module work.Q_srl(depth=2,width=600)
[2025-11-02 22:28:36,179] Compiling module work.StreamingFIFO_rtl_0
[2025-11-02 22:28:36,179] Compiling module work.finn_design_StreamingFIFO_rtl_0_...
[2025-11-02 22:28:36,179] Compiling module work.Q_srl(depth=2,width=8)
[2025-11-02 22:28:36,179] Compiling module work.StreamingFIFO_rtl_1
[2025-11-02 22:28:36,179] Compiling module work.finn_design_StreamingFIFO_rtl_1_...
[2025-11-02 22:28:36,179] Compiling module work.Q_srl(depth=2,width=128)
[2025-11-02 22:28:36,179] Compiling module work.StreamingFIFO_rtl_2
[2025-11-02 22:28:36,179] Compiling module work.finn_design_StreamingFIFO_rtl_2_...
[2025-11-02 22:28:36,179] Compiling module work.StreamingFIFO_rtl_3
[2025-11-02 22:28:36,179] Compiling module work.finn_design_StreamingFIFO_rtl_3_...
[2025-11-02 22:28:36,179] Compiling module work.StreamingFIFO_rtl_4
[2025-11-02 22:28:36,179] Compiling module work.finn_design_StreamingFIFO_rtl_4_...
[2025-11-02 22:28:36,179] Compiling module work.Q_srl(depth=64,width=8)
[2025-11-02 22:28:36,179] Compiling module work.StreamingFIFO_rtl_5
[2025-11-02 22:28:36,179] Compiling module work.finn_design_StreamingFIFO_rtl_5_...
[2025-11-02 22:28:36,179] Compiling module work.StreamingFIFO_rtl_6
[2025-11-02 22:28:36,179] Compiling module work.finn_design_StreamingFIFO_rtl_6_...
[2025-11-02 22:28:36,179] Compiling module work.finn_design
[2025-11-02 22:28:36,179] Compiling module work.finn_design_wrapper
[2025-11-02 22:28:36,179] Built XSI simulation shared library xsim.dir/finn_design_wrapper/xsimk.so
[2025-11-02 22:28:37,188] /home/changhong/prj/finn_dev_branch/finn/src/finn/transformation/fpgadataflow/prepare_ip.py:56: UserWarning: Using pre-existing code for MVAU_hls_0
[2025-11-02 22:28:37,188]   warnings.warn("Using pre-existing code for %s" % node.name)
[2025-11-02 22:28:37,189] /home/changhong/prj/finn_dev_branch/finn/src/finn/transformation/fpgadataflow/prepare_ip.py:56: UserWarning: Using pre-existing code for StreamingDataWidthConverter_rtl_0
[2025-11-02 22:28:37,189]   warnings.warn("Using pre-existing code for %s" % node.name)
[2025-11-02 22:28:37,189] /home/changhong/prj/finn_dev_branch/finn/src/finn/transformation/fpgadataflow/prepare_ip.py:56: UserWarning: Using pre-existing code for MVAU_hls_1
[2025-11-02 22:28:37,189]   warnings.warn("Using pre-existing code for %s" % node.name)
[2025-11-02 22:28:37,190] /home/changhong/prj/finn_dev_branch/finn/src/finn/transformation/fpgadataflow/prepare_ip.py:56: UserWarning: Using pre-existing code for StreamingDataWidthConverter_rtl_1
[2025-11-02 22:28:37,190]   warnings.warn("Using pre-existing code for %s" % node.name)
[2025-11-02 22:28:37,190] /home/changhong/prj/finn_dev_branch/finn/src/finn/transformation/fpgadataflow/prepare_ip.py:56: UserWarning: Using pre-existing code for MVAU_hls_2
[2025-11-02 22:28:37,190]   warnings.warn("Using pre-existing code for %s" % node.name)
[2025-11-02 22:28:37,191] /home/changhong/prj/finn_dev_branch/finn/src/finn/transformation/fpgadataflow/prepare_ip.py:56: UserWarning: Using pre-existing code for MVAU_hls_3
[2025-11-02 22:28:37,191]   warnings.warn("Using pre-existing code for %s" % node.name)
[2025-11-02 22:28:37,224] /home/changhong/prj/finn_dev_branch/finn/src/finn/transformation/fpgadataflow/hlssynth_ip.py:74: UserWarning: Using pre-existing IP for MVAU_hls_3
[2025-11-02 22:28:37,225]   warnings.warn("Using pre-existing IP for %s" % node.name)
[2025-11-02 22:28:37,227] /home/changhong/prj/finn_dev_branch/finn/src/finn/transformation/fpgadataflow/hlssynth_ip.py:74: UserWarning: Using pre-existing IP for MVAU_hls_2
[2025-11-02 22:28:37,227]   warnings.warn("Using pre-existing IP for %s" % node.name)
[2025-11-02 22:28:37,230] /home/changhong/prj/finn_dev_branch/finn/src/finn/transformation/fpgadataflow/hlssynth_ip.py:74: UserWarning: Using pre-existing IP for MVAU_hls_1
[2025-11-02 22:28:37,230]   warnings.warn("Using pre-existing IP for %s" % node.name)
[2025-11-02 22:28:37,230] /home/changhong/prj/finn_dev_branch/finn/src/finn/transformation/fpgadataflow/hlssynth_ip.py:74: UserWarning: Using pre-existing IP for MVAU_hls_0
[2025-11-02 22:28:37,230]   warnings.warn("Using pre-existing IP for %s" % node.name)
[2025-11-02 22:28:37,245] Running step: step_create_stitched_ip [15/20]
[2025-11-02 22:29:13,872] Vivado stitched IP written into output/unsw/output_custom_flow/stitched_ip
[2025-11-02 22:29:13,873] Running step: step_measure_rtlsim_performance [16/20]
[2025-11-02 22:29:18,232] Vivado Simulator v2022.2
[2025-11-02 22:29:18,232] Copyright 1986-1999, 2001-2022 Xilinx, Inc. All Rights Reserved.
[2025-11-02 22:29:18,232] Running: /tools/Xilinx/Vivado/2022.2/bin/unwrapped/lnx64.o/xelab work.glbl work.finn_design_wrapper -relax -prj rtlsim.prj -dll -s finn_design_wrapper -L smartconnect_v1_0 -L axi_protocol_checker_v1_1_12 -L axi_protocol_checker_v1_1_13 -L axis_protocol_checker_v1_1_11 -L axis_protocol_checker_v1_1_12 -L xil_defaultlib -L unisims_ver -L xpm -L floating_point_v7_1_16 -L floating_point_v7_0_21 -L floating_point_v7_1_18 -L floating_point_v7_1_15 -L floating_point_v7_1_19
[2025-11-02 22:29:18,232] Multi-threading is on. Using 20 slave threads.
[2025-11-02 22:29:18,232] INFO: [VRFC 10-2263] Analyzing Verilog file "/tools/Xilinx/Vivado/2022.2/data/verilog/src/glbl.v" into library work
[2025-11-02 22:29:18,232] INFO: [VRFC 10-311] analyzing module glbl
[2025-11-02 22:29:18,232] INFO: [VRFC 10-2263] Analyzing Verilog file "/tmp/finn_dev_changhong/vivado_stitch_proj_aanut4e6/finn_vivado_stitch_proj.gen/sources_1/bd/finn_design/ip/finn_design_StreamingFIFO_rtl_0_0/synth/finn_design_StreamingFIFO_rtl_0_0.v" into library work
[2025-11-02 22:29:18,233] INFO: [VRFC 10-311] analyzing module finn_design_StreamingFIFO_rtl_0_0
[2025-11-02 22:29:18,233] INFO: [VRFC 10-2263] Analyzing Verilog file "/tmp/finn_dev_changhong/vivado_stitch_proj_aanut4e6/finn_vivado_stitch_proj.gen/sources_1/bd/finn_design/ipshared/5bf9/hdl/verilog/MVAU_hls_0_flow_control_loop_pipe_sequential_init.v" into library work
[2025-11-02 22:29:18,233] INFO: [VRFC 10-311] analyzing module MVAU_hls_0_flow_control_loop_pipe_sequential_init
[2025-11-02 22:29:18,233] INFO: [VRFC 10-2263] Analyzing Verilog file "/tmp/finn_dev_changhong/vivado_stitch_proj_aanut4e6/finn_vivado_stitch_proj.gen/sources_1/bd/finn_design/ipshared/5bf9/hdl/verilog/MVAU_hls_0_hls_deadlock_idx0_monitor.v" into library work
[2025-11-02 22:29:18,233] INFO: [VRFC 10-311] analyzing module MVAU_hls_0_hls_deadlock_idx0_monitor
[2025-11-02 22:29:18,233] INFO: [VRFC 10-2263] Analyzing Verilog file "/tmp/finn_dev_changhong/vivado_stitch_proj_aanut4e6/finn_vivado_stitch_proj.gen/sources_1/bd/finn_design/ipshared/5bf9/hdl/verilog/MVAU_hls_0_hls_deadlock_idx1_monitor.v" into library work
[2025-11-02 22:29:18,233] INFO: [VRFC 10-311] analyzing module MVAU_hls_0_hls_deadlock_idx1_monitor
[2025-11-02 22:29:18,233] INFO: [VRFC 10-2263] Analyzing Verilog file "/tmp/finn_dev_changhong/vivado_stitch_proj_aanut4e6/finn_vivado_stitch_proj.gen/sources_1/bd/finn_design/ipshared/5bf9/hdl/verilog/MVAU_hls_0_Matrix_Vector_Activate_Stream_Batch.v" into library work
[2025-11-02 22:29:18,233] INFO: [VRFC 10-311] analyzing module MVAU_hls_0_Matrix_Vector_Activate_Stream_Batch
[2025-11-02 22:29:18,233] INFO: [VRFC 10-2263] Analyzing Verilog file "/tmp/finn_dev_changhong/vivado_stitch_proj_aanut4e6/finn_vivado_stitch_proj.gen/sources_1/bd/finn_design/ipshared/5bf9/hdl/verilog/MVAU_hls_0_Matrix_Vector_Activate_Stream_Batch_p_ZL7threshs_0_ROM_AUTO_1R.v" into library work
[2025-11-02 22:29:18,233] INFO: [VRFC 10-311] analyzing module MVAU_hls_0_Matrix_Vector_Activate_Stream_Batch_p_ZL7threshs_0_ROM_AUTO_1R
[2025-11-02 22:29:18,233] INFO: [VRFC 10-2263] Analyzing Verilog file "/tmp/finn_dev_changhong/vivado_stitch_proj_aanut4e6/finn_vivado_stitch_proj.gen/sources_1/bd/finn_design/ipshared/5bf9/hdl/verilog/MVAU_hls_0_Matrix_Vector_Activate_Stream_Batch_p_ZL7threshs_1_ROM_AUTO_1R.v" into library work
[2025-11-02 22:29:18,233] INFO: [VRFC 10-311] analyzing module MVAU_hls_0_Matrix_Vector_Activate_Stream_Batch_p_ZL7threshs_1_ROM_AUTO_1R
[2025-11-02 22:29:18,233] INFO: [VRFC 10-2263] Analyzing Verilog file "/tmp/finn_dev_changhong/vivado_stitch_proj_aanut4e6/finn_vivado_stitch_proj.gen/sources_1/bd/finn_design/ipshared/5bf9/hdl/verilog/MVAU_hls_0_Matrix_Vector_Activate_Stream_Batch_p_ZL7threshs_2_ROM_AUTO_1R.v" into library work
[2025-11-02 22:29:18,233] INFO: [VRFC 10-311] analyzing module MVAU_hls_0_Matrix_Vector_Activate_Stream_Batch_p_ZL7threshs_2_ROM_AUTO_1R
[2025-11-02 22:29:18,233] INFO: [VRFC 10-2263] Analyzing Verilog file "/tmp/finn_dev_changhong/vivado_stitch_proj_aanut4e6/finn_vivado_stitch_proj.gen/sources_1/bd/finn_design/ipshared/5bf9/hdl/verilog/MVAU_hls_0_regslice_both.v" into library work
[2025-11-02 22:29:18,233] INFO: [VRFC 10-311] analyzing module MVAU_hls_0_regslice_both
[2025-11-02 22:29:18,233] INFO: [VRFC 10-311] analyzing module MVAU_hls_0_regslice_both_w1
[2025-11-02 22:29:18,233] INFO: [VRFC 10-2263] Analyzing Verilog file "/tmp/finn_dev_changhong/vivado_stitch_proj_aanut4e6/finn_vivado_stitch_proj.gen/sources_1/bd/finn_design/ipshared/5bf9/hdl/verilog/MVAU_hls_0.v" into library work
[2025-11-02 22:29:18,233] INFO: [VRFC 10-311] analyzing module MVAU_hls_0
[2025-11-02 22:29:18,233] INFO: [VRFC 10-2263] Analyzing Verilog file "/tmp/finn_dev_changhong/vivado_stitch_proj_aanut4e6/finn_vivado_stitch_proj.gen/sources_1/bd/finn_design/ip/finn_design_MVAU_hls_0_0/synth/finn_design_MVAU_hls_0_0.v" into library work
[2025-11-02 22:29:18,233] INFO: [VRFC 10-311] analyzing module finn_design_MVAU_hls_0_0
[2025-11-02 22:29:18,233] INFO: [VRFC 10-2263] Analyzing Verilog file "/tmp/finn_dev_changhong/vivado_stitch_proj_aanut4e6/finn_vivado_stitch_proj.gen/sources_1/bd/finn_design/ip/finn_design_MVAU_hls_0_wstrm_0/synth/finn_design_MVAU_hls_0_wstrm_0.v" into library work
[2025-11-02 22:29:18,233] INFO: [VRFC 10-311] analyzing module finn_design_MVAU_hls_0_wstrm_0
[2025-11-02 22:29:18,233] INFO: [VRFC 10-2263] Analyzing Verilog file "/tmp/finn_dev_changhong/vivado_stitch_proj_aanut4e6/finn_vivado_stitch_proj.gen/sources_1/bd/finn_design/ip/finn_design_StreamingFIFO_rtl_1_0/synth/finn_design_StreamingFIFO_rtl_1_0.v" into library work
[2025-11-02 22:29:18,233] INFO: [VRFC 10-311] analyzing module finn_design_StreamingFIFO_rtl_1_0
[2025-11-02 22:29:18,233] INFO: [VRFC 10-2263] Analyzing Verilog file "/tmp/finn_dev_changhong/vivado_stitch_proj_aanut4e6/finn_vivado_stitch_proj.gen/sources_1/bd/finn_design/ip/finn_design_StreamingDataWidthConverter_rtl_0_0/synth/finn_design_StreamingDataWidthConverter_rtl_0_0.v" into library work
[2025-11-02 22:29:18,233] INFO: [VRFC 10-311] analyzing module finn_design_StreamingDataWidthConverter_rtl_0_0
[2025-11-02 22:29:18,233] INFO: [VRFC 10-2263] Analyzing Verilog file "/tmp/finn_dev_changhong/vivado_stitch_proj_aanut4e6/finn_vivado_stitch_proj.gen/sources_1/bd/finn_design/ip/finn_design_StreamingFIFO_rtl_2_0/synth/finn_design_StreamingFIFO_rtl_2_0.v" into library work
[2025-11-02 22:29:18,233] INFO: [VRFC 10-311] analyzing module finn_design_StreamingFIFO_rtl_2_0
[2025-11-02 22:29:18,233] INFO: [VRFC 10-2263] Analyzing Verilog file "/tmp/finn_dev_changhong/vivado_stitch_proj_aanut4e6/finn_vivado_stitch_proj.gen/sources_1/bd/finn_design/ipshared/68f6/hdl/verilog/MVAU_hls_1_flow_control_loop_pipe_sequential_init.v" into library work
[2025-11-02 22:29:18,233] INFO: [VRFC 10-311] analyzing module MVAU_hls_1_flow_control_loop_pipe_sequential_init
[2025-11-02 22:29:18,233] INFO: [VRFC 10-2263] Analyzing Verilog file "/tmp/finn_dev_changhong/vivado_stitch_proj_aanut4e6/finn_vivado_stitch_proj.gen/sources_1/bd/finn_design/ipshared/68f6/hdl/verilog/MVAU_hls_1_hls_deadlock_idx0_monitor.v" into library work
[2025-11-02 22:29:18,233] INFO: [VRFC 10-311] analyzing module MVAU_hls_1_hls_deadlock_idx0_monitor
[2025-11-02 22:29:18,233] INFO: [VRFC 10-2263] Analyzing Verilog file "/tmp/finn_dev_changhong/vivado_stitch_proj_aanut4e6/finn_vivado_stitch_proj.gen/sources_1/bd/finn_design/ipshared/68f6/hdl/verilog/MVAU_hls_1_hls_deadlock_idx1_monitor.v" into library work
[2025-11-02 22:29:18,233] INFO: [VRFC 10-311] analyzing module MVAU_hls_1_hls_deadlock_idx1_monitor
[2025-11-02 22:29:18,233] INFO: [VRFC 10-2263] Analyzing Verilog file "/tmp/finn_dev_changhong/vivado_stitch_proj_aanut4e6/finn_vivado_stitch_proj.gen/sources_1/bd/finn_design/ipshared/68f6/hdl/verilog/MVAU_hls_1_Matrix_Vector_Activate_Stream_Batch.v" into library work
[2025-11-02 22:29:18,233] INFO: [VRFC 10-311] analyzing module MVAU_hls_1_Matrix_Vector_Activate_Stream_Batch
[2025-11-02 22:29:18,233] INFO: [VRFC 10-2263] Analyzing Verilog file "/tmp/finn_dev_changhong/vivado_stitch_proj_aanut4e6/finn_vivado_stitch_proj.gen/sources_1/bd/finn_design/ipshared/68f6/hdl/verilog/MVAU_hls_1_Matrix_Vector_Activate_Stream_Batch_p_ZL7threshs_0_ROM_AUTO_1R.v" into library work
[2025-11-02 22:29:18,233] INFO: [VRFC 10-311] analyzing module MVAU_hls_1_Matrix_Vector_Activate_Stream_Batch_p_ZL7threshs_0_ROM_AUTO_1R
[2025-11-02 22:29:18,233] INFO: [VRFC 10-2263] Analyzing Verilog file "/tmp/finn_dev_changhong/vivado_stitch_proj_aanut4e6/finn_vivado_stitch_proj.gen/sources_1/bd/finn_design/ipshared/68f6/hdl/verilog/MVAU_hls_1_Matrix_Vector_Activate_Stream_Batch_p_ZL7threshs_1_ROM_AUTO_1R.v" into library work
[2025-11-02 22:29:18,233] INFO: [VRFC 10-311] analyzing module MVAU_hls_1_Matrix_Vector_Activate_Stream_Batch_p_ZL7threshs_1_ROM_AUTO_1R
[2025-11-02 22:29:18,233] INFO: [VRFC 10-2263] Analyzing Verilog file "/tmp/finn_dev_changhong/vivado_stitch_proj_aanut4e6/finn_vivado_stitch_proj.gen/sources_1/bd/finn_design/ipshared/68f6/hdl/verilog/MVAU_hls_1_Matrix_Vector_Activate_Stream_Batch_p_ZL7threshs_2_ROM_AUTO_1R.v" into library work
[2025-11-02 22:29:18,233] INFO: [VRFC 10-311] analyzing module MVAU_hls_1_Matrix_Vector_Activate_Stream_Batch_p_ZL7threshs_2_ROM_AUTO_1R
[2025-11-02 22:29:18,233] INFO: [VRFC 10-2263] Analyzing Verilog file "/tmp/finn_dev_changhong/vivado_stitch_proj_aanut4e6/finn_vivado_stitch_proj.gen/sources_1/bd/finn_design/ipshared/68f6/hdl/verilog/MVAU_hls_1_mul_2ns_2s_4_1_1.v" into library work
[2025-11-02 22:29:18,233] INFO: [VRFC 10-311] analyzing module MVAU_hls_1_mul_2ns_2s_4_1_1
[2025-11-02 22:29:18,233] INFO: [VRFC 10-2263] Analyzing Verilog file "/tmp/finn_dev_changhong/vivado_stitch_proj_aanut4e6/finn_vivado_stitch_proj.gen/sources_1/bd/finn_design/ipshared/68f6/hdl/verilog/MVAU_hls_1_regslice_both.v" into library work
[2025-11-02 22:29:18,233] INFO: [VRFC 10-311] analyzing module MVAU_hls_1_regslice_both
[2025-11-02 22:29:18,233] INFO: [VRFC 10-311] analyzing module MVAU_hls_1_regslice_both_w1
[2025-11-02 22:29:18,233] INFO: [VRFC 10-2263] Analyzing Verilog file "/tmp/finn_dev_changhong/vivado_stitch_proj_aanut4e6/finn_vivado_stitch_proj.gen/sources_1/bd/finn_design/ipshared/68f6/hdl/verilog/MVAU_hls_1.v" into library work
[2025-11-02 22:29:18,233] INFO: [VRFC 10-311] analyzing module MVAU_hls_1
[2025-11-02 22:29:18,233] INFO: [VRFC 10-2263] Analyzing Verilog file "/tmp/finn_dev_changhong/vivado_stitch_proj_aanut4e6/finn_vivado_stitch_proj.gen/sources_1/bd/finn_design/ip/finn_design_MVAU_hls_1_0/synth/finn_design_MVAU_hls_1_0.v" into library work
[2025-11-02 22:29:18,233] INFO: [VRFC 10-311] analyzing module finn_design_MVAU_hls_1_0
[2025-11-02 22:29:18,233] INFO: [VRFC 10-2263] Analyzing Verilog file "/tmp/finn_dev_changhong/vivado_stitch_proj_aanut4e6/finn_vivado_stitch_proj.gen/sources_1/bd/finn_design/ip/finn_design_MVAU_hls_1_wstrm_0/synth/finn_design_MVAU_hls_1_wstrm_0.v" into library work
[2025-11-02 22:29:18,233] INFO: [VRFC 10-311] analyzing module finn_design_MVAU_hls_1_wstrm_0
[2025-11-02 22:29:18,233] INFO: [VRFC 10-2263] Analyzing Verilog file "/tmp/finn_dev_changhong/vivado_stitch_proj_aanut4e6/finn_vivado_stitch_proj.gen/sources_1/bd/finn_design/ip/finn_design_StreamingFIFO_rtl_3_0/synth/finn_design_StreamingFIFO_rtl_3_0.v" into library work
[2025-11-02 22:29:18,233] INFO: [VRFC 10-311] analyzing module finn_design_StreamingFIFO_rtl_3_0
[2025-11-02 22:29:18,233] INFO: [VRFC 10-2263] Analyzing Verilog file "/tmp/finn_dev_changhong/vivado_stitch_proj_aanut4e6/finn_vivado_stitch_proj.gen/sources_1/bd/finn_design/ip/finn_design_StreamingDataWidthConverter_rtl_1_0/synth/finn_design_StreamingDataWidthConverter_rtl_1_0.v" into library work
[2025-11-02 22:29:18,233] INFO: [VRFC 10-311] analyzing module finn_design_StreamingDataWidthConverter_rtl_1_0
[2025-11-02 22:29:18,233] INFO: [VRFC 10-2263] Analyzing Verilog file "/tmp/finn_dev_changhong/vivado_stitch_proj_aanut4e6/finn_vivado_stitch_proj.gen/sources_1/bd/finn_design/ip/finn_design_StreamingFIFO_rtl_4_0/synth/finn_design_StreamingFIFO_rtl_4_0.v" into library work
[2025-11-02 22:29:18,233] INFO: [VRFC 10-311] analyzing module finn_design_StreamingFIFO_rtl_4_0
[2025-11-02 22:29:18,233] INFO: [VRFC 10-2263] Analyzing Verilog file "/tmp/finn_dev_changhong/vivado_stitch_proj_aanut4e6/finn_vivado_stitch_proj.gen/sources_1/bd/finn_design/ipshared/7174/hdl/verilog/MVAU_hls_2_flow_control_loop_pipe_sequential_init.v" into library work
[2025-11-02 22:29:18,233] INFO: [VRFC 10-311] analyzing module MVAU_hls_2_flow_control_loop_pipe_sequential_init
[2025-11-02 22:29:18,233] INFO: [VRFC 10-2263] Analyzing Verilog file "/tmp/finn_dev_changhong/vivado_stitch_proj_aanut4e6/finn_vivado_stitch_proj.gen/sources_1/bd/finn_design/ipshared/7174/hdl/verilog/MVAU_hls_2_hls_deadlock_idx0_monitor.v" into library work
[2025-11-02 22:29:18,233] INFO: [VRFC 10-311] analyzing module MVAU_hls_2_hls_deadlock_idx0_monitor
[2025-11-02 22:29:18,233] INFO: [VRFC 10-2263] Analyzing Verilog file "/tmp/finn_dev_changhong/vivado_stitch_proj_aanut4e6/finn_vivado_stitch_proj.gen/sources_1/bd/finn_design/ipshared/7174/hdl/verilog/MVAU_hls_2_hls_deadlock_idx1_monitor.v" into library work
[2025-11-02 22:29:18,233] INFO: [VRFC 10-311] analyzing module MVAU_hls_2_hls_deadlock_idx1_monitor
[2025-11-02 22:29:18,233] INFO: [VRFC 10-2263] Analyzing Verilog file "/tmp/finn_dev_changhong/vivado_stitch_proj_aanut4e6/finn_vivado_stitch_proj.gen/sources_1/bd/finn_design/ipshared/7174/hdl/verilog/MVAU_hls_2_Matrix_Vector_Activate_Stream_Batch.v" into library work
[2025-11-02 22:29:18,233] INFO: [VRFC 10-311] analyzing module MVAU_hls_2_Matrix_Vector_Activate_Stream_Batch
[2025-11-02 22:29:18,233] INFO: [VRFC 10-2263] Analyzing Verilog file "/tmp/finn_dev_changhong/vivado_stitch_proj_aanut4e6/finn_vivado_stitch_proj.gen/sources_1/bd/finn_design/ipshared/7174/hdl/verilog/MVAU_hls_2_Matrix_Vector_Activate_Stream_Batch_p_ZL7threshs_0_ROM_AUTO_1R.v" into library work
[2025-11-02 22:29:18,233] INFO: [VRFC 10-311] analyzing module MVAU_hls_2_Matrix_Vector_Activate_Stream_Batch_p_ZL7threshs_0_ROM_AUTO_1R
[2025-11-02 22:29:18,233] INFO: [VRFC 10-2263] Analyzing Verilog file "/tmp/finn_dev_changhong/vivado_stitch_proj_aanut4e6/finn_vivado_stitch_proj.gen/sources_1/bd/finn_design/ipshared/7174/hdl/verilog/MVAU_hls_2_Matrix_Vector_Activate_Stream_Batch_p_ZL7threshs_1_ROM_AUTO_1R.v" into library work
[2025-11-02 22:29:18,233] INFO: [VRFC 10-311] analyzing module MVAU_hls_2_Matrix_Vector_Activate_Stream_Batch_p_ZL7threshs_1_ROM_AUTO_1R
[2025-11-02 22:29:18,233] INFO: [VRFC 10-2263] Analyzing Verilog file "/tmp/finn_dev_changhong/vivado_stitch_proj_aanut4e6/finn_vivado_stitch_proj.gen/sources_1/bd/finn_design/ipshared/7174/hdl/verilog/MVAU_hls_2_Matrix_Vector_Activate_Stream_Batch_p_ZL7threshs_2_ROM_AUTO_1R.v" into library work
[2025-11-02 22:29:18,233] INFO: [VRFC 10-311] analyzing module MVAU_hls_2_Matrix_Vector_Activate_Stream_Batch_p_ZL7threshs_2_ROM_AUTO_1R
[2025-11-02 22:29:18,233] INFO: [VRFC 10-2263] Analyzing Verilog file "/tmp/finn_dev_changhong/vivado_stitch_proj_aanut4e6/finn_vivado_stitch_proj.gen/sources_1/bd/finn_design/ipshared/7174/hdl/verilog/MVAU_hls_2_mul_2ns_2s_4_1_1.v" into library work
[2025-11-02 22:29:18,233] INFO: [VRFC 10-311] analyzing module MVAU_hls_2_mul_2ns_2s_4_1_1
[2025-11-02 22:29:18,233] INFO: [VRFC 10-2263] Analyzing Verilog file "/tmp/finn_dev_changhong/vivado_stitch_proj_aanut4e6/finn_vivado_stitch_proj.gen/sources_1/bd/finn_design/ipshared/7174/hdl/verilog/MVAU_hls_2_regslice_both.v" into library work
[2025-11-02 22:29:18,233] INFO: [VRFC 10-311] analyzing module MVAU_hls_2_regslice_both
[2025-11-02 22:29:18,233] INFO: [VRFC 10-311] analyzing module MVAU_hls_2_regslice_both_w1
[2025-11-02 22:29:18,233] INFO: [VRFC 10-2263] Analyzing Verilog file "/tmp/finn_dev_changhong/vivado_stitch_proj_aanut4e6/finn_vivado_stitch_proj.gen/sources_1/bd/finn_design/ipshared/7174/hdl/verilog/MVAU_hls_2.v" into library work
[2025-11-02 22:29:18,233] INFO: [VRFC 10-311] analyzing module MVAU_hls_2
[2025-11-02 22:29:18,233] INFO: [VRFC 10-2263] Analyzing Verilog file "/tmp/finn_dev_changhong/vivado_stitch_proj_aanut4e6/finn_vivado_stitch_proj.gen/sources_1/bd/finn_design/ip/finn_design_MVAU_hls_2_0/synth/finn_design_MVAU_hls_2_0.v" into library work
[2025-11-02 22:29:18,233] INFO: [VRFC 10-311] analyzing module finn_design_MVAU_hls_2_0
[2025-11-02 22:29:18,233] INFO: [VRFC 10-2263] Analyzing Verilog file "/tmp/finn_dev_changhong/vivado_stitch_proj_aanut4e6/finn_vivado_stitch_proj.gen/sources_1/bd/finn_design/ip/finn_design_MVAU_hls_2_wstrm_0/synth/finn_design_MVAU_hls_2_wstrm_0.v" into library work
[2025-11-02 22:29:18,233] INFO: [VRFC 10-311] analyzing module finn_design_MVAU_hls_2_wstrm_0
[2025-11-02 22:29:18,233] INFO: [VRFC 10-2263] Analyzing Verilog file "/tmp/finn_dev_changhong/vivado_stitch_proj_aanut4e6/finn_vivado_stitch_proj.gen/sources_1/bd/finn_design/ip/finn_design_StreamingFIFO_rtl_5_0/synth/finn_design_StreamingFIFO_rtl_5_0.v" into library work
[2025-11-02 22:29:18,233] INFO: [VRFC 10-311] analyzing module finn_design_StreamingFIFO_rtl_5_0
[2025-11-02 22:29:18,233] INFO: [VRFC 10-2263] Analyzing Verilog file "/tmp/finn_dev_changhong/vivado_stitch_proj_aanut4e6/finn_vivado_stitch_proj.gen/sources_1/bd/finn_design/ipshared/bded/hdl/verilog/MVAU_hls_3_flow_control_loop_pipe_no_ap_cont.v" into library work
[2025-11-02 22:29:18,233] INFO: [VRFC 10-311] analyzing module MVAU_hls_3_flow_control_loop_pipe_no_ap_cont
[2025-11-02 22:29:18,233] INFO: [VRFC 10-2263] Analyzing Verilog file "/tmp/finn_dev_changhong/vivado_stitch_proj_aanut4e6/finn_vivado_stitch_proj.gen/sources_1/bd/finn_design/ipshared/bded/hdl/verilog/MVAU_hls_3_hls_deadlock_idx0_monitor.v" into library work
[2025-11-02 22:29:18,233] INFO: [VRFC 10-311] analyzing module MVAU_hls_3_hls_deadlock_idx0_monitor
[2025-11-02 22:29:18,234] INFO: [VRFC 10-2263] Analyzing Verilog file "/tmp/finn_dev_changhong/vivado_stitch_proj_aanut4e6/finn_vivado_stitch_proj.gen/sources_1/bd/finn_design/ipshared/bded/hdl/verilog/MVAU_hls_3_mul_2ns_2s_4_1_1.v" into library work
[2025-11-02 22:29:18,234] INFO: [VRFC 10-311] analyzing module MVAU_hls_3_mul_2ns_2s_4_1_1
[2025-11-02 22:29:18,234] INFO: [VRFC 10-2263] Analyzing Verilog file "/tmp/finn_dev_changhong/vivado_stitch_proj_aanut4e6/finn_vivado_stitch_proj.gen/sources_1/bd/finn_design/ipshared/bded/hdl/verilog/MVAU_hls_3_regslice_both.v" into library work
[2025-11-02 22:29:18,234] INFO: [VRFC 10-311] analyzing module MVAU_hls_3_regslice_both
[2025-11-02 22:29:18,234] INFO: [VRFC 10-311] analyzing module MVAU_hls_3_regslice_both_w1
[2025-11-02 22:29:18,234] INFO: [VRFC 10-2263] Analyzing Verilog file "/tmp/finn_dev_changhong/vivado_stitch_proj_aanut4e6/finn_vivado_stitch_proj.gen/sources_1/bd/finn_design/ipshared/bded/hdl/verilog/MVAU_hls_3.v" into library work
[2025-11-02 22:29:18,234] INFO: [VRFC 10-311] analyzing module MVAU_hls_3
[2025-11-02 22:29:18,234] INFO: [VRFC 10-2263] Analyzing Verilog file "/tmp/finn_dev_changhong/vivado_stitch_proj_aanut4e6/finn_vivado_stitch_proj.gen/sources_1/bd/finn_design/ip/finn_design_MVAU_hls_3_0/synth/finn_design_MVAU_hls_3_0.v" into library work
[2025-11-02 22:29:18,234] INFO: [VRFC 10-311] analyzing module finn_design_MVAU_hls_3_0
[2025-11-02 22:29:18,234] INFO: [VRFC 10-2263] Analyzing Verilog file "/tmp/finn_dev_changhong/vivado_stitch_proj_aanut4e6/finn_vivado_stitch_proj.gen/sources_1/bd/finn_design/ip/finn_design_MVAU_hls_3_wstrm_0/synth/finn_design_MVAU_hls_3_wstrm_0.v" into library work
[2025-11-02 22:29:18,234] INFO: [VRFC 10-311] analyzing module finn_design_MVAU_hls_3_wstrm_0
[2025-11-02 22:29:18,234] INFO: [VRFC 10-2263] Analyzing Verilog file "/tmp/finn_dev_changhong/vivado_stitch_proj_aanut4e6/finn_vivado_stitch_proj.gen/sources_1/bd/finn_design/ip/finn_design_StreamingFIFO_rtl_6_0/synth/finn_design_StreamingFIFO_rtl_6_0.v" into library work
[2025-11-02 22:29:18,234] INFO: [VRFC 10-311] analyzing module finn_design_StreamingFIFO_rtl_6_0
[2025-11-02 22:29:18,234] INFO: [VRFC 10-2263] Analyzing Verilog file "/tmp/finn_dev_changhong/vivado_stitch_proj_aanut4e6/finn_vivado_stitch_proj.gen/sources_1/bd/finn_design/synth/finn_design.v" into library work
[2025-11-02 22:29:18,234] INFO: [VRFC 10-311] analyzing module MVAU_hls_0_imp_7OH4JA
[2025-11-02 22:29:18,234] INFO: [VRFC 10-311] analyzing module MVAU_hls_1_imp_ZIW0NT
[2025-11-02 22:29:18,234] INFO: [VRFC 10-311] analyzing module MVAU_hls_2_imp_1WP2WTL
[2025-11-02 22:29:18,234] INFO: [VRFC 10-311] analyzing module MVAU_hls_3_imp_U0RWZQ
[2025-11-02 22:29:18,234] INFO: [VRFC 10-311] analyzing module finn_design
[2025-11-02 22:29:18,234] INFO: [VRFC 10-2263] Analyzing Verilog file "/tmp/finn_dev_changhong/code_gen_ipgen_StreamingFIFO_rtl_0_usqaqfu1/Q_srl.v" into library work
[2025-11-02 22:29:18,234] INFO: [VRFC 10-311] analyzing module Q_srl
[2025-11-02 22:29:18,234] INFO: [VRFC 10-2263] Analyzing Verilog file "/tmp/finn_dev_changhong/code_gen_ipgen_StreamingFIFO_rtl_0_usqaqfu1/StreamingFIFO_rtl_0.v" into library work
[2025-11-02 22:29:18,234] INFO: [VRFC 10-311] analyzing module StreamingFIFO_rtl_0
[2025-11-02 22:29:18,234] INFO: [VRFC 10-2263] Analyzing Verilog file "/tmp/finn_dev_changhong/vivado_stitch_proj_aanut4e6/ip/verilog/rtl_ops/MVAU_hls_0/MVAU_hls_0_memstream_wrapper.v" into library work
[2025-11-02 22:29:18,234] INFO: [VRFC 10-311] analyzing module MVAU_hls_0_memstream_wrapper
[2025-11-02 22:29:18,234] INFO: [VRFC 10-2263] Analyzing SystemVerilog file "/tmp/finn_dev_changhong/vivado_stitch_proj_aanut4e6/ip/verilog/rtl_ops/MVAU_hls_0/axilite.sv" into library work
[2025-11-02 22:29:18,234] INFO: [VRFC 10-311] analyzing module axilite
[2025-11-02 22:29:18,234] WARNING: [VRFC 10-3467] initial value of parameter 'ADDR_WIDTH' is omitted [/tmp/finn_dev_changhong/vivado_stitch_proj_aanut4e6/ip/verilog/rtl_ops/MVAU_hls_0/axilite.sv:33]
[2025-11-02 22:29:18,234] WARNING: [VRFC 10-3467] initial value of parameter 'DATA_WIDTH' is omitted [/tmp/finn_dev_changhong/vivado_stitch_proj_aanut4e6/ip/verilog/rtl_ops/MVAU_hls_0/axilite.sv:34]
[2025-11-02 22:29:18,234] WARNING: [VRFC 10-3467] initial value of parameter 'IP_DATA_WIDTH' is omitted [/tmp/finn_dev_changhong/vivado_stitch_proj_aanut4e6/ip/verilog/rtl_ops/MVAU_hls_0/axilite.sv:35]
[2025-11-02 22:29:18,234] WARNING: [VRFC 10-3380] identifier 'snk_re' is used before its declaration [/tmp/finn_dev_changhong/vivado_stitch_proj_aanut4e6/ip/verilog/rtl_ops/MVAU_hls_0/axilite.sv:112]
[2025-11-02 22:29:18,234] INFO: [VRFC 10-2263] Analyzing SystemVerilog file "/tmp/finn_dev_changhong/vivado_stitch_proj_aanut4e6/ip/verilog/rtl_ops/MVAU_hls_0/memstream_axi.sv" into library work
[2025-11-02 22:29:18,234] INFO: [VRFC 10-311] analyzing module memstream_axi
[2025-11-02 22:29:18,234] WARNING: [VRFC 10-3467] initial value of parameter 'SETS' is omitted [/tmp/finn_dev_changhong/vivado_stitch_proj_aanut4e6/ip/verilog/rtl_ops/MVAU_hls_0/memstream_axi.sv:34]
[2025-11-02 22:29:18,234] WARNING: [VRFC 10-3467] initial value of parameter 'DEPTH' is omitted [/tmp/finn_dev_changhong/vivado_stitch_proj_aanut4e6/ip/verilog/rtl_ops/MVAU_hls_0/memstream_axi.sv:35]
[2025-11-02 22:29:18,234] WARNING: [VRFC 10-3467] initial value of parameter 'WIDTH' is omitted [/tmp/finn_dev_changhong/vivado_stitch_proj_aanut4e6/ip/verilog/rtl_ops/MVAU_hls_0/memstream_axi.sv:36]
[2025-11-02 22:29:18,234] INFO: [VRFC 10-2263] Analyzing SystemVerilog file "/tmp/finn_dev_changhong/vivado_stitch_proj_aanut4e6/ip/verilog/rtl_ops/MVAU_hls_0/memstream.sv" into library work
[2025-11-02 22:29:18,234] INFO: [VRFC 10-311] analyzing module memstream
[2025-11-02 22:29:18,234] WARNING: [VRFC 10-3467] initial value of parameter 'SETS' is omitted [/tmp/finn_dev_changhong/vivado_stitch_proj_aanut4e6/ip/verilog/rtl_ops/MVAU_hls_0/memstream.sv:34]
[2025-11-02 22:29:18,234] WARNING: [VRFC 10-3467] initial value of parameter 'DEPTH' is omitted [/tmp/finn_dev_changhong/vivado_stitch_proj_aanut4e6/ip/verilog/rtl_ops/MVAU_hls_0/memstream.sv:35]
[2025-11-02 22:29:18,234] WARNING: [VRFC 10-3467] initial value of parameter 'WIDTH' is omitted [/tmp/finn_dev_changhong/vivado_stitch_proj_aanut4e6/ip/verilog/rtl_ops/MVAU_hls_0/memstream.sv:36]
[2025-11-02 22:29:18,234] INFO: [VRFC 10-2263] Analyzing Verilog file "/tmp/finn_dev_changhong/code_gen_ipgen_StreamingFIFO_rtl_1_tqtc3cnu/Q_srl.v" into library work
[2025-11-02 22:29:18,234] INFO: [VRFC 10-311] analyzing module Q_srl
[2025-11-02 22:29:18,234] WARNING: [VRFC 10-3609] overwriting previous definition of module 'Q_srl' [/tmp/finn_dev_changhong/code_gen_ipgen_StreamingFIFO_rtl_1_tqtc3cnu/Q_srl.v:72]
[2025-11-02 22:29:18,234] INFO: [VRFC 10-2263] Analyzing Verilog file "/tmp/finn_dev_changhong/code_gen_ipgen_StreamingFIFO_rtl_1_tqtc3cnu/StreamingFIFO_rtl_1.v" into library work
[2025-11-02 22:29:18,234] INFO: [VRFC 10-311] analyzing module StreamingFIFO_rtl_1
[2025-11-02 22:29:18,234] INFO: [VRFC 10-2263] Analyzing SystemVerilog file "/tmp/finn_dev_changhong/code_gen_ipgen_StreamingDataWidthConverter_rtl_0_tch0u0dd/dwc_axi.sv" into library work
[2025-11-02 22:29:18,234] INFO: [VRFC 10-311] analyzing module dwc_axi
[2025-11-02 22:29:18,234] WARNING: [VRFC 10-3467] initial value of parameter 'IBITS' is omitted [/tmp/finn_dev_changhong/code_gen_ipgen_StreamingDataWidthConverter_rtl_0_tch0u0dd/dwc_axi.sv:35]
[2025-11-02 22:29:18,234] WARNING: [VRFC 10-3467] initial value of parameter 'OBITS' is omitted [/tmp/finn_dev_changhong/code_gen_ipgen_StreamingDataWidthConverter_rtl_0_tch0u0dd/dwc_axi.sv:36]
[2025-11-02 22:29:18,234] INFO: [VRFC 10-2263] Analyzing SystemVerilog file "/tmp/finn_dev_changhong/code_gen_ipgen_StreamingDataWidthConverter_rtl_0_tch0u0dd/dwc.sv" into library work
[2025-11-02 22:29:18,234] INFO: [VRFC 10-311] analyzing module dwc
[2025-11-02 22:29:18,234] WARNING: [VRFC 10-3467] initial value of parameter 'IBITS' is omitted [/tmp/finn_dev_changhong/code_gen_ipgen_StreamingDataWidthConverter_rtl_0_tch0u0dd/dwc.sv:35]
[2025-11-02 22:29:18,234] WARNING: [VRFC 10-3467] initial value of parameter 'OBITS' is omitted [/tmp/finn_dev_changhong/code_gen_ipgen_StreamingDataWidthConverter_rtl_0_tch0u0dd/dwc.sv:36]
[2025-11-02 22:29:18,234] INFO: [VRFC 10-2263] Analyzing Verilog file "/tmp/finn_dev_changhong/code_gen_ipgen_StreamingDataWidthConverter_rtl_0_tch0u0dd/StreamingDataWidthConverter_rtl_0.v" into library work
[2025-11-02 22:29:18,234] INFO: [VRFC 10-311] analyzing module StreamingDataWidthConverter_rtl_0
[2025-11-02 22:29:18,234] INFO: [VRFC 10-2263] Analyzing Verilog file "/tmp/finn_dev_changhong/code_gen_ipgen_StreamingFIFO_rtl_2_ohztzpgt/Q_srl.v" into library work
[2025-11-02 22:29:18,234] INFO: [VRFC 10-311] analyzing module Q_srl
[2025-11-02 22:29:18,234] WARNING: [VRFC 10-3609] overwriting previous definition of module 'Q_srl' [/tmp/finn_dev_changhong/code_gen_ipgen_StreamingFIFO_rtl_2_ohztzpgt/Q_srl.v:72]
[2025-11-02 22:29:18,234] INFO: [VRFC 10-2263] Analyzing Verilog file "/tmp/finn_dev_changhong/code_gen_ipgen_StreamingFIFO_rtl_2_ohztzpgt/StreamingFIFO_rtl_2.v" into library work
[2025-11-02 22:29:18,234] INFO: [VRFC 10-311] analyzing module StreamingFIFO_rtl_2
[2025-11-02 22:29:18,234] INFO: [VRFC 10-2263] Analyzing Verilog file "/tmp/finn_dev_changhong/vivado_stitch_proj_aanut4e6/ip/verilog/rtl_ops/MVAU_hls_1/MVAU_hls_1_memstream_wrapper.v" into library work
[2025-11-02 22:29:18,234] INFO: [VRFC 10-311] analyzing module MVAU_hls_1_memstream_wrapper
[2025-11-02 22:29:18,234] INFO: [VRFC 10-2263] Analyzing SystemVerilog file "/tmp/finn_dev_changhong/vivado_stitch_proj_aanut4e6/ip/verilog/rtl_ops/MVAU_hls_1/axilite.sv" into library work
[2025-11-02 22:29:18,234] INFO: [VRFC 10-311] analyzing module axilite
[2025-11-02 22:29:18,234] WARNING: [VRFC 10-3467] initial value of parameter 'ADDR_WIDTH' is omitted [/tmp/finn_dev_changhong/vivado_stitch_proj_aanut4e6/ip/verilog/rtl_ops/MVAU_hls_1/axilite.sv:33]
[2025-11-02 22:29:18,234] WARNING: [VRFC 10-3467] initial value of parameter 'DATA_WIDTH' is omitted [/tmp/finn_dev_changhong/vivado_stitch_proj_aanut4e6/ip/verilog/rtl_ops/MVAU_hls_1/axilite.sv:34]
[2025-11-02 22:29:18,234] WARNING: [VRFC 10-3467] initial value of parameter 'IP_DATA_WIDTH' is omitted [/tmp/finn_dev_changhong/vivado_stitch_proj_aanut4e6/ip/verilog/rtl_ops/MVAU_hls_1/axilite.sv:35]
[2025-11-02 22:29:18,234] WARNING: [VRFC 10-3380] identifier 'snk_re' is used before its declaration [/tmp/finn_dev_changhong/vivado_stitch_proj_aanut4e6/ip/verilog/rtl_ops/MVAU_hls_1/axilite.sv:112]
[2025-11-02 22:29:18,234] WARNING: [VRFC 10-3609] overwriting previous definition of module 'axilite' [/tmp/finn_dev_changhong/vivado_stitch_proj_aanut4e6/ip/verilog/rtl_ops/MVAU_hls_1/axilite.sv:32]
[2025-11-02 22:29:18,234] INFO: [VRFC 10-2263] Analyzing SystemVerilog file "/tmp/finn_dev_changhong/vivado_stitch_proj_aanut4e6/ip/verilog/rtl_ops/MVAU_hls_1/memstream_axi.sv" into library work
[2025-11-02 22:29:18,234] INFO: [VRFC 10-311] analyzing module memstream_axi
[2025-11-02 22:29:18,234] WARNING: [VRFC 10-3467] initial value of parameter 'SETS' is omitted [/tmp/finn_dev_changhong/vivado_stitch_proj_aanut4e6/ip/verilog/rtl_ops/MVAU_hls_1/memstream_axi.sv:34]
[2025-11-02 22:29:18,234] WARNING: [VRFC 10-3467] initial value of parameter 'DEPTH' is omitted [/tmp/finn_dev_changhong/vivado_stitch_proj_aanut4e6/ip/verilog/rtl_ops/MVAU_hls_1/memstream_axi.sv:35]
[2025-11-02 22:29:18,234] WARNING: [VRFC 10-3467] initial value of parameter 'WIDTH' is omitted [/tmp/finn_dev_changhong/vivado_stitch_proj_aanut4e6/ip/verilog/rtl_ops/MVAU_hls_1/memstream_axi.sv:36]
[2025-11-02 22:29:18,234] WARNING: [VRFC 10-3609] overwriting previous definition of module 'memstream_axi' [/tmp/finn_dev_changhong/vivado_stitch_proj_aanut4e6/ip/verilog/rtl_ops/MVAU_hls_1/memstream_axi.sv:33]
[2025-11-02 22:29:18,234] INFO: [VRFC 10-2263] Analyzing SystemVerilog file "/tmp/finn_dev_changhong/vivado_stitch_proj_aanut4e6/ip/verilog/rtl_ops/MVAU_hls_1/memstream.sv" into library work
[2025-11-02 22:29:18,234] INFO: [VRFC 10-311] analyzing module memstream
[2025-11-02 22:29:18,234] WARNING: [VRFC 10-3467] initial value of parameter 'SETS' is omitted [/tmp/finn_dev_changhong/vivado_stitch_proj_aanut4e6/ip/verilog/rtl_ops/MVAU_hls_1/memstream.sv:34]
[2025-11-02 22:29:18,234] WARNING: [VRFC 10-3467] initial value of parameter 'DEPTH' is omitted [/tmp/finn_dev_changhong/vivado_stitch_proj_aanut4e6/ip/verilog/rtl_ops/MVAU_hls_1/memstream.sv:35]
[2025-11-02 22:29:18,234] WARNING: [VRFC 10-3467] initial value of parameter 'WIDTH' is omitted [/tmp/finn_dev_changhong/vivado_stitch_proj_aanut4e6/ip/verilog/rtl_ops/MVAU_hls_1/memstream.sv:36]
[2025-11-02 22:29:18,234] WARNING: [VRFC 10-3609] overwriting previous definition of module 'memstream' [/tmp/finn_dev_changhong/vivado_stitch_proj_aanut4e6/ip/verilog/rtl_ops/MVAU_hls_1/memstream.sv:33]
[2025-11-02 22:29:18,234] INFO: [VRFC 10-2263] Analyzing Verilog file "/tmp/finn_dev_changhong/code_gen_ipgen_StreamingFIFO_rtl_3_wnudba1w/Q_srl.v" into library work
[2025-11-02 22:29:18,234] INFO: [VRFC 10-311] analyzing module Q_srl
[2025-11-02 22:29:18,234] WARNING: [VRFC 10-3609] overwriting previous definition of module 'Q_srl' [/tmp/finn_dev_changhong/code_gen_ipgen_StreamingFIFO_rtl_3_wnudba1w/Q_srl.v:72]
[2025-11-02 22:29:18,234] INFO: [VRFC 10-2263] Analyzing Verilog file "/tmp/finn_dev_changhong/code_gen_ipgen_StreamingFIFO_rtl_3_wnudba1w/StreamingFIFO_rtl_3.v" into library work
[2025-11-02 22:29:18,234] INFO: [VRFC 10-311] analyzing module StreamingFIFO_rtl_3
[2025-11-02 22:29:18,234] INFO: [VRFC 10-2263] Analyzing SystemVerilog file "/tmp/finn_dev_changhong/code_gen_ipgen_StreamingDataWidthConverter_rtl_1_0yh_i5l0/dwc_axi.sv" into library work
[2025-11-02 22:29:18,234] INFO: [VRFC 10-311] analyzing module dwc_axi
[2025-11-02 22:29:18,234] WARNING: [VRFC 10-3467] initial value of parameter 'IBITS' is omitted [/tmp/finn_dev_changhong/code_gen_ipgen_StreamingDataWidthConverter_rtl_1_0yh_i5l0/dwc_axi.sv:35]
[2025-11-02 22:29:18,234] WARNING: [VRFC 10-3467] initial value of parameter 'OBITS' is omitted [/tmp/finn_dev_changhong/code_gen_ipgen_StreamingDataWidthConverter_rtl_1_0yh_i5l0/dwc_axi.sv:36]
[2025-11-02 22:29:18,234] WARNING: [VRFC 10-3609] overwriting previous definition of module 'dwc_axi' [/tmp/finn_dev_changhong/code_gen_ipgen_StreamingDataWidthConverter_rtl_1_0yh_i5l0/dwc_axi.sv:34]
[2025-11-02 22:29:18,234] INFO: [VRFC 10-2263] Analyzing SystemVerilog file "/tmp/finn_dev_changhong/code_gen_ipgen_StreamingDataWidthConverter_rtl_1_0yh_i5l0/dwc.sv" into library work
[2025-11-02 22:29:18,234] INFO: [VRFC 10-311] analyzing module dwc
[2025-11-02 22:29:18,234] WARNING: [VRFC 10-3467] initial value of parameter 'IBITS' is omitted [/tmp/finn_dev_changhong/code_gen_ipgen_StreamingDataWidthConverter_rtl_1_0yh_i5l0/dwc.sv:35]
[2025-11-02 22:29:18,234] WARNING: [VRFC 10-3467] initial value of parameter 'OBITS' is omitted [/tmp/finn_dev_changhong/code_gen_ipgen_StreamingDataWidthConverter_rtl_1_0yh_i5l0/dwc.sv:36]
[2025-11-02 22:29:18,234] WARNING: [VRFC 10-3609] overwriting previous definition of module 'dwc' [/tmp/finn_dev_changhong/code_gen_ipgen_StreamingDataWidthConverter_rtl_1_0yh_i5l0/dwc.sv:34]
[2025-11-02 22:29:18,234] INFO: [VRFC 10-2263] Analyzing Verilog file "/tmp/finn_dev_changhong/code_gen_ipgen_StreamingDataWidthConverter_rtl_1_0yh_i5l0/StreamingDataWidthConverter_rtl_1.v" into library work
[2025-11-02 22:29:18,234] INFO: [VRFC 10-311] analyzing module StreamingDataWidthConverter_rtl_1
[2025-11-02 22:29:18,234] INFO: [VRFC 10-2263] Analyzing Verilog file "/tmp/finn_dev_changhong/code_gen_ipgen_StreamingFIFO_rtl_4_sn8i0ne7/Q_srl.v" into library work
[2025-11-02 22:29:18,234] INFO: [VRFC 10-311] analyzing module Q_srl
[2025-11-02 22:29:18,235] WARNING: [VRFC 10-3609] overwriting previous definition of module 'Q_srl' [/tmp/finn_dev_changhong/code_gen_ipgen_StreamingFIFO_rtl_4_sn8i0ne7/Q_srl.v:72]
[2025-11-02 22:29:18,235] INFO: [VRFC 10-2263] Analyzing Verilog file "/tmp/finn_dev_changhong/code_gen_ipgen_StreamingFIFO_rtl_4_sn8i0ne7/StreamingFIFO_rtl_4.v" into library work
[2025-11-02 22:29:18,235] INFO: [VRFC 10-311] analyzing module StreamingFIFO_rtl_4
[2025-11-02 22:29:18,235] INFO: [VRFC 10-2263] Analyzing Verilog file "/tmp/finn_dev_changhong/vivado_stitch_proj_aanut4e6/ip/verilog/rtl_ops/MVAU_hls_2/MVAU_hls_2_memstream_wrapper.v" into library work
[2025-11-02 22:29:18,235] INFO: [VRFC 10-311] analyzing module MVAU_hls_2_memstream_wrapper
[2025-11-02 22:29:18,235] INFO: [VRFC 10-2263] Analyzing SystemVerilog file "/tmp/finn_dev_changhong/vivado_stitch_proj_aanut4e6/ip/verilog/rtl_ops/MVAU_hls_2/axilite.sv" into library work
[2025-11-02 22:29:18,235] INFO: [VRFC 10-311] analyzing module axilite
[2025-11-02 22:29:18,235] WARNING: [VRFC 10-3467] initial value of parameter 'ADDR_WIDTH' is omitted [/tmp/finn_dev_changhong/vivado_stitch_proj_aanut4e6/ip/verilog/rtl_ops/MVAU_hls_2/axilite.sv:33]
[2025-11-02 22:29:18,235] WARNING: [VRFC 10-3467] initial value of parameter 'DATA_WIDTH' is omitted [/tmp/finn_dev_changhong/vivado_stitch_proj_aanut4e6/ip/verilog/rtl_ops/MVAU_hls_2/axilite.sv:34]
[2025-11-02 22:29:18,235] WARNING: [VRFC 10-3467] initial value of parameter 'IP_DATA_WIDTH' is omitted [/tmp/finn_dev_changhong/vivado_stitch_proj_aanut4e6/ip/verilog/rtl_ops/MVAU_hls_2/axilite.sv:35]
[2025-11-02 22:29:18,235] WARNING: [VRFC 10-3380] identifier 'snk_re' is used before its declaration [/tmp/finn_dev_changhong/vivado_stitch_proj_aanut4e6/ip/verilog/rtl_ops/MVAU_hls_2/axilite.sv:112]
[2025-11-02 22:29:18,235] WARNING: [VRFC 10-3609] overwriting previous definition of module 'axilite' [/tmp/finn_dev_changhong/vivado_stitch_proj_aanut4e6/ip/verilog/rtl_ops/MVAU_hls_2/axilite.sv:32]
[2025-11-02 22:29:18,235] INFO: [VRFC 10-2263] Analyzing SystemVerilog file "/tmp/finn_dev_changhong/vivado_stitch_proj_aanut4e6/ip/verilog/rtl_ops/MVAU_hls_2/memstream_axi.sv" into library work
[2025-11-02 22:29:18,235] INFO: [VRFC 10-311] analyzing module memstream_axi
[2025-11-02 22:29:18,235] WARNING: [VRFC 10-3467] initial value of parameter 'SETS' is omitted [/tmp/finn_dev_changhong/vivado_stitch_proj_aanut4e6/ip/verilog/rtl_ops/MVAU_hls_2/memstream_axi.sv:34]
[2025-11-02 22:29:18,235] WARNING: [VRFC 10-3467] initial value of parameter 'DEPTH' is omitted [/tmp/finn_dev_changhong/vivado_stitch_proj_aanut4e6/ip/verilog/rtl_ops/MVAU_hls_2/memstream_axi.sv:35]
[2025-11-02 22:29:18,235] WARNING: [VRFC 10-3467] initial value of parameter 'WIDTH' is omitted [/tmp/finn_dev_changhong/vivado_stitch_proj_aanut4e6/ip/verilog/rtl_ops/MVAU_hls_2/memstream_axi.sv:36]
[2025-11-02 22:29:18,235] WARNING: [VRFC 10-3609] overwriting previous definition of module 'memstream_axi' [/tmp/finn_dev_changhong/vivado_stitch_proj_aanut4e6/ip/verilog/rtl_ops/MVAU_hls_2/memstream_axi.sv:33]
[2025-11-02 22:29:18,235] INFO: [VRFC 10-2263] Analyzing SystemVerilog file "/tmp/finn_dev_changhong/vivado_stitch_proj_aanut4e6/ip/verilog/rtl_ops/MVAU_hls_2/memstream.sv" into library work
[2025-11-02 22:29:18,235] INFO: [VRFC 10-311] analyzing module memstream
[2025-11-02 22:29:18,235] WARNING: [VRFC 10-3467] initial value of parameter 'SETS' is omitted [/tmp/finn_dev_changhong/vivado_stitch_proj_aanut4e6/ip/verilog/rtl_ops/MVAU_hls_2/memstream.sv:34]
[2025-11-02 22:29:18,235] WARNING: [VRFC 10-3467] initial value of parameter 'DEPTH' is omitted [/tmp/finn_dev_changhong/vivado_stitch_proj_aanut4e6/ip/verilog/rtl_ops/MVAU_hls_2/memstream.sv:35]
[2025-11-02 22:29:18,235] WARNING: [VRFC 10-3467] initial value of parameter 'WIDTH' is omitted [/tmp/finn_dev_changhong/vivado_stitch_proj_aanut4e6/ip/verilog/rtl_ops/MVAU_hls_2/memstream.sv:36]
[2025-11-02 22:29:18,235] WARNING: [VRFC 10-3609] overwriting previous definition of module 'memstream' [/tmp/finn_dev_changhong/vivado_stitch_proj_aanut4e6/ip/verilog/rtl_ops/MVAU_hls_2/memstream.sv:33]
[2025-11-02 22:29:18,235] INFO: [VRFC 10-2263] Analyzing Verilog file "/tmp/finn_dev_changhong/code_gen_ipgen_StreamingFIFO_rtl_5_z2wpzhor/Q_srl.v" into library work
[2025-11-02 22:29:18,235] INFO: [VRFC 10-311] analyzing module Q_srl
[2025-11-02 22:29:18,235] WARNING: [VRFC 10-3609] overwriting previous definition of module 'Q_srl' [/tmp/finn_dev_changhong/code_gen_ipgen_StreamingFIFO_rtl_5_z2wpzhor/Q_srl.v:72]
[2025-11-02 22:29:18,235] INFO: [VRFC 10-2263] Analyzing Verilog file "/tmp/finn_dev_changhong/code_gen_ipgen_StreamingFIFO_rtl_5_z2wpzhor/StreamingFIFO_rtl_5.v" into library work
[2025-11-02 22:29:18,235] INFO: [VRFC 10-311] analyzing module StreamingFIFO_rtl_5
[2025-11-02 22:29:18,235] INFO: [VRFC 10-2263] Analyzing Verilog file "/tmp/finn_dev_changhong/vivado_stitch_proj_aanut4e6/ip/verilog/rtl_ops/MVAU_hls_3/MVAU_hls_3_memstream_wrapper.v" into library work
[2025-11-02 22:29:18,235] INFO: [VRFC 10-311] analyzing module MVAU_hls_3_memstream_wrapper
[2025-11-02 22:29:18,235] INFO: [VRFC 10-2263] Analyzing SystemVerilog file "/tmp/finn_dev_changhong/vivado_stitch_proj_aanut4e6/ip/verilog/rtl_ops/MVAU_hls_3/axilite.sv" into library work
[2025-11-02 22:29:18,235] INFO: [VRFC 10-311] analyzing module axilite
[2025-11-02 22:29:18,235] WARNING: [VRFC 10-3467] initial value of parameter 'ADDR_WIDTH' is omitted [/tmp/finn_dev_changhong/vivado_stitch_proj_aanut4e6/ip/verilog/rtl_ops/MVAU_hls_3/axilite.sv:33]
[2025-11-02 22:29:18,235] WARNING: [VRFC 10-3467] initial value of parameter 'DATA_WIDTH' is omitted [/tmp/finn_dev_changhong/vivado_stitch_proj_aanut4e6/ip/verilog/rtl_ops/MVAU_hls_3/axilite.sv:34]
[2025-11-02 22:29:18,235] WARNING: [VRFC 10-3467] initial value of parameter 'IP_DATA_WIDTH' is omitted [/tmp/finn_dev_changhong/vivado_stitch_proj_aanut4e6/ip/verilog/rtl_ops/MVAU_hls_3/axilite.sv:35]
[2025-11-02 22:29:18,235] WARNING: [VRFC 10-3380] identifier 'snk_re' is used before its declaration [/tmp/finn_dev_changhong/vivado_stitch_proj_aanut4e6/ip/verilog/rtl_ops/MVAU_hls_3/axilite.sv:112]
[2025-11-02 22:29:18,235] WARNING: [VRFC 10-3609] overwriting previous definition of module 'axilite' [/tmp/finn_dev_changhong/vivado_stitch_proj_aanut4e6/ip/verilog/rtl_ops/MVAU_hls_3/axilite.sv:32]
[2025-11-02 22:29:18,235] INFO: [VRFC 10-2263] Analyzing SystemVerilog file "/tmp/finn_dev_changhong/vivado_stitch_proj_aanut4e6/ip/verilog/rtl_ops/MVAU_hls_3/memstream_axi.sv" into library work
[2025-11-02 22:29:18,235] INFO: [VRFC 10-311] analyzing module memstream_axi
[2025-11-02 22:29:18,235] WARNING: [VRFC 10-3467] initial value of parameter 'SETS' is omitted [/tmp/finn_dev_changhong/vivado_stitch_proj_aanut4e6/ip/verilog/rtl_ops/MVAU_hls_3/memstream_axi.sv:34]
[2025-11-02 22:29:18,235] WARNING: [VRFC 10-3467] initial value of parameter 'DEPTH' is omitted [/tmp/finn_dev_changhong/vivado_stitch_proj_aanut4e6/ip/verilog/rtl_ops/MVAU_hls_3/memstream_axi.sv:35]
[2025-11-02 22:29:18,235] WARNING: [VRFC 10-3467] initial value of parameter 'WIDTH' is omitted [/tmp/finn_dev_changhong/vivado_stitch_proj_aanut4e6/ip/verilog/rtl_ops/MVAU_hls_3/memstream_axi.sv:36]
[2025-11-02 22:29:18,235] WARNING: [VRFC 10-3609] overwriting previous definition of module 'memstream_axi' [/tmp/finn_dev_changhong/vivado_stitch_proj_aanut4e6/ip/verilog/rtl_ops/MVAU_hls_3/memstream_axi.sv:33]
[2025-11-02 22:29:18,235] INFO: [VRFC 10-2263] Analyzing SystemVerilog file "/tmp/finn_dev_changhong/vivado_stitch_proj_aanut4e6/ip/verilog/rtl_ops/MVAU_hls_3/memstream.sv" into library work
[2025-11-02 22:29:18,235] INFO: [VRFC 10-311] analyzing module memstream
[2025-11-02 22:29:18,235] WARNING: [VRFC 10-3467] initial value of parameter 'SETS' is omitted [/tmp/finn_dev_changhong/vivado_stitch_proj_aanut4e6/ip/verilog/rtl_ops/MVAU_hls_3/memstream.sv:34]
[2025-11-02 22:29:18,235] WARNING: [VRFC 10-3467] initial value of parameter 'DEPTH' is omitted [/tmp/finn_dev_changhong/vivado_stitch_proj_aanut4e6/ip/verilog/rtl_ops/MVAU_hls_3/memstream.sv:35]
[2025-11-02 22:29:18,235] WARNING: [VRFC 10-3467] initial value of parameter 'WIDTH' is omitted [/tmp/finn_dev_changhong/vivado_stitch_proj_aanut4e6/ip/verilog/rtl_ops/MVAU_hls_3/memstream.sv:36]
[2025-11-02 22:29:18,235] WARNING: [VRFC 10-3609] overwriting previous definition of module 'memstream' [/tmp/finn_dev_changhong/vivado_stitch_proj_aanut4e6/ip/verilog/rtl_ops/MVAU_hls_3/memstream.sv:33]
[2025-11-02 22:29:18,235] INFO: [VRFC 10-2263] Analyzing Verilog file "/tmp/finn_dev_changhong/code_gen_ipgen_StreamingFIFO_rtl_6_sw495k16/Q_srl.v" into library work
[2025-11-02 22:29:18,235] INFO: [VRFC 10-311] analyzing module Q_srl
[2025-11-02 22:29:18,235] WARNING: [VRFC 10-3609] overwriting previous definition of module 'Q_srl' [/tmp/finn_dev_changhong/code_gen_ipgen_StreamingFIFO_rtl_6_sw495k16/Q_srl.v:72]
[2025-11-02 22:29:18,235] INFO: [VRFC 10-2263] Analyzing Verilog file "/tmp/finn_dev_changhong/code_gen_ipgen_StreamingFIFO_rtl_6_sw495k16/StreamingFIFO_rtl_6.v" into library work
[2025-11-02 22:29:18,235] INFO: [VRFC 10-311] analyzing module StreamingFIFO_rtl_6
[2025-11-02 22:29:18,235] INFO: [VRFC 10-2263] Analyzing Verilog file "/tmp/finn_dev_changhong/vivado_stitch_proj_aanut4e6/finn_vivado_stitch_proj.gen/sources_1/bd/finn_design/hdl/finn_design_wrapper.v" into library work
[2025-11-02 22:29:18,235] INFO: [VRFC 10-311] analyzing module finn_design_wrapper
[2025-11-02 22:29:18,235] Starting static elaboration
[2025-11-02 22:29:18,235] Pass Through NonSizing Optimizer
[2025-11-02 22:29:18,235] WARNING: [VRFC 10-3091] actual bit length 32 differs from formal bit length 6 for port 'config_address' [/tmp/finn_dev_changhong/vivado_stitch_proj_aanut4e6/ip/verilog/rtl_ops/MVAU_hls_3/memstream_axi.sv:164]
[2025-11-02 22:29:18,235] WARNING: [VRFC 10-3091] actual bit length 1200 differs from formal bit length 1 for port 'sidx' [/tmp/finn_dev_changhong/vivado_stitch_proj_aanut4e6/ip/verilog/rtl_ops/MVAU_hls_3/memstream_axi.sv:171]
[2025-11-02 22:29:18,235] Completed static elaboration
[2025-11-02 22:29:18,235] Starting simulation data flow analysis
[2025-11-02 22:29:18,235] WARNING: [XSIM 43-4099] "/tmp/finn_dev_changhong/vivado_stitch_proj_aanut4e6/finn_vivado_stitch_proj.gen/sources_1/bd/finn_design/ip/finn_design_MVAU_hls_0_0/synth/finn_design_MVAU_hls_0_0.v" Line 53. Module finn_design_MVAU_hls_0_0 doesn't have a timescale but at least one module in design has a timescale.
[2025-11-02 22:29:18,235] WARNING: [XSIM 43-4099] "/tmp/finn_dev_changhong/vivado_stitch_proj_aanut4e6/finn_vivado_stitch_proj.gen/sources_1/bd/finn_design/ip/finn_design_MVAU_hls_0_wstrm_0/synth/finn_design_MVAU_hls_0_wstrm_0.v" Line 53. Module finn_design_MVAU_hls_0_wstrm_0 doesn't have a timescale but at least one module in design has a timescale.
[2025-11-02 22:29:18,235] WARNING: [XSIM 43-4099] "/tmp/finn_dev_changhong/vivado_stitch_proj_aanut4e6/ip/verilog/rtl_ops/MVAU_hls_0/MVAU_hls_0_memstream_wrapper.v" Line 32. Module MVAU_hls_0_memstream_wrapper(AXILITE_ADDR_WIDTH=14,SET_BITS=1) doesn't have a timescale but at least one module in design has a timescale.
[2025-11-02 22:29:18,235] WARNING: [XSIM 43-4099] "/tmp/finn_dev_changhong/vivado_stitch_proj_aanut4e6/ip/verilog/rtl_ops/MVAU_hls_3/memstream_axi.sv" Line 33. Module memstream_axi(SETS=32'b01,DEPTH=32'b01000000,WIDTH=32'b010010110000,INIT_FILE="/tmp/finn_dev_changhong/code_gen_ipgen_MVAU_hls_0_9ctvigng/memblock.dat",PUMPED_MEMORY=1'b0) doesn't have a timescale but at least one module in design has a timescale.
[2025-11-02 22:29:18,235] WARNING: [XSIM 43-4099] "/tmp/finn_dev_changhong/vivado_stitch_proj_aanut4e6/ip/verilog/rtl_ops/MVAU_hls_3/axilite.sv" Line 32. Module axilite(ADDR_WIDTH=32'b01110,DATA_WIDTH=32'b0100000,IP_DATA_WIDTH=32'b010010110000) doesn't have a timescale but at least one module in design has a timescale.
[2025-11-02 22:29:18,235] WARNING: [XSIM 43-4099] "/tmp/finn_dev_changhong/vivado_stitch_proj_aanut4e6/ip/verilog/rtl_ops/MVAU_hls_3/memstream.sv" Line 33. Module memstream(SETS=32'b01,DEPTH=32'b01000000,WIDTH=32'b010010110000,INIT_FILE="/tmp/finn_dev_changhong/code_gen_ipgen_MVAU_hls_0_9ctvigng/memblock.dat") doesn't have a timescale but at least one module in design has a timescale.
[2025-11-02 22:29:18,235] WARNING: [XSIM 43-4099] "/tmp/finn_dev_changhong/vivado_stitch_proj_aanut4e6/finn_vivado_stitch_proj.gen/sources_1/bd/finn_design/ip/finn_design_MVAU_hls_1_0/synth/finn_design_MVAU_hls_1_0.v" Line 53. Module finn_design_MVAU_hls_1_0 doesn't have a timescale but at least one module in design has a timescale.
[2025-11-02 22:29:18,235] WARNING: [XSIM 43-4099] "/tmp/finn_dev_changhong/vivado_stitch_proj_aanut4e6/finn_vivado_stitch_proj.gen/sources_1/bd/finn_design/ip/finn_design_MVAU_hls_1_wstrm_0/synth/finn_design_MVAU_hls_1_wstrm_0.v" Line 53. Module finn_design_MVAU_hls_1_wstrm_0 doesn't have a timescale but at least one module in design has a timescale.
[2025-11-02 22:29:18,235] WARNING: [XSIM 43-4099] "/tmp/finn_dev_changhong/vivado_stitch_proj_aanut4e6/ip/verilog/rtl_ops/MVAU_hls_1/MVAU_hls_1_memstream_wrapper.v" Line 32. Module MVAU_hls_1_memstream_wrapper(AXILITE_ADDR_WIDTH=10,SET_BITS=1) doesn't have a timescale but at least one module in design has a timescale.
[2025-11-02 22:29:18,235] WARNING: [XSIM 43-4099] "/tmp/finn_dev_changhong/vivado_stitch_proj_aanut4e6/ip/verilog/rtl_ops/MVAU_hls_3/memstream_axi.sv" Line 33. Module memstream_axi(SETS=32'b01,DEPTH=32'b01000000,WIDTH=32'b010000000,INIT_FILE="/tmp/finn_dev_changhong/code_gen_ipgen_MVAU_hls_1_kd8vljfx/memblock.dat",PUMPED_MEMORY=1'b0) doesn't have a timescale but at least one module in design has a timescale.
[2025-11-02 22:29:18,235] WARNING: [XSIM 43-4099] "/tmp/finn_dev_changhong/vivado_stitch_proj_aanut4e6/ip/verilog/rtl_ops/MVAU_hls_3/axilite.sv" Line 32. Module axilite(ADDR_WIDTH=32'b01010,DATA_WIDTH=32'b0100000,IP_DATA_WIDTH=32'b010000000) doesn't have a timescale but at least one module in design has a timescale.
[2025-11-02 22:29:18,235] WARNING: [XSIM 43-4099] "/tmp/finn_dev_changhong/vivado_stitch_proj_aanut4e6/ip/verilog/rtl_ops/MVAU_hls_3/memstream.sv" Line 33. Module memstream(SETS=32'b01,DEPTH=32'b01000000,WIDTH=32'b010000000,INIT_FILE="/tmp/finn_dev_changhong/code_gen_ipgen_MVAU_hls_1_kd8vljfx/memblock.dat") doesn't have a timescale but at least one module in design has a timescale.
[2025-11-02 22:29:18,235] WARNING: [XSIM 43-4099] "/tmp/finn_dev_changhong/vivado_stitch_proj_aanut4e6/finn_vivado_stitch_proj.gen/sources_1/bd/finn_design/ip/finn_design_MVAU_hls_2_0/synth/finn_design_MVAU_hls_2_0.v" Line 53. Module finn_design_MVAU_hls_2_0 doesn't have a timescale but at least one module in design has a timescale.
[2025-11-02 22:29:18,235] WARNING: [XSIM 43-4099] "/tmp/finn_dev_changhong/vivado_stitch_proj_aanut4e6/finn_vivado_stitch_proj.gen/sources_1/bd/finn_design/ip/finn_design_MVAU_hls_2_wstrm_0/synth/finn_design_MVAU_hls_2_wstrm_0.v" Line 53. Module finn_design_MVAU_hls_2_wstrm_0 doesn't have a timescale but at least one module in design has a timescale.
[2025-11-02 22:29:18,235] WARNING: [XSIM 43-4099] "/tmp/finn_dev_changhong/vivado_stitch_proj_aanut4e6/ip/verilog/rtl_ops/MVAU_hls_2/MVAU_hls_2_memstream_wrapper.v" Line 32. Module MVAU_hls_2_memstream_wrapper(AXILITE_ADDR_WIDTH=10,SET_BITS=1) doesn't have a timescale but at least one module in design has a timescale.
[2025-11-02 22:29:18,235] WARNING: [XSIM 43-4099] "/tmp/finn_dev_changhong/vivado_stitch_proj_aanut4e6/ip/verilog/rtl_ops/MVAU_hls_3/memstream_axi.sv" Line 33. Module memstream_axi(SETS=32'b01,DEPTH=32'b01000000,WIDTH=32'b010000000,INIT_FILE="/tmp/finn_dev_changhong/code_gen_ipgen_MVAU_hls_2_onqpjtnk/memblock.dat",PUMPED_MEMORY=1'b0) doesn't have a timescale but at least one module in design has a timescale.
[2025-11-02 22:29:18,235] WARNING: [XSIM 43-4099] "/tmp/finn_dev_changhong/vivado_stitch_proj_aanut4e6/ip/verilog/rtl_ops/MVAU_hls_3/axilite.sv" Line 32. Module axilite(ADDR_WIDTH=32'b01010,DATA_WIDTH=32'b0100000,IP_DATA_WIDTH=32'b010000000) doesn't have a timescale but at least one module in design has a timescale.
[2025-11-02 22:29:18,235] WARNING: [XSIM 43-4099] "/tmp/finn_dev_changhong/vivado_stitch_proj_aanut4e6/ip/verilog/rtl_ops/MVAU_hls_3/memstream.sv" Line 33. Module memstream(SETS=32'b01,DEPTH=32'b01000000,WIDTH=32'b010000000,INIT_FILE="/tmp/finn_dev_changhong/code_gen_ipgen_MVAU_hls_2_onqpjtnk/memblock.dat") doesn't have a timescale but at least one module in design has a timescale.
[2025-11-02 22:29:18,235] WARNING: [XSIM 43-4099] "/tmp/finn_dev_changhong/vivado_stitch_proj_aanut4e6/finn_vivado_stitch_proj.gen/sources_1/bd/finn_design/ip/finn_design_MVAU_hls_3_0/synth/finn_design_MVAU_hls_3_0.v" Line 53. Module finn_design_MVAU_hls_3_0 doesn't have a timescale but at least one module in design has a timescale.
[2025-11-02 22:29:18,235] WARNING: [XSIM 43-4099] "/tmp/finn_dev_changhong/vivado_stitch_proj_aanut4e6/finn_vivado_stitch_proj.gen/sources_1/bd/finn_design/ip/finn_design_MVAU_hls_3_wstrm_0/synth/finn_design_MVAU_hls_3_wstrm_0.v" Line 53. Module finn_design_MVAU_hls_3_wstrm_0 doesn't have a timescale but at least one module in design has a timescale.
[2025-11-02 22:29:18,235] WARNING: [XSIM 43-4099] "/tmp/finn_dev_changhong/vivado_stitch_proj_aanut4e6/ip/verilog/rtl_ops/MVAU_hls_3/MVAU_hls_3_memstream_wrapper.v" Line 32. Module MVAU_hls_3_memstream_wrapper(AXILITE_ADDR_WIDTH=8,SET_BITS=1) doesn't have a timescale but at least one module in design has a timescale.
[2025-11-02 22:29:18,235] WARNING: [XSIM 43-4099] "/tmp/finn_dev_changhong/vivado_stitch_proj_aanut4e6/ip/verilog/rtl_ops/MVAU_hls_3/memstream_axi.sv" Line 33. Module memstream_axi(SETS=32'b01,DEPTH=32'b01000000,WIDTH=32'b01000,INIT_FILE="/tmp/finn_dev_changhong/code_gen_ipgen_MVAU_hls_3_q2bv6_fb/memblock.dat",PUMPED_MEMORY=1'b0) doesn't have a timescale but at least one module in design has a timescale.
[2025-11-02 22:29:18,235] WARNING: [XSIM 43-4099] "/tmp/finn_dev_changhong/vivado_stitch_proj_aanut4e6/ip/verilog/rtl_ops/MVAU_hls_3/axilite.sv" Line 32. Module axilite(ADDR_WIDTH=32'b01000,DATA_WIDTH=32'b0100000,IP_DATA_WIDTH=32'b01000) doesn't have a timescale but at least one module in design has a timescale.
[2025-11-02 22:29:18,235] WARNING: [XSIM 43-4099] "/tmp/finn_dev_changhong/vivado_stitch_proj_aanut4e6/ip/verilog/rtl_ops/MVAU_hls_3/memstream.sv" Line 33. Module memstream(SETS=32'b01,DEPTH=32'b01000000,WIDTH=32'b01000,INIT_FILE="/tmp/finn_dev_changhong/code_gen_ipgen_MVAU_hls_3_q2bv6_fb/memblock.dat") doesn't have a timescale but at least one module in design has a timescale.
[2025-11-02 22:29:18,235] WARNING: [XSIM 43-4099] "/tmp/finn_dev_changhong/code_gen_ipgen_StreamingDataWidthConverter_rtl_0_tch0u0dd/StreamingDataWidthConverter_rtl_0.v" Line 32. Module StreamingDataWidthConverter_rtl_0(AXI_IBITS=8,AXI_OBITS=128) doesn't have a timescale but at least one module in design has a timescale.
[2025-11-02 22:29:18,235] WARNING: [XSIM 43-4099] "/tmp/finn_dev_changhong/code_gen_ipgen_StreamingDataWidthConverter_rtl_1_0yh_i5l0/dwc_axi.sv" Line 34. Module dwc_axi(IBITS=32'b010,OBITS=32'b010000000) doesn't have a timescale but at least one module in design has a timescale.
[2025-11-02 22:29:18,235] WARNING: [XSIM 43-4099] "/tmp/finn_dev_changhong/code_gen_ipgen_StreamingDataWidthConverter_rtl_1_0yh_i5l0/dwc.sv" Line 34. Module dwc(IBITS=32'b010,OBITS=32'b010000000) doesn't have a timescale but at least one module in design has a timescale.
[2025-11-02 22:29:18,235] WARNING: [XSIM 43-4099] "/tmp/finn_dev_changhong/code_gen_ipgen_StreamingDataWidthConverter_rtl_1_0yh_i5l0/StreamingDataWidthConverter_rtl_1.v" Line 32. Module StreamingDataWidthConverter_rtl_1(AXI_IBITS=8,AXI_OBITS=128) doesn't have a timescale but at least one module in design has a timescale.
[2025-11-02 22:29:18,235] WARNING: [XSIM 43-4099] "/tmp/finn_dev_changhong/code_gen_ipgen_StreamingDataWidthConverter_rtl_1_0yh_i5l0/dwc_axi.sv" Line 34. Module dwc_axi(IBITS=32'b010,OBITS=32'b010000000) doesn't have a timescale but at least one module in design has a timescale.
[2025-11-02 22:29:18,235] WARNING: [XSIM 43-4099] "/tmp/finn_dev_changhong/code_gen_ipgen_StreamingDataWidthConverter_rtl_1_0yh_i5l0/dwc.sv" Line 34. Module dwc(IBITS=32'b010,OBITS=32'b010000000) doesn't have a timescale but at least one module in design has a timescale.
[2025-11-02 22:29:18,235] WARNING: [XSIM 43-4099] "/tmp/finn_dev_changhong/vivado_stitch_proj_aanut4e6/finn_vivado_stitch_proj.gen/sources_1/bd/finn_design/ip/finn_design_StreamingFIFO_rtl_0_0/synth/finn_design_StreamingFIFO_rtl_0_0.v" Line 53. Module finn_design_StreamingFIFO_rtl_0_0 doesn't have a timescale but at least one module in design has a timescale.
[2025-11-02 22:29:18,235] WARNING: [XSIM 43-4099] "/tmp/finn_dev_changhong/code_gen_ipgen_StreamingFIFO_rtl_0_usqaqfu1/StreamingFIFO_rtl_0.v" Line 32. Module StreamingFIFO_rtl_0 doesn't have a timescale but at least one module in design has a timescale.
[2025-11-02 22:29:18,235] WARNING: [XSIM 43-4099] "/tmp/finn_dev_changhong/code_gen_ipgen_StreamingFIFO_rtl_6_sw495k16/Q_srl.v" Line 72. Module Q_srl(depth=2,width=600) doesn't have a timescale but at least one module in design has a timescale.
[2025-11-02 22:29:18,235] WARNING: [XSIM 43-4099] "/tmp/finn_dev_changhong/vivado_stitch_proj_aanut4e6/finn_vivado_stitch_proj.gen/sources_1/bd/finn_design/ip/finn_design_StreamingFIFO_rtl_1_0/synth/finn_design_StreamingFIFO_rtl_1_0.v" Line 53. Module finn_design_StreamingFIFO_rtl_1_0 doesn't have a timescale but at least one module in design has a timescale.
[2025-11-02 22:29:18,235] WARNING: [XSIM 43-4099] "/tmp/finn_dev_changhong/code_gen_ipgen_StreamingFIFO_rtl_1_tqtc3cnu/StreamingFIFO_rtl_1.v" Line 32. Module StreamingFIFO_rtl_1 doesn't have a timescale but at least one module in design has a timescale.
[2025-11-02 22:29:18,235] WARNING: [XSIM 43-4099] "/tmp/finn_dev_changhong/code_gen_ipgen_StreamingFIFO_rtl_6_sw495k16/Q_srl.v" Line 72. Module Q_srl(depth=2,width=8) doesn't have a timescale but at least one module in design has a timescale.
[2025-11-02 22:29:18,235] WARNING: [XSIM 43-4099] "/tmp/finn_dev_changhong/vivado_stitch_proj_aanut4e6/finn_vivado_stitch_proj.gen/sources_1/bd/finn_design/ip/finn_design_StreamingFIFO_rtl_2_0/synth/finn_design_StreamingFIFO_rtl_2_0.v" Line 53. Module finn_design_StreamingFIFO_rtl_2_0 doesn't have a timescale but at least one module in design has a timescale.
[2025-11-02 22:29:18,235] WARNING: [XSIM 43-4099] "/tmp/finn_dev_changhong/code_gen_ipgen_StreamingFIFO_rtl_2_ohztzpgt/StreamingFIFO_rtl_2.v" Line 32. Module StreamingFIFO_rtl_2 doesn't have a timescale but at least one module in design has a timescale.
[2025-11-02 22:29:18,235] WARNING: [XSIM 43-4099] "/tmp/finn_dev_changhong/code_gen_ipgen_StreamingFIFO_rtl_6_sw495k16/Q_srl.v" Line 72. Module Q_srl(depth=2,width=128) doesn't have a timescale but at least one module in design has a timescale.
[2025-11-02 22:29:18,235] WARNING: [XSIM 43-4099] "/tmp/finn_dev_changhong/vivado_stitch_proj_aanut4e6/finn_vivado_stitch_proj.gen/sources_1/bd/finn_design/ip/finn_design_StreamingFIFO_rtl_3_0/synth/finn_design_StreamingFIFO_rtl_3_0.v" Line 53. Module finn_design_StreamingFIFO_rtl_3_0 doesn't have a timescale but at least one module in design has a timescale.
[2025-11-02 22:29:18,235] WARNING: [XSIM 43-4099] "/tmp/finn_dev_changhong/code_gen_ipgen_StreamingFIFO_rtl_3_wnudba1w/StreamingFIFO_rtl_3.v" Line 32. Module StreamingFIFO_rtl_3 doesn't have a timescale but at least one module in design has a timescale.
[2025-11-02 22:29:18,235] WARNING: [XSIM 43-4099] "/tmp/finn_dev_changhong/code_gen_ipgen_StreamingFIFO_rtl_6_sw495k16/Q_srl.v" Line 72. Module Q_srl(depth=2,width=8) doesn't have a timescale but at least one module in design has a timescale.
[2025-11-02 22:29:18,235] WARNING: [XSIM 43-4099] "/tmp/finn_dev_changhong/vivado_stitch_proj_aanut4e6/finn_vivado_stitch_proj.gen/sources_1/bd/finn_design/ip/finn_design_StreamingFIFO_rtl_4_0/synth/finn_design_StreamingFIFO_rtl_4_0.v" Line 53. Module finn_design_StreamingFIFO_rtl_4_0 doesn't have a timescale but at least one module in design has a timescale.
[2025-11-02 22:29:18,235] WARNING: [XSIM 43-4099] "/tmp/finn_dev_changhong/code_gen_ipgen_StreamingFIFO_rtl_4_sn8i0ne7/StreamingFIFO_rtl_4.v" Line 32. Module StreamingFIFO_rtl_4 doesn't have a timescale but at least one module in design has a timescale.
[2025-11-02 22:29:18,235] WARNING: [XSIM 43-4099] "/tmp/finn_dev_changhong/code_gen_ipgen_StreamingFIFO_rtl_6_sw495k16/Q_srl.v" Line 72. Module Q_srl(depth=2,width=128) doesn't have a timescale but at least one module in design has a timescale.
[2025-11-02 22:29:18,236] WARNING: [XSIM 43-4099] "/tmp/finn_dev_changhong/vivado_stitch_proj_aanut4e6/finn_vivado_stitch_proj.gen/sources_1/bd/finn_design/ip/finn_design_StreamingFIFO_rtl_5_0/synth/finn_design_StreamingFIFO_rtl_5_0.v" Line 53. Module finn_design_StreamingFIFO_rtl_5_0 doesn't have a timescale but at least one module in design has a timescale.
[2025-11-02 22:29:18,236] WARNING: [XSIM 43-4099] "/tmp/finn_dev_changhong/code_gen_ipgen_StreamingFIFO_rtl_5_z2wpzhor/StreamingFIFO_rtl_5.v" Line 32. Module StreamingFIFO_rtl_5 doesn't have a timescale but at least one module in design has a timescale.
[2025-11-02 22:29:18,236] WARNING: [XSIM 43-4099] "/tmp/finn_dev_changhong/code_gen_ipgen_StreamingFIFO_rtl_6_sw495k16/Q_srl.v" Line 72. Module Q_srl(depth=2,width=8) doesn't have a timescale but at least one module in design has a timescale.
[2025-11-02 22:29:18,236] WARNING: [XSIM 43-4099] "/tmp/finn_dev_changhong/vivado_stitch_proj_aanut4e6/finn_vivado_stitch_proj.gen/sources_1/bd/finn_design/ip/finn_design_StreamingFIFO_rtl_6_0/synth/finn_design_StreamingFIFO_rtl_6_0.v" Line 53. Module finn_design_StreamingFIFO_rtl_6_0 doesn't have a timescale but at least one module in design has a timescale.
[2025-11-02 22:29:18,236] WARNING: [XSIM 43-4099] "/tmp/finn_dev_changhong/code_gen_ipgen_StreamingFIFO_rtl_6_sw495k16/StreamingFIFO_rtl_6.v" Line 32. Module StreamingFIFO_rtl_6 doesn't have a timescale but at least one module in design has a timescale.
[2025-11-02 22:29:18,236] WARNING: [XSIM 43-4099] "/tmp/finn_dev_changhong/code_gen_ipgen_StreamingFIFO_rtl_6_sw495k16/Q_srl.v" Line 72. Module Q_srl(depth=2,width=8) doesn't have a timescale but at least one module in design has a timescale.
[2025-11-02 22:29:18,236] WARNING: [XSIM 43-4099] "/tmp/finn_dev_changhong/vivado_stitch_proj_aanut4e6/finn_vivado_stitch_proj.gen/sources_1/bd/finn_design/ip/finn_design_MVAU_hls_0_0/synth/finn_design_MVAU_hls_0_0.v" Line 53. Module finn_design_MVAU_hls_0_0 doesn't have a timescale but at least one module in design has a timescale.
[2025-11-02 22:29:18,236] WARNING: [XSIM 43-4099] "/tmp/finn_dev_changhong/vivado_stitch_proj_aanut4e6/finn_vivado_stitch_proj.gen/sources_1/bd/finn_design/ip/finn_design_MVAU_hls_0_wstrm_0/synth/finn_design_MVAU_hls_0_wstrm_0.v" Line 53. Module finn_design_MVAU_hls_0_wstrm_0 doesn't have a timescale but at least one module in design has a timescale.
[2025-11-02 22:29:18,236] WARNING: [XSIM 43-4099] "/tmp/finn_dev_changhong/vivado_stitch_proj_aanut4e6/ip/verilog/rtl_ops/MVAU_hls_0/MVAU_hls_0_memstream_wrapper.v" Line 32. Module MVAU_hls_0_memstream_wrapper(AXILITE_ADDR_WIDTH=14,SET_BITS=1) doesn't have a timescale but at least one module in design has a timescale.
[2025-11-02 22:29:18,236] WARNING: [XSIM 43-4099] "/tmp/finn_dev_changhong/vivado_stitch_proj_aanut4e6/ip/verilog/rtl_ops/MVAU_hls_3/memstream_axi.sv" Line 33. Module memstream_axi(SETS=32'b01,DEPTH=32'b01000000,WIDTH=32'b010010110000,INIT_FILE="/tmp/finn_dev_changhong/code_gen_ipgen_MVAU_hls_0_9ctvigng/memblock.dat",PUMPED_MEMORY=1'b0) doesn't have a timescale but at least one module in design has a timescale.
[2025-11-02 22:29:18,236] WARNING: [XSIM 43-4099] "/tmp/finn_dev_changhong/vivado_stitch_proj_aanut4e6/ip/verilog/rtl_ops/MVAU_hls_3/axilite.sv" Line 32. Module axilite(ADDR_WIDTH=32'b01110,DATA_WIDTH=32'b0100000,IP_DATA_WIDTH=32'b010010110000) doesn't have a timescale but at least one module in design has a timescale.
[2025-11-02 22:29:18,236] WARNING: [XSIM 43-4099] "/tmp/finn_dev_changhong/vivado_stitch_proj_aanut4e6/ip/verilog/rtl_ops/MVAU_hls_3/memstream.sv" Line 33. Module memstream(SETS=32'b01,DEPTH=32'b01000000,WIDTH=32'b010010110000,INIT_FILE="/tmp/finn_dev_changhong/code_gen_ipgen_MVAU_hls_0_9ctvigng/memblock.dat") doesn't have a timescale but at least one module in design has a timescale.
[2025-11-02 22:29:18,236] WARNING: [XSIM 43-4099] "/tmp/finn_dev_changhong/vivado_stitch_proj_aanut4e6/finn_vivado_stitch_proj.gen/sources_1/bd/finn_design/ip/finn_design_MVAU_hls_1_0/synth/finn_design_MVAU_hls_1_0.v" Line 53. Module finn_design_MVAU_hls_1_0 doesn't have a timescale but at least one module in design has a timescale.
[2025-11-02 22:29:18,236] WARNING: [XSIM 43-4099] "/tmp/finn_dev_changhong/vivado_stitch_proj_aanut4e6/finn_vivado_stitch_proj.gen/sources_1/bd/finn_design/ip/finn_design_MVAU_hls_1_wstrm_0/synth/finn_design_MVAU_hls_1_wstrm_0.v" Line 53. Module finn_design_MVAU_hls_1_wstrm_0 doesn't have a timescale but at least one module in design has a timescale.
[2025-11-02 22:29:18,236] WARNING: [XSIM 43-4099] "/tmp/finn_dev_changhong/vivado_stitch_proj_aanut4e6/ip/verilog/rtl_ops/MVAU_hls_1/MVAU_hls_1_memstream_wrapper.v" Line 32. Module MVAU_hls_1_memstream_wrapper(AXILITE_ADDR_WIDTH=10,SET_BITS=1) doesn't have a timescale but at least one module in design has a timescale.
[2025-11-02 22:29:18,236] WARNING: [XSIM 43-4099] "/tmp/finn_dev_changhong/vivado_stitch_proj_aanut4e6/ip/verilog/rtl_ops/MVAU_hls_3/memstream_axi.sv" Line 33. Module memstream_axi(SETS=32'b01,DEPTH=32'b01000000,WIDTH=32'b010000000,INIT_FILE="/tmp/finn_dev_changhong/code_gen_ipgen_MVAU_hls_1_kd8vljfx/memblock.dat",PUMPED_MEMORY=1'b0) doesn't have a timescale but at least one module in design has a timescale.
[2025-11-02 22:29:18,236] WARNING: [XSIM 43-4099] "/tmp/finn_dev_changhong/vivado_stitch_proj_aanut4e6/ip/verilog/rtl_ops/MVAU_hls_3/axilite.sv" Line 32. Module axilite(ADDR_WIDTH=32'b01010,DATA_WIDTH=32'b0100000,IP_DATA_WIDTH=32'b010000000) doesn't have a timescale but at least one module in design has a timescale.
[2025-11-02 22:29:18,236] WARNING: [XSIM 43-4099] "/tmp/finn_dev_changhong/vivado_stitch_proj_aanut4e6/ip/verilog/rtl_ops/MVAU_hls_3/memstream.sv" Line 33. Module memstream(SETS=32'b01,DEPTH=32'b01000000,WIDTH=32'b010000000,INIT_FILE="/tmp/finn_dev_changhong/code_gen_ipgen_MVAU_hls_1_kd8vljfx/memblock.dat") doesn't have a timescale but at least one module in design has a timescale.
[2025-11-02 22:29:18,236] WARNING: [XSIM 43-4099] "/tmp/finn_dev_changhong/vivado_stitch_proj_aanut4e6/finn_vivado_stitch_proj.gen/sources_1/bd/finn_design/ip/finn_design_MVAU_hls_2_0/synth/finn_design_MVAU_hls_2_0.v" Line 53. Module finn_design_MVAU_hls_2_0 doesn't have a timescale but at least one module in design has a timescale.
[2025-11-02 22:29:18,236] WARNING: [XSIM 43-4099] "/tmp/finn_dev_changhong/vivado_stitch_proj_aanut4e6/finn_vivado_stitch_proj.gen/sources_1/bd/finn_design/ip/finn_design_MVAU_hls_2_wstrm_0/synth/finn_design_MVAU_hls_2_wstrm_0.v" Line 53. Module finn_design_MVAU_hls_2_wstrm_0 doesn't have a timescale but at least one module in design has a timescale.
[2025-11-02 22:29:18,236] WARNING: [XSIM 43-4099] "/tmp/finn_dev_changhong/vivado_stitch_proj_aanut4e6/ip/verilog/rtl_ops/MVAU_hls_2/MVAU_hls_2_memstream_wrapper.v" Line 32. Module MVAU_hls_2_memstream_wrapper(AXILITE_ADDR_WIDTH=10,SET_BITS=1) doesn't have a timescale but at least one module in design has a timescale.
[2025-11-02 22:29:18,236] WARNING: [XSIM 43-4099] "/tmp/finn_dev_changhong/vivado_stitch_proj_aanut4e6/ip/verilog/rtl_ops/MVAU_hls_3/memstream_axi.sv" Line 33. Module memstream_axi(SETS=32'b01,DEPTH=32'b01000000,WIDTH=32'b010000000,INIT_FILE="/tmp/finn_dev_changhong/code_gen_ipgen_MVAU_hls_2_onqpjtnk/memblock.dat",PUMPED_MEMORY=1'b0) doesn't have a timescale but at least one module in design has a timescale.
[2025-11-02 22:29:18,236] WARNING: [XSIM 43-4099] "/tmp/finn_dev_changhong/vivado_stitch_proj_aanut4e6/ip/verilog/rtl_ops/MVAU_hls_3/axilite.sv" Line 32. Module axilite(ADDR_WIDTH=32'b01010,DATA_WIDTH=32'b0100000,IP_DATA_WIDTH=32'b010000000) doesn't have a timescale but at least one module in design has a timescale.
[2025-11-02 22:29:18,236] WARNING: [XSIM 43-4099] "/tmp/finn_dev_changhong/vivado_stitch_proj_aanut4e6/ip/verilog/rtl_ops/MVAU_hls_3/memstream.sv" Line 33. Module memstream(SETS=32'b01,DEPTH=32'b01000000,WIDTH=32'b010000000,INIT_FILE="/tmp/finn_dev_changhong/code_gen_ipgen_MVAU_hls_2_onqpjtnk/memblock.dat") doesn't have a timescale but at least one module in design has a timescale.
[2025-11-02 22:29:18,236] WARNING: [XSIM 43-4099] "/tmp/finn_dev_changhong/vivado_stitch_proj_aanut4e6/finn_vivado_stitch_proj.gen/sources_1/bd/finn_design/ip/finn_design_MVAU_hls_3_0/synth/finn_design_MVAU_hls_3_0.v" Line 53. Module finn_design_MVAU_hls_3_0 doesn't have a timescale but at least one module in design has a timescale.
[2025-11-02 22:29:18,236] WARNING: [XSIM 43-4099] "/tmp/finn_dev_changhong/vivado_stitch_proj_aanut4e6/finn_vivado_stitch_proj.gen/sources_1/bd/finn_design/ip/finn_design_MVAU_hls_3_wstrm_0/synth/finn_design_MVAU_hls_3_wstrm_0.v" Line 53. Module finn_design_MVAU_hls_3_wstrm_0 doesn't have a timescale but at least one module in design has a timescale.
[2025-11-02 22:29:18,236] WARNING: [XSIM 43-4099] "/tmp/finn_dev_changhong/vivado_stitch_proj_aanut4e6/ip/verilog/rtl_ops/MVAU_hls_3/MVAU_hls_3_memstream_wrapper.v" Line 32. Module MVAU_hls_3_memstream_wrapper(AXILITE_ADDR_WIDTH=8,SET_BITS=1) doesn't have a timescale but at least one module in design has a timescale.
[2025-11-02 22:29:18,236] WARNING: [XSIM 43-4099] "/tmp/finn_dev_changhong/vivado_stitch_proj_aanut4e6/ip/verilog/rtl_ops/MVAU_hls_3/memstream_axi.sv" Line 33. Module memstream_axi(SETS=32'b01,DEPTH=32'b01000000,WIDTH=32'b01000,INIT_FILE="/tmp/finn_dev_changhong/code_gen_ipgen_MVAU_hls_3_q2bv6_fb/memblock.dat",PUMPED_MEMORY=1'b0) doesn't have a timescale but at least one module in design has a timescale.
[2025-11-02 22:29:18,236] WARNING: [XSIM 43-4099] "/tmp/finn_dev_changhong/vivado_stitch_proj_aanut4e6/ip/verilog/rtl_ops/MVAU_hls_3/axilite.sv" Line 32. Module axilite(ADDR_WIDTH=32'b01000,DATA_WIDTH=32'b0100000,IP_DATA_WIDTH=32'b01000) doesn't have a timescale but at least one module in design has a timescale.
[2025-11-02 22:29:18,236] WARNING: [XSIM 43-4099] "/tmp/finn_dev_changhong/vivado_stitch_proj_aanut4e6/ip/verilog/rtl_ops/MVAU_hls_3/memstream.sv" Line 33. Module memstream(SETS=32'b01,DEPTH=32'b01000000,WIDTH=32'b01000,INIT_FILE="/tmp/finn_dev_changhong/code_gen_ipgen_MVAU_hls_3_q2bv6_fb/memblock.dat") doesn't have a timescale but at least one module in design has a timescale.
[2025-11-02 22:29:18,236] WARNING: [XSIM 43-4099] "/tmp/finn_dev_changhong/code_gen_ipgen_StreamingDataWidthConverter_rtl_0_tch0u0dd/StreamingDataWidthConverter_rtl_0.v" Line 32. Module StreamingDataWidthConverter_rtl_0(AXI_IBITS=8,AXI_OBITS=128) doesn't have a timescale but at least one module in design has a timescale.
[2025-11-02 22:29:18,236] WARNING: [XSIM 43-4099] "/tmp/finn_dev_changhong/code_gen_ipgen_StreamingDataWidthConverter_rtl_1_0yh_i5l0/dwc_axi.sv" Line 34. Module dwc_axi(IBITS=32'b010,OBITS=32'b010000000) doesn't have a timescale but at least one module in design has a timescale.
[2025-11-02 22:29:18,236] WARNING: [XSIM 43-4099] "/tmp/finn_dev_changhong/code_gen_ipgen_StreamingDataWidthConverter_rtl_1_0yh_i5l0/dwc.sv" Line 34. Module dwc(IBITS=32'b010,OBITS=32'b010000000) doesn't have a timescale but at least one module in design has a timescale.
[2025-11-02 22:29:18,236] WARNING: [XSIM 43-4099] "/tmp/finn_dev_changhong/code_gen_ipgen_StreamingDataWidthConverter_rtl_1_0yh_i5l0/StreamingDataWidthConverter_rtl_1.v" Line 32. Module StreamingDataWidthConverter_rtl_1(AXI_IBITS=8,AXI_OBITS=128) doesn't have a timescale but at least one module in design has a timescale.
[2025-11-02 22:29:18,236] WARNING: [XSIM 43-4099] "/tmp/finn_dev_changhong/code_gen_ipgen_StreamingDataWidthConverter_rtl_1_0yh_i5l0/dwc_axi.sv" Line 34. Module dwc_axi(IBITS=32'b010,OBITS=32'b010000000) doesn't have a timescale but at least one module in design has a timescale.
[2025-11-02 22:29:18,236] WARNING: [XSIM 43-4099] "/tmp/finn_dev_changhong/code_gen_ipgen_StreamingDataWidthConverter_rtl_1_0yh_i5l0/dwc.sv" Line 34. Module dwc(IBITS=32'b010,OBITS=32'b010000000) doesn't have a timescale but at least one module in design has a timescale.
[2025-11-02 22:29:18,236] WARNING: [XSIM 43-4099] "/tmp/finn_dev_changhong/vivado_stitch_proj_aanut4e6/finn_vivado_stitch_proj.gen/sources_1/bd/finn_design/ip/finn_design_StreamingFIFO_rtl_0_0/synth/finn_design_StreamingFIFO_rtl_0_0.v" Line 53. Module finn_design_StreamingFIFO_rtl_0_0 doesn't have a timescale but at least one module in design has a timescale.
[2025-11-02 22:29:18,236] WARNING: [XSIM 43-4099] "/tmp/finn_dev_changhong/code_gen_ipgen_StreamingFIFO_rtl_0_usqaqfu1/StreamingFIFO_rtl_0.v" Line 32. Module StreamingFIFO_rtl_0 doesn't have a timescale but at least one module in design has a timescale.
[2025-11-02 22:29:18,236] WARNING: [XSIM 43-4099] "/tmp/finn_dev_changhong/code_gen_ipgen_StreamingFIFO_rtl_6_sw495k16/Q_srl.v" Line 72. Module Q_srl(depth=2,width=600) doesn't have a timescale but at least one module in design has a timescale.
[2025-11-02 22:29:18,236] WARNING: [XSIM 43-4099] "/tmp/finn_dev_changhong/vivado_stitch_proj_aanut4e6/finn_vivado_stitch_proj.gen/sources_1/bd/finn_design/ip/finn_design_StreamingFIFO_rtl_1_0/synth/finn_design_StreamingFIFO_rtl_1_0.v" Line 53. Module finn_design_StreamingFIFO_rtl_1_0 doesn't have a timescale but at least one module in design has a timescale.
[2025-11-02 22:29:18,236] WARNING: [XSIM 43-4099] "/tmp/finn_dev_changhong/code_gen_ipgen_StreamingFIFO_rtl_1_tqtc3cnu/StreamingFIFO_rtl_1.v" Line 32. Module StreamingFIFO_rtl_1 doesn't have a timescale but at least one module in design has a timescale.
[2025-11-02 22:29:18,236] WARNING: [XSIM 43-4099] "/tmp/finn_dev_changhong/code_gen_ipgen_StreamingFIFO_rtl_6_sw495k16/Q_srl.v" Line 72. Module Q_srl(depth=2,width=8) doesn't have a timescale but at least one module in design has a timescale.
[2025-11-02 22:29:18,236] WARNING: [XSIM 43-4099] "/tmp/finn_dev_changhong/vivado_stitch_proj_aanut4e6/finn_vivado_stitch_proj.gen/sources_1/bd/finn_design/ip/finn_design_StreamingFIFO_rtl_2_0/synth/finn_design_StreamingFIFO_rtl_2_0.v" Line 53. Module finn_design_StreamingFIFO_rtl_2_0 doesn't have a timescale but at least one module in design has a timescale.
[2025-11-02 22:29:18,236] WARNING: [XSIM 43-4099] "/tmp/finn_dev_changhong/code_gen_ipgen_StreamingFIFO_rtl_2_ohztzpgt/StreamingFIFO_rtl_2.v" Line 32. Module StreamingFIFO_rtl_2 doesn't have a timescale but at least one module in design has a timescale.
[2025-11-02 22:29:18,236] WARNING: [XSIM 43-4099] "/tmp/finn_dev_changhong/code_gen_ipgen_StreamingFIFO_rtl_6_sw495k16/Q_srl.v" Line 72. Module Q_srl(depth=2,width=128) doesn't have a timescale but at least one module in design has a timescale.
[2025-11-02 22:29:18,236] WARNING: [XSIM 43-4099] "/tmp/finn_dev_changhong/vivado_stitch_proj_aanut4e6/finn_vivado_stitch_proj.gen/sources_1/bd/finn_design/ip/finn_design_StreamingFIFO_rtl_3_0/synth/finn_design_StreamingFIFO_rtl_3_0.v" Line 53. Module finn_design_StreamingFIFO_rtl_3_0 doesn't have a timescale but at least one module in design has a timescale.
[2025-11-02 22:29:18,236] WARNING: [XSIM 43-4099] "/tmp/finn_dev_changhong/code_gen_ipgen_StreamingFIFO_rtl_3_wnudba1w/StreamingFIFO_rtl_3.v" Line 32. Module StreamingFIFO_rtl_3 doesn't have a timescale but at least one module in design has a timescale.
[2025-11-02 22:29:18,236] WARNING: [XSIM 43-4099] "/tmp/finn_dev_changhong/code_gen_ipgen_StreamingFIFO_rtl_6_sw495k16/Q_srl.v" Line 72. Module Q_srl(depth=2,width=8) doesn't have a timescale but at least one module in design has a timescale.
[2025-11-02 22:29:18,236] WARNING: [XSIM 43-4099] "/tmp/finn_dev_changhong/vivado_stitch_proj_aanut4e6/finn_vivado_stitch_proj.gen/sources_1/bd/finn_design/ip/finn_design_StreamingFIFO_rtl_4_0/synth/finn_design_StreamingFIFO_rtl_4_0.v" Line 53. Module finn_design_StreamingFIFO_rtl_4_0 doesn't have a timescale but at least one module in design has a timescale.
[2025-11-02 22:29:18,236] WARNING: [XSIM 43-4099] "/tmp/finn_dev_changhong/code_gen_ipgen_StreamingFIFO_rtl_4_sn8i0ne7/StreamingFIFO_rtl_4.v" Line 32. Module StreamingFIFO_rtl_4 doesn't have a timescale but at least one module in design has a timescale.
[2025-11-02 22:29:18,236] WARNING: [XSIM 43-4099] "/tmp/finn_dev_changhong/code_gen_ipgen_StreamingFIFO_rtl_6_sw495k16/Q_srl.v" Line 72. Module Q_srl(depth=2,width=128) doesn't have a timescale but at least one module in design has a timescale.
[2025-11-02 22:29:18,236] WARNING: [XSIM 43-4099] "/tmp/finn_dev_changhong/vivado_stitch_proj_aanut4e6/finn_vivado_stitch_proj.gen/sources_1/bd/finn_design/ip/finn_design_StreamingFIFO_rtl_5_0/synth/finn_design_StreamingFIFO_rtl_5_0.v" Line 53. Module finn_design_StreamingFIFO_rtl_5_0 doesn't have a timescale but at least one module in design has a timescale.
[2025-11-02 22:29:18,236] WARNING: [XSIM 43-4099] "/tmp/finn_dev_changhong/code_gen_ipgen_StreamingFIFO_rtl_5_z2wpzhor/StreamingFIFO_rtl_5.v" Line 32. Module StreamingFIFO_rtl_5 doesn't have a timescale but at least one module in design has a timescale.
[2025-11-02 22:29:18,236] WARNING: [XSIM 43-4099] "/tmp/finn_dev_changhong/code_gen_ipgen_StreamingFIFO_rtl_6_sw495k16/Q_srl.v" Line 72. Module Q_srl(depth=2,width=8) doesn't have a timescale but at least one module in design has a timescale.
[2025-11-02 22:29:18,236] WARNING: [XSIM 43-4099] "/tmp/finn_dev_changhong/vivado_stitch_proj_aanut4e6/finn_vivado_stitch_proj.gen/sources_1/bd/finn_design/ip/finn_design_StreamingFIFO_rtl_6_0/synth/finn_design_StreamingFIFO_rtl_6_0.v" Line 53. Module finn_design_StreamingFIFO_rtl_6_0 doesn't have a timescale but at least one module in design has a timescale.
[2025-11-02 22:29:18,236] INFO: [Common 17-14] Message 'XSIM 43-4099' appears 100 times and further instances of the messages will be disabled. Use the Tcl command set_msg_config to change the current settings.
[2025-11-02 22:29:18,236] Completed simulation data flow analysis
[2025-11-02 22:29:18,236] Time Resolution for simulation is 1ps
[2025-11-02 22:29:18,236] Compiling module work.glbl
[2025-11-02 22:29:18,236] Compiling module work.MVAU_hls_0_Matrix_Vector_Activat...
[2025-11-02 22:29:18,236] Compiling module work.MVAU_hls_0_Matrix_Vector_Activat...
[2025-11-02 22:29:18,236] Compiling module work.MVAU_hls_0_Matrix_Vector_Activat...
[2025-11-02 22:29:18,236] Compiling module work.MVAU_hls_0_flow_control_loop_pip...
[2025-11-02 22:29:18,236] Compiling module work.MVAU_hls_0_Matrix_Vector_Activat...
[2025-11-02 22:29:18,236] Compiling module work.MVAU_hls_0_regslice_both(DataWid...
[2025-11-02 22:29:18,236] Compiling module work.MVAU_hls_0_regslice_both(DataWid...
[2025-11-02 22:29:18,236] Compiling module work.MVAU_hls_0_regslice_both(DataWid...
[2025-11-02 22:29:18,236] Compiling module work.MVAU_hls_0
[2025-11-02 22:29:18,236] Compiling module work.finn_design_MVAU_hls_0_0
[2025-11-02 22:29:18,236] Compiling module work.axilite(ADDR_WIDTH=32'b01110,DAT...
[2025-11-02 22:29:18,236] Compiling module work.memstream(SETS=32'b01,DEPTH=32'b...
[2025-11-02 22:29:18,236] Compiling module work.memstream_axi(SETS=32'b01,DEPTH=...
[2025-11-02 22:29:18,236] Compiling module work.MVAU_hls_0_memstream_wrapper(AXI...
[2025-11-02 22:29:18,236] Compiling module work.finn_design_MVAU_hls_0_wstrm_0
[2025-11-02 22:29:18,236] Compiling module work.MVAU_hls_0_imp_7OH4JA
[2025-11-02 22:29:18,236] Compiling module work.MVAU_hls_1_Matrix_Vector_Activat...
[2025-11-02 22:29:18,236] Compiling module work.MVAU_hls_1_Matrix_Vector_Activat...
[2025-11-02 22:29:18,236] Compiling module work.MVAU_hls_1_Matrix_Vector_Activat...
[2025-11-02 22:29:18,236] Compiling module work.MVAU_hls_1_mul_2ns_2s_4_1_1(NUM_...
[2025-11-02 22:29:18,236] Compiling module work.MVAU_hls_1_flow_control_loop_pip...
[2025-11-02 22:29:18,236] Compiling module work.MVAU_hls_1_Matrix_Vector_Activat...
[2025-11-02 22:29:18,236] Compiling module work.MVAU_hls_1_regslice_both(DataWid...
[2025-11-02 22:29:18,236] Compiling module work.MVAU_hls_1_regslice_both(DataWid...
[2025-11-02 22:29:18,236] Compiling module work.MVAU_hls_1
[2025-11-02 22:29:18,236] Compiling module work.finn_design_MVAU_hls_1_0
[2025-11-02 22:29:18,236] Compiling module work.axilite(ADDR_WIDTH=32'b01010,DAT...
[2025-11-02 22:29:18,236] Compiling module work.memstream(SETS=32'b01,DEPTH=32'b...
[2025-11-02 22:29:18,236] Compiling module work.memstream_axi(SETS=32'b01,DEPTH=...
[2025-11-02 22:29:18,236] Compiling module work.MVAU_hls_1_memstream_wrapper(AXI...
[2025-11-02 22:29:18,236] Compiling module work.finn_design_MVAU_hls_1_wstrm_0
[2025-11-02 22:29:18,236] Compiling module work.MVAU_hls_1_imp_ZIW0NT
[2025-11-02 22:29:18,236] Compiling module work.MVAU_hls_2_Matrix_Vector_Activat...
[2025-11-02 22:29:18,236] Compiling module work.MVAU_hls_2_Matrix_Vector_Activat...
[2025-11-02 22:29:18,236] Compiling module work.MVAU_hls_2_Matrix_Vector_Activat...
[2025-11-02 22:29:18,236] Compiling module work.MVAU_hls_2_mul_2ns_2s_4_1_1(NUM_...
[2025-11-02 22:29:18,236] Compiling module work.MVAU_hls_2_flow_control_loop_pip...
[2025-11-02 22:29:18,236] Compiling module work.MVAU_hls_2_Matrix_Vector_Activat...
[2025-11-02 22:29:18,236] Compiling module work.MVAU_hls_2_regslice_both(DataWid...
[2025-11-02 22:29:18,236] Compiling module work.MVAU_hls_2_regslice_both(DataWid...
[2025-11-02 22:29:18,236] Compiling module work.MVAU_hls_2
[2025-11-02 22:29:18,236] Compiling module work.finn_design_MVAU_hls_2_0
[2025-11-02 22:29:18,236] Compiling module work.memstream(SETS=32'b01,DEPTH=32'b...
[2025-11-02 22:29:18,236] Compiling module work.memstream_axi(SETS=32'b01,DEPTH=...
[2025-11-02 22:29:18,236] Compiling module work.MVAU_hls_2_memstream_wrapper(AXI...
[2025-11-02 22:29:18,236] Compiling module work.finn_design_MVAU_hls_2_wstrm_0
[2025-11-02 22:29:18,236] Compiling module work.MVAU_hls_2_imp_1WP2WTL
[2025-11-02 22:29:18,236] Compiling module work.MVAU_hls_3_mul_2ns_2s_4_1_1(NUM_...
[2025-11-02 22:29:18,236] Compiling module work.MVAU_hls_3_flow_control_loop_pip...
[2025-11-02 22:29:18,236] Compiling module work.MVAU_hls_3_regslice_both(DataWid...
[2025-11-02 22:29:18,236] Compiling module work.MVAU_hls_3
[2025-11-02 22:29:18,236] Compiling module work.finn_design_MVAU_hls_3_0
[2025-11-02 22:29:18,236] Compiling module work.axilite(ADDR_WIDTH=32'b01000,DAT...
[2025-11-02 22:29:18,236] Compiling module work.memstream(SETS=32'b01,DEPTH=32'b...
[2025-11-02 22:29:18,236] Compiling module work.memstream_axi(SETS=32'b01,DEPTH=...
[2025-11-02 22:29:18,236] Compiling module work.MVAU_hls_3_memstream_wrapper(AXI...
[2025-11-02 22:29:18,237] Compiling module work.finn_design_MVAU_hls_3_wstrm_0
[2025-11-02 22:29:18,237] Compiling module work.MVAU_hls_3_imp_U0RWZQ
[2025-11-02 22:29:18,237] Compiling module work.dwc(IBITS=32'b010,OBITS=32'b0100...
[2025-11-02 22:29:18,237] Compiling module work.dwc_axi(IBITS=32'b010,OBITS=32'b...
[2025-11-02 22:29:18,237] Compiling module work.StreamingDataWidthConverter_rtl_...
[2025-11-02 22:29:18,237] Compiling module work.StreamingDataWidthConverter_rtl_...
[2025-11-02 22:29:18,237] Compiling module work.Q_srl(depth=2,width=600)
[2025-11-02 22:29:18,237] Compiling module work.StreamingFIFO_rtl_0
[2025-11-02 22:29:18,237] Compiling module work.finn_design_StreamingFIFO_rtl_0_...
[2025-11-02 22:29:18,237] Compiling module work.Q_srl(depth=2,width=8)
[2025-11-02 22:29:18,237] Compiling module work.StreamingFIFO_rtl_1
[2025-11-02 22:29:18,237] Compiling module work.finn_design_StreamingFIFO_rtl_1_...
[2025-11-02 22:29:18,237] Compiling module work.Q_srl(depth=2,width=128)
[2025-11-02 22:29:18,237] Compiling module work.StreamingFIFO_rtl_2
[2025-11-02 22:29:18,237] Compiling module work.finn_design_StreamingFIFO_rtl_2_...
[2025-11-02 22:29:18,237] Compiling module work.StreamingFIFO_rtl_3
[2025-11-02 22:29:18,237] Compiling module work.finn_design_StreamingFIFO_rtl_3_...
[2025-11-02 22:29:18,237] Compiling module work.StreamingFIFO_rtl_4
[2025-11-02 22:29:18,237] Compiling module work.finn_design_StreamingFIFO_rtl_4_...
[2025-11-02 22:29:18,237] Compiling module work.StreamingFIFO_rtl_5
[2025-11-02 22:29:18,237] Compiling module work.finn_design_StreamingFIFO_rtl_5_...
[2025-11-02 22:29:18,237] Compiling module work.StreamingFIFO_rtl_6
[2025-11-02 22:29:18,237] Compiling module work.finn_design_StreamingFIFO_rtl_6_...
[2025-11-02 22:29:18,237] Compiling module work.finn_design
[2025-11-02 22:29:18,237] Compiling module work.finn_design_wrapper
[2025-11-02 22:29:18,237] Built XSI simulation shared library xsim.dir/finn_design_wrapper/xsimk.so
[2025-11-02 22:29:19,201] Running step: step_out_of_context_synthesis [17/20]
[2025-11-02 22:32:03,667] ap_clk
[2025-11-02 22:32:03,667] xc7z020clg400-1
[2025-11-02 22:32:03,667] 10.000000
[2025-11-02 22:32:03,667] 0
[2025-11-02 22:32:03,667] 
[2025-11-02 22:32:03,667] ****** Vivado v2022.2 (64-bit)
[2025-11-02 22:32:03,667]   **** SW Build 3671981 on Fri Oct 14 04:59:54 MDT 2022
[2025-11-02 22:32:03,667]   **** IP Build 3669848 on Fri Oct 14 08:30:02 MDT 2022
[2025-11-02 22:32:03,667]     ** Copyright 1986-2022 Xilinx, Inc. All Rights Reserved.
[2025-11-02 22:32:03,667] 
[2025-11-02 22:32:03,667] INFO: [Common 17-1239] XILINX_LOCAL_USER_DATA is set to 'no'.
[2025-11-02 22:32:03,667] source finn_design_wrapper.tcl
[2025-11-02 22:32:03,668] # set fpga_part "xc7z020clg400-1"
[2025-11-02 22:32:03,668] # set origin_dir "."
[2025-11-02 22:32:03,668] # if { [info exists ::origin_dir_loc] } {
[2025-11-02 22:32:03,668] #   set origin_dir $::origin_dir_loc
[2025-11-02 22:32:03,668] # }
[2025-11-02 22:32:03,668] # variable script_file
[2025-11-02 22:32:03,668] # set script_file "vivadocompile.tcl"
[2025-11-02 22:32:03,668] # proc help {} {
[2025-11-02 22:32:03,668] #   variable script_file
[2025-11-02 22:32:03,668] #   puts "\nDescription:"
[2025-11-02 22:32:03,668] #   puts "Recreate a Vivado project from this script. The created project will be"
[2025-11-02 22:32:03,668] #   puts "functionally equivalent to the original project for which this script was"
[2025-11-02 22:32:03,668] #   puts "generated. The script contains commands for creating a project, filesets,"
[2025-11-02 22:32:03,668] #   puts "runs, adding/importing sources and setting properties on various objects.\n"
[2025-11-02 22:32:03,668] #   puts "Syntax:"
[2025-11-02 22:32:03,668] #   puts "$script_file"
[2025-11-02 22:32:03,668] #   puts "$script_file -tclargs \[--origin_dir <path>\]"
[2025-11-02 22:32:03,668] #   puts "$script_file -tclargs \[--help\]\n"
[2025-11-02 22:32:03,668] #   puts "Usage:"
[2025-11-02 22:32:03,668] #   puts "Name                   Description"
[2025-11-02 22:32:03,668] #   puts "-------------------------------------------------------------------------"
[2025-11-02 22:32:03,668] #   puts "\[--origin_dir <path>\]  Determine source file paths wrt this path. Default"
[2025-11-02 22:32:03,668] #   puts "                       origin_dir path value is \".\", otherwise, the value"
[2025-11-02 22:32:03,668] #   puts "                       that was set with the \"-paths_relative_to\" switch"
[2025-11-02 22:32:03,668] #   puts "                       when this script was generated.\n"
[2025-11-02 22:32:03,668] #   puts "\[--help\]               Print help information for this script"
[2025-11-02 22:32:03,668] #   puts "-------------------------------------------------------------------------\n"
[2025-11-02 22:32:03,668] #   exit 0
[2025-11-02 22:32:03,668] # }
[2025-11-02 22:32:03,668] # if { $::argc > 0 } {
[2025-11-02 22:32:03,668] #   for {set i 0} {$i < [llength $::argc]} {incr i} {
[2025-11-02 22:32:03,668] #     set option [string trim [lindex $::argv $i]]
[2025-11-02 22:32:03,668] #     switch -regexp -- $option {
[2025-11-02 22:32:03,668] #       "--origin_dir" { incr i; set origin_dir [lindex $::argv $i] }
[2025-11-02 22:32:03,668] #       "--help"       { help }
[2025-11-02 22:32:03,668] #       default {
[2025-11-02 22:32:03,668] #         if { [regexp {^-} $option] } {
[2025-11-02 22:32:03,668] #           puts "ERROR: Unknown option '$option' specified, please type '$script_file -tclargs --help' for usage info.\n"
[2025-11-02 22:32:03,668] #           return 1
[2025-11-02 22:32:03,668] #         }
[2025-11-02 22:32:03,668] #       }
[2025-11-02 22:32:03,668] #     }
[2025-11-02 22:32:03,668] #   }
[2025-11-02 22:32:03,668] # }
[2025-11-02 22:32:03,668] # set orig_proj_dir "[file normalize "$origin_dir/vivadocompile"]"
[2025-11-02 22:32:03,668] # create_project -force vivadocompile ./vivadocompile -part $fpga_part
[2025-11-02 22:32:03,668] # set proj_dir [get_property directory [current_project]]
[2025-11-02 22:32:03,668] # set obj [get_projects vivadocompile]
[2025-11-02 22:32:03,668] # set_property "default_lib" "xil_defaultlib" $obj
[2025-11-02 22:32:03,668] # set_property "sim.ip.auto_export_scripts" "1" $obj
[2025-11-02 22:32:03,668] # set_property "simulator_language" "Mixed" $obj
[2025-11-02 22:32:03,668] # if {[string equal [get_filesets -quiet sources_1] ""]} {
[2025-11-02 22:32:03,668] #   create_fileset -srcset sources_1
[2025-11-02 22:32:03,668] # }
[2025-11-02 22:32:03,668] # set obj [get_filesets sources_1]
[2025-11-02 22:32:03,668] # source sources.tcl
[2025-11-02 22:32:03,668] ## set files [list \
[2025-11-02 22:32:03,668] ## "[file normalize "$origin_dir/dummy_nachiket_fooling_zsh_for_loops.h"]"\
[2025-11-02 22:32:03,668] ## "[file normalize "$origin_dir/finn_design_MVAU_hls_0_0.v"]"\
[2025-11-02 22:32:03,668] ## "[file normalize "$origin_dir/finn_design_MVAU_hls_0_wstrm_0.v"]"\
[2025-11-02 22:32:03,668] ## "[file normalize "$origin_dir/finn_design_MVAU_hls_1_0.v"]"\
[2025-11-02 22:32:03,668] ## "[file normalize "$origin_dir/finn_design_MVAU_hls_1_wstrm_0.v"]"\
[2025-11-02 22:32:03,668] ## "[file normalize "$origin_dir/finn_design_MVAU_hls_2_0.v"]"\
[2025-11-02 22:32:03,668] ## "[file normalize "$origin_dir/finn_design_MVAU_hls_2_wstrm_0.v"]"\
[2025-11-02 22:32:03,668] ## "[file normalize "$origin_dir/finn_design_MVAU_hls_3_0.v"]"\
[2025-11-02 22:32:03,668] ## "[file normalize "$origin_dir/finn_design_MVAU_hls_3_wstrm_0.v"]"\
[2025-11-02 22:32:03,668] ## "[file normalize "$origin_dir/finn_design_StreamingDataWidthConverter_rtl_0_0.v"]"\
[2025-11-02 22:32:03,668] ## "[file normalize "$origin_dir/finn_design_StreamingDataWidthConverter_rtl_1_0.v"]"\
[2025-11-02 22:32:03,668] ## "[file normalize "$origin_dir/finn_design_StreamingFIFO_rtl_0_0.v"]"\
[2025-11-02 22:32:03,668] ## "[file normalize "$origin_dir/finn_design_StreamingFIFO_rtl_1_0.v"]"\
[2025-11-02 22:32:03,668] ## "[file normalize "$origin_dir/finn_design_StreamingFIFO_rtl_2_0.v"]"\
[2025-11-02 22:32:03,668] ## "[file normalize "$origin_dir/finn_design_StreamingFIFO_rtl_3_0.v"]"\
[2025-11-02 22:32:03,668] ## "[file normalize "$origin_dir/finn_design_StreamingFIFO_rtl_4_0.v"]"\
[2025-11-02 22:32:03,668] ## "[file normalize "$origin_dir/finn_design_StreamingFIFO_rtl_5_0.v"]"\
[2025-11-02 22:32:03,668] ## "[file normalize "$origin_dir/finn_design_StreamingFIFO_rtl_6_0.v"]"\
[2025-11-02 22:32:03,668] ## "[file normalize "$origin_dir/finn_design.v"]"\
[2025-11-02 22:32:03,668] ## "[file normalize "$origin_dir/finn_design_wrapper.v"]"\
[2025-11-02 22:32:03,668] ## "[file normalize "$origin_dir/MVAU_hls_0_flow_control_loop_pipe_sequential_init.v"]"\
[2025-11-02 22:32:03,668] ## "[file normalize "$origin_dir/MVAU_hls_0_hls_deadlock_idx0_monitor.v"]"\
[2025-11-02 22:32:03,668] ## "[file normalize "$origin_dir/MVAU_hls_0_hls_deadlock_idx1_monitor.v"]"\
[2025-11-02 22:32:03,668] ## "[file normalize "$origin_dir/MVAU_hls_0_Matrix_Vector_Activate_Stream_Batch_p_ZL7threshs_0_ROM_AUTO_1R.v"]"\
[2025-11-02 22:32:03,668] ## "[file normalize "$origin_dir/MVAU_hls_0_Matrix_Vector_Activate_Stream_Batch_p_ZL7threshs_1_ROM_AUTO_1R.v"]"\
[2025-11-02 22:32:03,668] ## "[file normalize "$origin_dir/MVAU_hls_0_Matrix_Vector_Activate_Stream_Batch_p_ZL7threshs_2_ROM_AUTO_1R.v"]"\
[2025-11-02 22:32:03,668] ## "[file normalize "$origin_dir/MVAU_hls_0_Matrix_Vector_Activate_Stream_Batch.v"]"\
[2025-11-02 22:32:03,668] ## "[file normalize "$origin_dir/MVAU_hls_0_memstream_wrapper.v"]"\
[2025-11-02 22:32:03,668] ## "[file normalize "$origin_dir/MVAU_hls_0_regslice_both.v"]"\
[2025-11-02 22:32:03,668] ## "[file normalize "$origin_dir/MVAU_hls_0.v"]"\
[2025-11-02 22:32:03,668] ## "[file normalize "$origin_dir/MVAU_hls_1_flow_control_loop_pipe_sequential_init.v"]"\
[2025-11-02 22:32:03,668] ## "[file normalize "$origin_dir/MVAU_hls_1_hls_deadlock_idx0_monitor.v"]"\
[2025-11-02 22:32:03,668] ## "[file normalize "$origin_dir/MVAU_hls_1_hls_deadlock_idx1_monitor.v"]"\
[2025-11-02 22:32:03,668] ## "[file normalize "$origin_dir/MVAU_hls_1_Matrix_Vector_Activate_Stream_Batch_p_ZL7threshs_0_ROM_AUTO_1R.v"]"\
[2025-11-02 22:32:03,669] ## "[file normalize "$origin_dir/MVAU_hls_1_Matrix_Vector_Activate_Stream_Batch_p_ZL7threshs_1_ROM_AUTO_1R.v"]"\
[2025-11-02 22:32:03,669] ## "[file normalize "$origin_dir/MVAU_hls_1_Matrix_Vector_Activate_Stream_Batch_p_ZL7threshs_2_ROM_AUTO_1R.v"]"\
[2025-11-02 22:32:03,669] ## "[file normalize "$origin_dir/MVAU_hls_1_Matrix_Vector_Activate_Stream_Batch.v"]"\
[2025-11-02 22:32:03,669] ## "[file normalize "$origin_dir/MVAU_hls_1_memstream_wrapper.v"]"\
[2025-11-02 22:32:03,669] ## "[file normalize "$origin_dir/MVAU_hls_1_mul_2ns_2s_4_1_1.v"]"\
[2025-11-02 22:32:03,669] ## "[file normalize "$origin_dir/MVAU_hls_1_regslice_both.v"]"\
[2025-11-02 22:32:03,669] ## "[file normalize "$origin_dir/MVAU_hls_1.v"]"\
[2025-11-02 22:32:03,669] ## "[file normalize "$origin_dir/MVAU_hls_2_flow_control_loop_pipe_sequential_init.v"]"\
[2025-11-02 22:32:03,669] ## "[file normalize "$origin_dir/MVAU_hls_2_hls_deadlock_idx0_monitor.v"]"\
[2025-11-02 22:32:03,669] ## "[file normalize "$origin_dir/MVAU_hls_2_hls_deadlock_idx1_monitor.v"]"\
[2025-11-02 22:32:03,669] ## "[file normalize "$origin_dir/MVAU_hls_2_Matrix_Vector_Activate_Stream_Batch_p_ZL7threshs_0_ROM_AUTO_1R.v"]"\
[2025-11-02 22:32:03,669] ## "[file normalize "$origin_dir/MVAU_hls_2_Matrix_Vector_Activate_Stream_Batch_p_ZL7threshs_1_ROM_AUTO_1R.v"]"\
[2025-11-02 22:32:03,669] ## "[file normalize "$origin_dir/MVAU_hls_2_Matrix_Vector_Activate_Stream_Batch_p_ZL7threshs_2_ROM_AUTO_1R.v"]"\
[2025-11-02 22:32:03,669] ## "[file normalize "$origin_dir/MVAU_hls_2_Matrix_Vector_Activate_Stream_Batch.v"]"\
[2025-11-02 22:32:03,669] ## "[file normalize "$origin_dir/MVAU_hls_2_memstream_wrapper.v"]"\
[2025-11-02 22:32:03,669] ## "[file normalize "$origin_dir/MVAU_hls_2_mul_2ns_2s_4_1_1.v"]"\
[2025-11-02 22:32:03,669] ## "[file normalize "$origin_dir/MVAU_hls_2_regslice_both.v"]"\
[2025-11-02 22:32:03,669] ## "[file normalize "$origin_dir/MVAU_hls_2.v"]"\
[2025-11-02 22:32:03,669] ## "[file normalize "$origin_dir/MVAU_hls_3_flow_control_loop_pipe_no_ap_cont.v"]"\
[2025-11-02 22:32:03,669] ## "[file normalize "$origin_dir/MVAU_hls_3_hls_deadlock_idx0_monitor.v"]"\
[2025-11-02 22:32:03,669] ## "[file normalize "$origin_dir/MVAU_hls_3_memstream_wrapper.v"]"\
[2025-11-02 22:32:03,669] ## "[file normalize "$origin_dir/MVAU_hls_3_mul_2ns_2s_4_1_1.v"]"\
[2025-11-02 22:32:03,669] ## "[file normalize "$origin_dir/MVAU_hls_3_regslice_both.v"]"\
[2025-11-02 22:32:03,669] ## "[file normalize "$origin_dir/MVAU_hls_3.v"]"\
[2025-11-02 22:32:03,669] ## "[file normalize "$origin_dir/Q_srl.v"]"\
[2025-11-02 22:32:03,669] ## "[file normalize "$origin_dir/StreamingDataWidthConverter_rtl_0.v"]"\
[2025-11-02 22:32:03,669] ## "[file normalize "$origin_dir/StreamingDataWidthConverter_rtl_1.v"]"\
[2025-11-02 22:32:03,669] ## "[file normalize "$origin_dir/StreamingFIFO_rtl_0.v"]"\
[2025-11-02 22:32:03,669] ## "[file normalize "$origin_dir/StreamingFIFO_rtl_1.v"]"\
[2025-11-02 22:32:03,669] ## "[file normalize "$origin_dir/StreamingFIFO_rtl_2.v"]"\
[2025-11-02 22:32:03,669] ## "[file normalize "$origin_dir/StreamingFIFO_rtl_3.v"]"\
[2025-11-02 22:32:03,669] ## "[file normalize "$origin_dir/StreamingFIFO_rtl_4.v"]"\
[2025-11-02 22:32:03,669] ## "[file normalize "$origin_dir/StreamingFIFO_rtl_5.v"]"\
[2025-11-02 22:32:03,669] ## "[file normalize "$origin_dir/StreamingFIFO_rtl_6.v"]"\
[2025-11-02 22:32:03,669] ## "[file normalize "$origin_dir/axilite.sv"]"\
[2025-11-02 22:32:03,669] ## "[file normalize "$origin_dir/dummy_sv_file.sv"]"\
[2025-11-02 22:32:03,669] ## "[file normalize "$origin_dir/dwc_axi.sv"]"\
[2025-11-02 22:32:03,669] ## "[file normalize "$origin_dir/dwc.sv"]"\
[2025-11-02 22:32:03,669] ## "[file normalize "$origin_dir/memstream_axi.sv"]"\
[2025-11-02 22:32:03,669] ## "[file normalize "$origin_dir/memstream.sv"]"\
[2025-11-02 22:32:03,669] ## "[file normalize "$origin_dir/dummy_vhdl_file.vhd"]"\
[2025-11-02 22:32:03,669] ## ]
[2025-11-02 22:32:03,669] ## add_files -norecurse -fileset $obj $files
[2025-11-02 22:32:03,669] # add_files -norecurse -fileset $obj $files
[2025-11-02 22:32:03,669] WARNING: [filemgmt 56-12] File '/tmp/finn_dev_changhong/synth_out_of_context_lt9j94vz/results_finn_design_wrapper/dummy_nachiket_fooling_zsh_for_loops.h' cannot be added to the project because it already exists in the project, skipping this file
[2025-11-02 22:32:03,669] WARNING: [filemgmt 56-12] File '/tmp/finn_dev_changhong/synth_out_of_context_lt9j94vz/results_finn_design_wrapper/finn_design_MVAU_hls_0_0.v' cannot be added to the project because it already exists in the project, skipping this file
[2025-11-02 22:32:03,669] WARNING: [filemgmt 56-12] File '/tmp/finn_dev_changhong/synth_out_of_context_lt9j94vz/results_finn_design_wrapper/finn_design_MVAU_hls_0_wstrm_0.v' cannot be added to the project because it already exists in the project, skipping this file
[2025-11-02 22:32:03,669] WARNING: [filemgmt 56-12] File '/tmp/finn_dev_changhong/synth_out_of_context_lt9j94vz/results_finn_design_wrapper/finn_design_MVAU_hls_1_0.v' cannot be added to the project because it already exists in the project, skipping this file
[2025-11-02 22:32:03,669] WARNING: [filemgmt 56-12] File '/tmp/finn_dev_changhong/synth_out_of_context_lt9j94vz/results_finn_design_wrapper/finn_design_MVAU_hls_1_wstrm_0.v' cannot be added to the project because it already exists in the project, skipping this file
[2025-11-02 22:32:03,669] WARNING: [filemgmt 56-12] File '/tmp/finn_dev_changhong/synth_out_of_context_lt9j94vz/results_finn_design_wrapper/finn_design_MVAU_hls_2_0.v' cannot be added to the project because it already exists in the project, skipping this file
[2025-11-02 22:32:03,669] WARNING: [filemgmt 56-12] File '/tmp/finn_dev_changhong/synth_out_of_context_lt9j94vz/results_finn_design_wrapper/finn_design_MVAU_hls_2_wstrm_0.v' cannot be added to the project because it already exists in the project, skipping this file
[2025-11-02 22:32:03,669] WARNING: [filemgmt 56-12] File '/tmp/finn_dev_changhong/synth_out_of_context_lt9j94vz/results_finn_design_wrapper/finn_design_MVAU_hls_3_0.v' cannot be added to the project because it already exists in the project, skipping this file
[2025-11-02 22:32:03,669] WARNING: [filemgmt 56-12] File '/tmp/finn_dev_changhong/synth_out_of_context_lt9j94vz/results_finn_design_wrapper/finn_design_MVAU_hls_3_wstrm_0.v' cannot be added to the project because it already exists in the project, skipping this file
[2025-11-02 22:32:03,669] WARNING: [filemgmt 56-12] File '/tmp/finn_dev_changhong/synth_out_of_context_lt9j94vz/results_finn_design_wrapper/finn_design_StreamingDataWidthConverter_rtl_0_0.v' cannot be added to the project because it already exists in the project, skipping this file
[2025-11-02 22:32:03,669] WARNING: [filemgmt 56-12] File '/tmp/finn_dev_changhong/synth_out_of_context_lt9j94vz/results_finn_design_wrapper/finn_design_StreamingDataWidthConverter_rtl_1_0.v' cannot be added to the project because it already exists in the project, skipping this file
[2025-11-02 22:32:03,669] WARNING: [filemgmt 56-12] File '/tmp/finn_dev_changhong/synth_out_of_context_lt9j94vz/results_finn_design_wrapper/finn_design_StreamingFIFO_rtl_0_0.v' cannot be added to the project because it already exists in the project, skipping this file
[2025-11-02 22:32:03,669] WARNING: [filemgmt 56-12] File '/tmp/finn_dev_changhong/synth_out_of_context_lt9j94vz/results_finn_design_wrapper/finn_design_StreamingFIFO_rtl_1_0.v' cannot be added to the project because it already exists in the project, skipping this file
[2025-11-02 22:32:03,669] WARNING: [filemgmt 56-12] File '/tmp/finn_dev_changhong/synth_out_of_context_lt9j94vz/results_finn_design_wrapper/finn_design_StreamingFIFO_rtl_2_0.v' cannot be added to the project because it already exists in the project, skipping this file
[2025-11-02 22:32:03,669] WARNING: [filemgmt 56-12] File '/tmp/finn_dev_changhong/synth_out_of_context_lt9j94vz/results_finn_design_wrapper/finn_design_StreamingFIFO_rtl_3_0.v' cannot be added to the project because it already exists in the project, skipping this file
[2025-11-02 22:32:03,669] WARNING: [filemgmt 56-12] File '/tmp/finn_dev_changhong/synth_out_of_context_lt9j94vz/results_finn_design_wrapper/finn_design_StreamingFIFO_rtl_4_0.v' cannot be added to the project because it already exists in the project, skipping this file
[2025-11-02 22:32:03,669] WARNING: [filemgmt 56-12] File '/tmp/finn_dev_changhong/synth_out_of_context_lt9j94vz/results_finn_design_wrapper/finn_design_StreamingFIFO_rtl_5_0.v' cannot be added to the project because it already exists in the project, skipping this file
[2025-11-02 22:32:03,669] WARNING: [filemgmt 56-12] File '/tmp/finn_dev_changhong/synth_out_of_context_lt9j94vz/results_finn_design_wrapper/finn_design_StreamingFIFO_rtl_6_0.v' cannot be added to the project because it already exists in the project, skipping this file
[2025-11-02 22:32:03,669] WARNING: [filemgmt 56-12] File '/tmp/finn_dev_changhong/synth_out_of_context_lt9j94vz/results_finn_design_wrapper/finn_design.v' cannot be added to the project because it already exists in the project, skipping this file
[2025-11-02 22:32:03,669] WARNING: [filemgmt 56-12] File '/tmp/finn_dev_changhong/synth_out_of_context_lt9j94vz/results_finn_design_wrapper/finn_design_wrapper.v' cannot be added to the project because it already exists in the project, skipping this file
[2025-11-02 22:32:03,669] WARNING: [filemgmt 56-12] File '/tmp/finn_dev_changhong/synth_out_of_context_lt9j94vz/results_finn_design_wrapper/MVAU_hls_0_flow_control_loop_pipe_sequential_init.v' cannot be added to the project because it already exists in the project, skipping this file
[2025-11-02 22:32:03,669] WARNING: [filemgmt 56-12] File '/tmp/finn_dev_changhong/synth_out_of_context_lt9j94vz/results_finn_design_wrapper/MVAU_hls_0_hls_deadlock_idx0_monitor.v' cannot be added to the project because it already exists in the project, skipping this file
[2025-11-02 22:32:03,669] WARNING: [filemgmt 56-12] File '/tmp/finn_dev_changhong/synth_out_of_context_lt9j94vz/results_finn_design_wrapper/MVAU_hls_0_hls_deadlock_idx1_monitor.v' cannot be added to the project because it already exists in the project, skipping this file
[2025-11-02 22:32:03,669] WARNING: [filemgmt 56-12] File '/tmp/finn_dev_changhong/synth_out_of_context_lt9j94vz/results_finn_design_wrapper/MVAU_hls_0_Matrix_Vector_Activate_Stream_Batch_p_ZL7threshs_0_ROM_AUTO_1R.v' cannot be added to the project because it already exists in the project, skipping this file
[2025-11-02 22:32:03,669] WARNING: [filemgmt 56-12] File '/tmp/finn_dev_changhong/synth_out_of_context_lt9j94vz/results_finn_design_wrapper/MVAU_hls_0_Matrix_Vector_Activate_Stream_Batch_p_ZL7threshs_1_ROM_AUTO_1R.v' cannot be added to the project because it already exists in the project, skipping this file
[2025-11-02 22:32:03,669] WARNING: [filemgmt 56-12] File '/tmp/finn_dev_changhong/synth_out_of_context_lt9j94vz/results_finn_design_wrapper/MVAU_hls_0_Matrix_Vector_Activate_Stream_Batch_p_ZL7threshs_2_ROM_AUTO_1R.v' cannot be added to the project because it already exists in the project, skipping this file
[2025-11-02 22:32:03,669] WARNING: [filemgmt 56-12] File '/tmp/finn_dev_changhong/synth_out_of_context_lt9j94vz/results_finn_design_wrapper/MVAU_hls_0_Matrix_Vector_Activate_Stream_Batch.v' cannot be added to the project because it already exists in the project, skipping this file
[2025-11-02 22:32:03,669] WARNING: [filemgmt 56-12] File '/tmp/finn_dev_changhong/synth_out_of_context_lt9j94vz/results_finn_design_wrapper/MVAU_hls_0_memstream_wrapper.v' cannot be added to the project because it already exists in the project, skipping this file
[2025-11-02 22:32:03,669] WARNING: [filemgmt 56-12] File '/tmp/finn_dev_changhong/synth_out_of_context_lt9j94vz/results_finn_design_wrapper/MVAU_hls_0_regslice_both.v' cannot be added to the project because it already exists in the project, skipping this file
[2025-11-02 22:32:03,669] WARNING: [filemgmt 56-12] File '/tmp/finn_dev_changhong/synth_out_of_context_lt9j94vz/results_finn_design_wrapper/MVAU_hls_0.v' cannot be added to the project because it already exists in the project, skipping this file
[2025-11-02 22:32:03,669] WARNING: [filemgmt 56-12] File '/tmp/finn_dev_changhong/synth_out_of_context_lt9j94vz/results_finn_design_wrapper/MVAU_hls_1_flow_control_loop_pipe_sequential_init.v' cannot be added to the project because it already exists in the project, skipping this file
[2025-11-02 22:32:03,669] WARNING: [filemgmt 56-12] File '/tmp/finn_dev_changhong/synth_out_of_context_lt9j94vz/results_finn_design_wrapper/MVAU_hls_1_hls_deadlock_idx0_monitor.v' cannot be added to the project because it already exists in the project, skipping this file
[2025-11-02 22:32:03,669] WARNING: [filemgmt 56-12] File '/tmp/finn_dev_changhong/synth_out_of_context_lt9j94vz/results_finn_design_wrapper/MVAU_hls_1_hls_deadlock_idx1_monitor.v' cannot be added to the project because it already exists in the project, skipping this file
[2025-11-02 22:32:03,669] WARNING: [filemgmt 56-12] File '/tmp/finn_dev_changhong/synth_out_of_context_lt9j94vz/results_finn_design_wrapper/MVAU_hls_1_Matrix_Vector_Activate_Stream_Batch_p_ZL7threshs_0_ROM_AUTO_1R.v' cannot be added to the project because it already exists in the project, skipping this file
[2025-11-02 22:32:03,669] WARNING: [filemgmt 56-12] File '/tmp/finn_dev_changhong/synth_out_of_context_lt9j94vz/results_finn_design_wrapper/MVAU_hls_1_Matrix_Vector_Activate_Stream_Batch_p_ZL7threshs_1_ROM_AUTO_1R.v' cannot be added to the project because it already exists in the project, skipping this file
[2025-11-02 22:32:03,669] WARNING: [filemgmt 56-12] File '/tmp/finn_dev_changhong/synth_out_of_context_lt9j94vz/results_finn_design_wrapper/MVAU_hls_1_Matrix_Vector_Activate_Stream_Batch_p_ZL7threshs_2_ROM_AUTO_1R.v' cannot be added to the project because it already exists in the project, skipping this file
[2025-11-02 22:32:03,669] WARNING: [filemgmt 56-12] File '/tmp/finn_dev_changhong/synth_out_of_context_lt9j94vz/results_finn_design_wrapper/MVAU_hls_1_Matrix_Vector_Activate_Stream_Batch.v' cannot be added to the project because it already exists in the project, skipping this file
[2025-11-02 22:32:03,669] WARNING: [filemgmt 56-12] File '/tmp/finn_dev_changhong/synth_out_of_context_lt9j94vz/results_finn_design_wrapper/MVAU_hls_1_memstream_wrapper.v' cannot be added to the project because it already exists in the project, skipping this file
[2025-11-02 22:32:03,669] WARNING: [filemgmt 56-12] File '/tmp/finn_dev_changhong/synth_out_of_context_lt9j94vz/results_finn_design_wrapper/MVAU_hls_1_mul_2ns_2s_4_1_1.v' cannot be added to the project because it already exists in the project, skipping this file
[2025-11-02 22:32:03,669] WARNING: [filemgmt 56-12] File '/tmp/finn_dev_changhong/synth_out_of_context_lt9j94vz/results_finn_design_wrapper/MVAU_hls_1_regslice_both.v' cannot be added to the project because it already exists in the project, skipping this file
[2025-11-02 22:32:03,669] WARNING: [filemgmt 56-12] File '/tmp/finn_dev_changhong/synth_out_of_context_lt9j94vz/results_finn_design_wrapper/MVAU_hls_1.v' cannot be added to the project because it already exists in the project, skipping this file
[2025-11-02 22:32:03,669] WARNING: [filemgmt 56-12] File '/tmp/finn_dev_changhong/synth_out_of_context_lt9j94vz/results_finn_design_wrapper/MVAU_hls_2_flow_control_loop_pipe_sequential_init.v' cannot be added to the project because it already exists in the project, skipping this file
[2025-11-02 22:32:03,669] WARNING: [filemgmt 56-12] File '/tmp/finn_dev_changhong/synth_out_of_context_lt9j94vz/results_finn_design_wrapper/MVAU_hls_2_hls_deadlock_idx0_monitor.v' cannot be added to the project because it already exists in the project, skipping this file
[2025-11-02 22:32:03,669] WARNING: [filemgmt 56-12] File '/tmp/finn_dev_changhong/synth_out_of_context_lt9j94vz/results_finn_design_wrapper/MVAU_hls_2_hls_deadlock_idx1_monitor.v' cannot be added to the project because it already exists in the project, skipping this file
[2025-11-02 22:32:03,669] WARNING: [filemgmt 56-12] File '/tmp/finn_dev_changhong/synth_out_of_context_lt9j94vz/results_finn_design_wrapper/MVAU_hls_2_Matrix_Vector_Activate_Stream_Batch_p_ZL7threshs_0_ROM_AUTO_1R.v' cannot be added to the project because it already exists in the project, skipping this file
[2025-11-02 22:32:03,669] WARNING: [filemgmt 56-12] File '/tmp/finn_dev_changhong/synth_out_of_context_lt9j94vz/results_finn_design_wrapper/MVAU_hls_2_Matrix_Vector_Activate_Stream_Batch_p_ZL7threshs_1_ROM_AUTO_1R.v' cannot be added to the project because it already exists in the project, skipping this file
[2025-11-02 22:32:03,669] WARNING: [filemgmt 56-12] File '/tmp/finn_dev_changhong/synth_out_of_context_lt9j94vz/results_finn_design_wrapper/MVAU_hls_2_Matrix_Vector_Activate_Stream_Batch_p_ZL7threshs_2_ROM_AUTO_1R.v' cannot be added to the project because it already exists in the project, skipping this file
[2025-11-02 22:32:03,669] WARNING: [filemgmt 56-12] File '/tmp/finn_dev_changhong/synth_out_of_context_lt9j94vz/results_finn_design_wrapper/MVAU_hls_2_Matrix_Vector_Activate_Stream_Batch.v' cannot be added to the project because it already exists in the project, skipping this file
[2025-11-02 22:32:03,669] WARNING: [filemgmt 56-12] File '/tmp/finn_dev_changhong/synth_out_of_context_lt9j94vz/results_finn_design_wrapper/MVAU_hls_2_memstream_wrapper.v' cannot be added to the project because it already exists in the project, skipping this file
[2025-11-02 22:32:03,669] WARNING: [filemgmt 56-12] File '/tmp/finn_dev_changhong/synth_out_of_context_lt9j94vz/results_finn_design_wrapper/MVAU_hls_2_mul_2ns_2s_4_1_1.v' cannot be added to the project because it already exists in the project, skipping this file
[2025-11-02 22:32:03,669] WARNING: [filemgmt 56-12] File '/tmp/finn_dev_changhong/synth_out_of_context_lt9j94vz/results_finn_design_wrapper/MVAU_hls_2_regslice_both.v' cannot be added to the project because it already exists in the project, skipping this file
[2025-11-02 22:32:03,669] WARNING: [filemgmt 56-12] File '/tmp/finn_dev_changhong/synth_out_of_context_lt9j94vz/results_finn_design_wrapper/MVAU_hls_2.v' cannot be added to the project because it already exists in the project, skipping this file
[2025-11-02 22:32:03,669] WARNING: [filemgmt 56-12] File '/tmp/finn_dev_changhong/synth_out_of_context_lt9j94vz/results_finn_design_wrapper/MVAU_hls_3_flow_control_loop_pipe_no_ap_cont.v' cannot be added to the project because it already exists in the project, skipping this file
[2025-11-02 22:32:03,669] WARNING: [filemgmt 56-12] File '/tmp/finn_dev_changhong/synth_out_of_context_lt9j94vz/results_finn_design_wrapper/MVAU_hls_3_hls_deadlock_idx0_monitor.v' cannot be added to the project because it already exists in the project, skipping this file
[2025-11-02 22:32:03,669] WARNING: [filemgmt 56-12] File '/tmp/finn_dev_changhong/synth_out_of_context_lt9j94vz/results_finn_design_wrapper/MVAU_hls_3_memstream_wrapper.v' cannot be added to the project because it already exists in the project, skipping this file
[2025-11-02 22:32:03,669] WARNING: [filemgmt 56-12] File '/tmp/finn_dev_changhong/synth_out_of_context_lt9j94vz/results_finn_design_wrapper/MVAU_hls_3_mul_2ns_2s_4_1_1.v' cannot be added to the project because it already exists in the project, skipping this file
[2025-11-02 22:32:03,669] WARNING: [filemgmt 56-12] File '/tmp/finn_dev_changhong/synth_out_of_context_lt9j94vz/results_finn_design_wrapper/MVAU_hls_3_regslice_both.v' cannot be added to the project because it already exists in the project, skipping this file
[2025-11-02 22:32:03,669] WARNING: [filemgmt 56-12] File '/tmp/finn_dev_changhong/synth_out_of_context_lt9j94vz/results_finn_design_wrapper/MVAU_hls_3.v' cannot be added to the project because it already exists in the project, skipping this file
[2025-11-02 22:32:03,669] WARNING: [filemgmt 56-12] File '/tmp/finn_dev_changhong/synth_out_of_context_lt9j94vz/results_finn_design_wrapper/Q_srl.v' cannot be added to the project because it already exists in the project, skipping this file
[2025-11-02 22:32:03,669] WARNING: [filemgmt 56-12] File '/tmp/finn_dev_changhong/synth_out_of_context_lt9j94vz/results_finn_design_wrapper/StreamingDataWidthConverter_rtl_0.v' cannot be added to the project because it already exists in the project, skipping this file
[2025-11-02 22:32:03,669] WARNING: [filemgmt 56-12] File '/tmp/finn_dev_changhong/synth_out_of_context_lt9j94vz/results_finn_design_wrapper/StreamingDataWidthConverter_rtl_1.v' cannot be added to the project because it already exists in the project, skipping this file
[2025-11-02 22:32:03,669] WARNING: [filemgmt 56-12] File '/tmp/finn_dev_changhong/synth_out_of_context_lt9j94vz/results_finn_design_wrapper/StreamingFIFO_rtl_0.v' cannot be added to the project because it already exists in the project, skipping this file
[2025-11-02 22:32:03,669] WARNING: [filemgmt 56-12] File '/tmp/finn_dev_changhong/synth_out_of_context_lt9j94vz/results_finn_design_wrapper/StreamingFIFO_rtl_1.v' cannot be added to the project because it already exists in the project, skipping this file
[2025-11-02 22:32:03,669] WARNING: [filemgmt 56-12] File '/tmp/finn_dev_changhong/synth_out_of_context_lt9j94vz/results_finn_design_wrapper/StreamingFIFO_rtl_2.v' cannot be added to the project because it already exists in the project, skipping this file
[2025-11-02 22:32:03,669] WARNING: [filemgmt 56-12] File '/tmp/finn_dev_changhong/synth_out_of_context_lt9j94vz/results_finn_design_wrapper/StreamingFIFO_rtl_3.v' cannot be added to the project because it already exists in the project, skipping this file
[2025-11-02 22:32:03,669] WARNING: [filemgmt 56-12] File '/tmp/finn_dev_changhong/synth_out_of_context_lt9j94vz/results_finn_design_wrapper/StreamingFIFO_rtl_4.v' cannot be added to the project because it already exists in the project, skipping this file
[2025-11-02 22:32:03,669] WARNING: [filemgmt 56-12] File '/tmp/finn_dev_changhong/synth_out_of_context_lt9j94vz/results_finn_design_wrapper/StreamingFIFO_rtl_5.v' cannot be added to the project because it already exists in the project, skipping this file
[2025-11-02 22:32:03,669] WARNING: [filemgmt 56-12] File '/tmp/finn_dev_changhong/synth_out_of_context_lt9j94vz/results_finn_design_wrapper/StreamingFIFO_rtl_6.v' cannot be added to the project because it already exists in the project, skipping this file
[2025-11-02 22:32:03,669] WARNING: [filemgmt 56-12] File '/tmp/finn_dev_changhong/synth_out_of_context_lt9j94vz/results_finn_design_wrapper/axilite.sv' cannot be added to the project because it already exists in the project, skipping this file
[2025-11-02 22:32:03,669] WARNING: [filemgmt 56-12] File '/tmp/finn_dev_changhong/synth_out_of_context_lt9j94vz/results_finn_design_wrapper/dummy_sv_file.sv' cannot be added to the project because it already exists in the project, skipping this file
[2025-11-02 22:32:03,669] WARNING: [filemgmt 56-12] File '/tmp/finn_dev_changhong/synth_out_of_context_lt9j94vz/results_finn_design_wrapper/dwc_axi.sv' cannot be added to the project because it already exists in the project, skipping this file
[2025-11-02 22:32:03,670] WARNING: [filemgmt 56-12] File '/tmp/finn_dev_changhong/synth_out_of_context_lt9j94vz/results_finn_design_wrapper/dwc.sv' cannot be added to the project because it already exists in the project, skipping this file
[2025-11-02 22:32:03,670] WARNING: [filemgmt 56-12] File '/tmp/finn_dev_changhong/synth_out_of_context_lt9j94vz/results_finn_design_wrapper/memstream_axi.sv' cannot be added to the project because it already exists in the project, skipping this file
[2025-11-02 22:32:03,670] WARNING: [filemgmt 56-12] File '/tmp/finn_dev_changhong/synth_out_of_context_lt9j94vz/results_finn_design_wrapper/memstream.sv' cannot be added to the project because it already exists in the project, skipping this file
[2025-11-02 22:32:03,670] WARNING: [filemgmt 56-12] File '/tmp/finn_dev_changhong/synth_out_of_context_lt9j94vz/results_finn_design_wrapper/dummy_vhdl_file.vhd' cannot be added to the project because it already exists in the project, skipping this file
[2025-11-02 22:32:03,670] # source headers.tcl
[2025-11-02 22:32:03,670] ## set file "$origin_dir/dummy_nachiket_fooling_zsh_for_loops.h"
[2025-11-02 22:32:03,670] ## set file [file normalize $file]
[2025-11-02 22:32:03,670] ## set file_obj [get_files -of_objects [get_filesets sources_1] [list "*$file"]]
[2025-11-02 22:32:03,670] ## set_property "file_type" "Verilog Header" $file_obj
[2025-11-02 22:32:03,670] # set obj [get_filesets sources_1]
[2025-11-02 22:32:03,670] # set_property "top" "$argv" $obj
[2025-11-02 22:32:03,670] # if {[string equal [get_filesets -quiet constrs_1] ""]} {
[2025-11-02 22:32:03,670] #   create_fileset -constrset constrs_1
[2025-11-02 22:32:03,670] # }
[2025-11-02 22:32:03,670] # set obj [get_filesets constrs_1]
[2025-11-02 22:32:03,670] # set file "[file normalize "$origin_dir/$argv.xdc"]"
[2025-11-02 22:32:03,670] # set file_added [add_files -norecurse -fileset $obj $file]
[2025-11-02 22:32:03,670] # set file "$origin_dir/$argv.xdc"
[2025-11-02 22:32:03,670] # set file [file normalize $file]
[2025-11-02 22:32:03,670] # set file_obj [get_files -of_objects [get_filesets constrs_1] [list "*$file"]]
[2025-11-02 22:32:03,670] # set_property "file_type" "XDC" $file_obj
[2025-11-02 22:32:03,670] # set obj [get_filesets constrs_1]
[2025-11-02 22:32:03,670] # if {[string equal [get_filesets -quiet sim_1] ""]} {
[2025-11-02 22:32:03,670] #   create_fileset -simset sim_1
[2025-11-02 22:32:03,670] # }
[2025-11-02 22:32:03,670] # set obj [get_filesets sim_1]
[2025-11-02 22:32:03,670] # set obj [get_filesets sim_1]
[2025-11-02 22:32:03,670] # set_property "top" "$argv" $obj
[2025-11-02 22:32:03,670] # set_property "xelab.nosort" "1" $obj
[2025-11-02 22:32:03,670] # set_property "xelab.unifast" "" $obj
[2025-11-02 22:32:03,670] # set_property strategy "Vivado Synthesis Defaults" [get_runs synth_1]
[2025-11-02 22:32:03,670] # set_property strategy "Flow_PerfOptimized_high" [get_runs synth_1]
[2025-11-02 22:32:03,670] # set_param synth.elaboration.rodinMoreOptions {rt::set_parameter ignoreVhdlAssertStmts false}
[2025-11-02 22:32:03,670] # set obj [get_runs synth_1]
[2025-11-02 22:32:03,670] # set_property -name {steps.synth_design.args.more options} -value {-mode out_of_context} -objects $obj
[2025-11-02 22:32:03,670] # set_property STEPS.SYNTH_DESIGN.ARGS.RETIMING true [get_runs synth_1]
[2025-11-02 22:32:03,670] # current_run -synthesis [get_runs synth_1]
[2025-11-02 22:32:03,670] # set_property strategy "Vivado Implementation Defaults" [get_runs impl_1]
[2025-11-02 22:32:03,670] # current_run -implementation [get_runs impl_1]
[2025-11-02 22:32:03,670] # puts "INFO: Project created:vivadocompile"
[2025-11-02 22:32:03,670] INFO: Project created:vivadocompile
[2025-11-02 22:32:03,670] # launch_runs -jobs 8 impl_1 -to_step route_design
[2025-11-02 22:32:03,670] [Sun Nov  2 22:29:28 2025] Launched synth_1...
[2025-11-02 22:32:03,670] Run output will be captured here: /tmp/finn_dev_changhong/synth_out_of_context_lt9j94vz/results_finn_design_wrapper/vivadocompile/vivadocompile.runs/synth_1/runme.log
[2025-11-02 22:32:03,670] [Sun Nov  2 22:29:28 2025] Launched impl_1...
[2025-11-02 22:32:03,670] Run output will be captured here: /tmp/finn_dev_changhong/synth_out_of_context_lt9j94vz/results_finn_design_wrapper/vivadocompile/vivadocompile.runs/impl_1/runme.log
[2025-11-02 22:32:03,670] # wait_on_run impl_1
[2025-11-02 22:32:03,670] [Sun Nov  2 22:29:28 2025] Waiting for impl_1 to finish...
[2025-11-02 22:32:03,670] 
[2025-11-02 22:32:03,670] *** Running vivado
[2025-11-02 22:32:03,670]     with args -log finn_design_wrapper.vdi -applog -m64 -product Vivado -messageDb vivado.pb -mode batch -source finn_design_wrapper.tcl -notrace
[2025-11-02 22:32:03,670] 
[2025-11-02 22:32:03,670] 
[2025-11-02 22:32:03,670] ****** Vivado v2022.2 (64-bit)
[2025-11-02 22:32:03,670]   **** SW Build 3671981 on Fri Oct 14 04:59:54 MDT 2022
[2025-11-02 22:32:03,670]   **** IP Build 3669848 on Fri Oct 14 08:30:02 MDT 2022
[2025-11-02 22:32:03,670]     ** Copyright 1986-2022 Xilinx, Inc. All Rights Reserved.
[2025-11-02 22:32:03,670] 
[2025-11-02 22:32:03,670] INFO: [Common 17-1239] XILINX_LOCAL_USER_DATA is set to 'no'.
[2025-11-02 22:32:03,670] source finn_design_wrapper.tcl -notrace
[2025-11-02 22:32:03,670] Command: link_design -top finn_design_wrapper -part xc7z020clg400-1
[2025-11-02 22:32:03,670] Design is defaulting to srcset: sources_1
[2025-11-02 22:32:03,670] Design is defaulting to constrset: constrs_1
[2025-11-02 22:32:03,670] INFO: [Device 21-403] Loading part xc7z020clg400-1
[2025-11-02 22:32:03,670] Netlist sorting complete. Time (s): cpu = 00:00:00.07 ; elapsed = 00:00:00.07 . Memory (MB): peak = 2372.988 ; gain = 0.000 ; free physical = 8247 ; free virtual = 26382
[2025-11-02 22:32:03,670] INFO: [Netlist 29-17] Analyzing 197 Unisim elements for replacement
[2025-11-02 22:32:03,670] INFO: [Netlist 29-28] Unisim Transformation completed in 0 CPU seconds
[2025-11-02 22:32:03,670] INFO: [Project 1-479] Netlist was created with Vivado 2022.2
[2025-11-02 22:32:03,670] INFO: [Project 1-570] Preparing netlist for logic optimization
[2025-11-02 22:32:03,670] Parsing XDC File [/tmp/finn_dev_changhong/synth_out_of_context_lt9j94vz/results_finn_design_wrapper/finn_design_wrapper.xdc]
[2025-11-02 22:32:03,670] Finished Parsing XDC File [/tmp/finn_dev_changhong/synth_out_of_context_lt9j94vz/results_finn_design_wrapper/finn_design_wrapper.xdc]
[2025-11-02 22:32:03,670] INFO: [Opt 31-138] Pushed 0 inverter(s) to 0 load pin(s).
[2025-11-02 22:32:03,670] Netlist sorting complete. Time (s): cpu = 00:00:00 ; elapsed = 00:00:00 . Memory (MB): peak = 2567.266 ; gain = 0.000 ; free physical = 8214 ; free virtual = 26272
[2025-11-02 22:32:03,670] INFO: [Project 1-111] Unisim Transformation Summary:
[2025-11-02 22:32:03,670]   A total of 2 instances were transformed.
[2025-11-02 22:32:03,670]   RAM64X1S => RAM64X1S (RAMS64E): 2 instances
[2025-11-02 22:32:03,670] 
[2025-11-02 22:32:03,670] 7 Infos, 0 Warnings, 0 Critical Warnings and 0 Errors encountered.
[2025-11-02 22:32:03,670] link_design completed successfully
[2025-11-02 22:32:03,670] Command: opt_design
[2025-11-02 22:32:03,670] Attempting to get a license for feature 'Implementation' and/or device 'xc7z020'
[2025-11-02 22:32:03,670] INFO: [Common 17-349] Got license for feature 'Implementation' and/or device 'xc7z020'
[2025-11-02 22:32:03,670] Running DRC as a precondition to command opt_design
[2025-11-02 22:32:03,670] 
[2025-11-02 22:32:03,670] Starting DRC Task
[2025-11-02 22:32:03,670] INFO: [DRC 23-27] Running DRC with 8 threads
[2025-11-02 22:32:03,670] INFO: [Project 1-461] DRC finished with 0 Errors
[2025-11-02 22:32:03,670] INFO: [Project 1-462] Please refer to the DRC report (report_drc) for more information.
[2025-11-02 22:32:03,670] 
[2025-11-02 22:32:03,670] Time (s): cpu = 00:00:00.71 ; elapsed = 00:00:00.42 . Memory (MB): peak = 2656.078 ; gain = 88.812 ; free physical = 8178 ; free virtual = 26264
[2025-11-02 22:32:03,670] 
[2025-11-02 22:32:03,670] Starting Cache Timing Information Task
[2025-11-02 22:32:03,670] INFO: [Timing 38-35] Done setting XDC timing constraints.
[2025-11-02 22:32:03,670] Ending Cache Timing Information Task | Checksum: 1dc24f5e4
[2025-11-02 22:32:03,670] 
[2025-11-02 22:32:03,670] Time (s): cpu = 00:00:04 ; elapsed = 00:00:04 . Memory (MB): peak = 3107.930 ; gain = 451.852 ; free physical = 7806 ; free virtual = 25847
[2025-11-02 22:32:03,670] 
[2025-11-02 22:32:03,670] Starting Logic Optimization Task
[2025-11-02 22:32:03,670] 
[2025-11-02 22:32:03,670] Phase 1 Retarget
[2025-11-02 22:32:03,670] INFO: [Opt 31-1287] Pulled Inverter finn_design_i/MVAU_hls_0/MVAU_hls_0/inst/grp_Matrix_Vector_Activate_Stream_Batch_fu_36/flow_control_loop_pipe_sequential_init_U/icmp_ln249_reg_31420[0]_i_1 into driver instance finn_design_i/MVAU_hls_0/MVAU_hls_0/inst/grp_Matrix_Vector_Activate_Stream_Batch_fu_36/flow_control_loop_pipe_sequential_init_U/ap_CS_iter1_fsm[1]_i_2, which resulted in an inversion of 4 pins
[2025-11-02 22:32:03,670] INFO: [Opt 31-138] Pushed 0 inverter(s) to 0 load pin(s).
[2025-11-02 22:32:03,670] INFO: [Opt 31-49] Retargeted 0 cell(s).
[2025-11-02 22:32:03,670] Phase 1 Retarget | Checksum: 1b95745d8
[2025-11-02 22:32:03,670] 
[2025-11-02 22:32:03,670] Time (s): cpu = 00:00:00.51 ; elapsed = 00:00:00.21 . Memory (MB): peak = 3390.758 ; gain = 0.000 ; free physical = 7578 ; free virtual = 25592
[2025-11-02 22:32:03,670] INFO: [Opt 31-389] Phase Retarget created 0 cells and removed 1 cells
[2025-11-02 22:32:03,671] 
[2025-11-02 22:32:03,671] Phase 2 Constant propagation
[2025-11-02 22:32:03,671] INFO: [Opt 31-138] Pushed 0 inverter(s) to 0 load pin(s).
[2025-11-02 22:32:03,671] Phase 2 Constant propagation | Checksum: 1ab27945e
[2025-11-02 22:32:03,671] 
[2025-11-02 22:32:03,671] Time (s): cpu = 00:00:00.57 ; elapsed = 00:00:00.27 . Memory (MB): peak = 3390.758 ; gain = 0.000 ; free physical = 7578 ; free virtual = 25592
[2025-11-02 22:32:03,671] INFO: [Opt 31-389] Phase Constant propagation created 0 cells and removed 0 cells
[2025-11-02 22:32:03,671] 
[2025-11-02 22:32:03,671] Phase 3 Sweep
[2025-11-02 22:32:03,671] Phase 3 Sweep | Checksum: 19ae1663a
[2025-11-02 22:32:03,671] 
[2025-11-02 22:32:03,671] Time (s): cpu = 00:00:00.66 ; elapsed = 00:00:00.36 . Memory (MB): peak = 3390.758 ; gain = 0.000 ; free physical = 7578 ; free virtual = 25592
[2025-11-02 22:32:03,671] INFO: [Opt 31-389] Phase Sweep created 0 cells and removed 0 cells
[2025-11-02 22:32:03,671] 
[2025-11-02 22:32:03,671] Phase 4 BUFG optimization
[2025-11-02 22:32:03,671] Phase 4 BUFG optimization | Checksum: 19ae1663a
[2025-11-02 22:32:03,671] 
[2025-11-02 22:32:03,671] Time (s): cpu = 00:00:00.7 ; elapsed = 00:00:00.4 . Memory (MB): peak = 3422.773 ; gain = 32.016 ; free physical = 7578 ; free virtual = 25592
[2025-11-02 22:32:03,671] INFO: [Opt 31-662] Phase BUFG optimization created 0 cells of which 0 are BUFGs and removed 0 cells.
[2025-11-02 22:32:03,671] 
[2025-11-02 22:32:03,671] Phase 5 Shift Register Optimization
[2025-11-02 22:32:03,671] INFO: [Opt 31-1064] SRL Remap converted 0 SRLs to 0 registers and converted 0 registers of register chains to 0 SRLs
[2025-11-02 22:32:03,671] Phase 5 Shift Register Optimization | Checksum: 19ae1663a
[2025-11-02 22:32:03,671] 
[2025-11-02 22:32:03,671] Time (s): cpu = 00:00:00.72 ; elapsed = 00:00:00.42 . Memory (MB): peak = 3422.773 ; gain = 32.016 ; free physical = 7578 ; free virtual = 25592
[2025-11-02 22:32:03,671] INFO: [Opt 31-389] Phase Shift Register Optimization created 0 cells and removed 0 cells
[2025-11-02 22:32:03,671] 
[2025-11-02 22:32:03,671] Phase 6 Post Processing Netlist
[2025-11-02 22:32:03,671] Phase 6 Post Processing Netlist | Checksum: 19ae1663a
[2025-11-02 22:32:03,671] 
[2025-11-02 22:32:03,671] Time (s): cpu = 00:00:00.74 ; elapsed = 00:00:00.44 . Memory (MB): peak = 3422.773 ; gain = 32.016 ; free physical = 7578 ; free virtual = 25592
[2025-11-02 22:32:03,671] INFO: [Opt 31-389] Phase Post Processing Netlist created 0 cells and removed 0 cells
[2025-11-02 22:32:03,671] Opt_design Change Summary
[2025-11-02 22:32:03,671] =========================
[2025-11-02 22:32:03,671] 
[2025-11-02 22:32:03,671] 
[2025-11-02 22:32:03,671] -------------------------------------------------------------------------------------------------------------------------
[2025-11-02 22:32:03,671] |  Phase                        |  #Cells created  |  #Cells Removed  |  #Constrained objects preventing optimizations  |
[2025-11-02 22:32:03,671] -------------------------------------------------------------------------------------------------------------------------
[2025-11-02 22:32:03,671] |  Retarget                     |               0  |               1  |                                              0  |
[2025-11-02 22:32:03,671] |  Constant propagation         |               0  |               0  |                                              0  |
[2025-11-02 22:32:03,671] |  Sweep                        |               0  |               0  |                                              0  |
[2025-11-02 22:32:03,671] |  BUFG optimization            |               0  |               0  |                                              0  |
[2025-11-02 22:32:03,671] |  Shift Register Optimization  |               0  |               0  |                                              0  |
[2025-11-02 22:32:03,671] |  Post Processing Netlist      |               0  |               0  |                                              0  |
[2025-11-02 22:32:03,671] -------------------------------------------------------------------------------------------------------------------------
[2025-11-02 22:32:03,671] 
[2025-11-02 22:32:03,671] 
[2025-11-02 22:32:03,671] 
[2025-11-02 22:32:03,671] Starting Connectivity Check Task
[2025-11-02 22:32:03,671] 
[2025-11-02 22:32:03,671] Time (s): cpu = 00:00:00.02 ; elapsed = 00:00:00.01 . Memory (MB): peak = 3422.773 ; gain = 0.000 ; free physical = 7578 ; free virtual = 25592
[2025-11-02 22:32:03,671] Ending Logic Optimization Task | Checksum: e2aad8f0
[2025-11-02 22:32:03,671] 
[2025-11-02 22:32:03,671] Time (s): cpu = 00:00:00.88 ; elapsed = 00:00:00.5 . Memory (MB): peak = 3422.773 ; gain = 32.016 ; free physical = 7578 ; free virtual = 25592
[2025-11-02 22:32:03,671] 
[2025-11-02 22:32:03,671] Starting Power Optimization Task
[2025-11-02 22:32:03,671] INFO: [Pwropt 34-132] Skipping clock gating for clocks with a period < 2.00 ns.
[2025-11-02 22:32:03,671] INFO: [Timing 38-35] Done setting XDC timing constraints.
[2025-11-02 22:32:03,671] Running Vector-less Activity Propagation...
[2025-11-02 22:32:03,671] INFO: [Pwropt 34-9] Applying IDT optimizations ...
[2025-11-02 22:32:03,671] INFO: [Pwropt 34-10] Applying ODC optimizations ...
[2025-11-02 22:32:03,671] 
[2025-11-02 22:32:03,671] Finished Running Vector-less Activity Propagation
[2025-11-02 22:32:03,671] 
[2025-11-02 22:32:03,671] 
[2025-11-02 22:32:03,671] Starting PowerOpt Patch Enables Task
[2025-11-02 22:32:03,671] INFO: [Pwropt 34-162] WRITE_MODE attribute of 0 BRAM(s) out of a total of 21 has been updated to save power. Run report_power_opt to get a complete listing of the BRAMs updated.
[2025-11-02 22:32:03,671] INFO: [Pwropt 34-201] Structural ODC has moved 0 WE to EN ports
[2025-11-02 22:32:03,671] Number of BRAM Ports augmented: 0 newly gated: 42 Total Ports: 42
[2025-11-02 22:32:03,671] Number of Flops added for Enable Generation: 4
[2025-11-02 22:32:03,671] 
[2025-11-02 22:32:03,671] Ending PowerOpt Patch Enables Task | Checksum: ca186860
[2025-11-02 22:32:03,671] 
[2025-11-02 22:32:03,671] Time (s): cpu = 00:00:00.07 ; elapsed = 00:00:00.07 . Memory (MB): peak = 3670.734 ; gain = 0.000 ; free physical = 7491 ; free virtual = 25402
[2025-11-02 22:32:03,672] Ending Power Optimization Task | Checksum: ca186860
[2025-11-02 22:32:03,672] 
[2025-11-02 22:32:03,672] Time (s): cpu = 00:00:04 ; elapsed = 00:00:01 . Memory (MB): peak = 3670.734 ; gain = 247.961 ; free physical = 7491 ; free virtual = 25402
[2025-11-02 22:32:03,672] 
[2025-11-02 22:32:03,672] Starting Final Cleanup Task
[2025-11-02 22:32:03,672] Ending Final Cleanup Task | Checksum: ca186860
[2025-11-02 22:32:03,672] 
[2025-11-02 22:32:03,672] Time (s): cpu = 00:00:00 ; elapsed = 00:00:00 . Memory (MB): peak = 3670.734 ; gain = 0.000 ; free physical = 7491 ; free virtual = 25402
[2025-11-02 22:32:03,672] 
[2025-11-02 22:32:03,672] Starting Netlist Obfuscation Task
[2025-11-02 22:32:03,672] Netlist sorting complete. Time (s): cpu = 00:00:00.02 ; elapsed = 00:00:00.02 . Memory (MB): peak = 3670.734 ; gain = 0.000 ; free physical = 7491 ; free virtual = 25402
[2025-11-02 22:32:03,672] Ending Netlist Obfuscation Task | Checksum: 110b60c77
[2025-11-02 22:32:03,672] 
[2025-11-02 22:32:03,672] Time (s): cpu = 00:00:00.02 ; elapsed = 00:00:00.02 . Memory (MB): peak = 3670.734 ; gain = 0.000 ; free physical = 7491 ; free virtual = 25402
[2025-11-02 22:32:03,672] INFO: [Common 17-83] Releasing license: Implementation
[2025-11-02 22:32:03,672] 30 Infos, 0 Warnings, 0 Critical Warnings and 0 Errors encountered.
[2025-11-02 22:32:03,672] opt_design completed successfully
[2025-11-02 22:32:03,672] opt_design: Time (s): cpu = 00:00:12 ; elapsed = 00:00:07 . Memory (MB): peak = 3670.734 ; gain = 1103.469 ; free physical = 7491 ; free virtual = 25402
[2025-11-02 22:32:03,672] INFO: [Timing 38-35] Done setting XDC timing constraints.
[2025-11-02 22:32:03,672] INFO: [Timing 38-480] Writing timing data to binary archive.
[2025-11-02 22:32:03,672] INFO: [Common 17-1381] The checkpoint '/tmp/finn_dev_changhong/synth_out_of_context_lt9j94vz/results_finn_design_wrapper/vivadocompile/vivadocompile.runs/impl_1/finn_design_wrapper_opt.dcp' has been generated.
[2025-11-02 22:32:03,672] INFO: [runtcl-4] Executing : report_drc -file finn_design_wrapper_drc_opted.rpt -pb finn_design_wrapper_drc_opted.pb -rpx finn_design_wrapper_drc_opted.rpx
[2025-11-02 22:32:03,672] Command: report_drc -file finn_design_wrapper_drc_opted.rpt -pb finn_design_wrapper_drc_opted.pb -rpx finn_design_wrapper_drc_opted.rpx
[2025-11-02 22:32:03,672] INFO: [IP_Flow 19-234] Refreshing IP repositories
[2025-11-02 22:32:03,672] INFO: [IP_Flow 19-1704] No user IP repositories specified
[2025-11-02 22:32:03,672] INFO: [IP_Flow 19-2313] Loaded Vivado IP repository '/tools/Xilinx/Vivado/2022.2/data/ip'.
[2025-11-02 22:32:03,672] INFO: [DRC 23-27] Running DRC with 8 threads
[2025-11-02 22:32:03,672] INFO: [Vivado_Tcl 2-168] The results of DRC are in file /tmp/finn_dev_changhong/synth_out_of_context_lt9j94vz/results_finn_design_wrapper/vivadocompile/vivadocompile.runs/impl_1/finn_design_wrapper_drc_opted.rpt.
[2025-11-02 22:32:03,672] report_drc completed successfully
[2025-11-02 22:32:03,672] Command: place_design
[2025-11-02 22:32:03,672] Attempting to get a license for feature 'Implementation' and/or device 'xc7z020'
[2025-11-02 22:32:03,672] INFO: [Common 17-349] Got license for feature 'Implementation' and/or device 'xc7z020'
[2025-11-02 22:32:03,672] INFO: [DRC 23-27] Running DRC with 8 threads
[2025-11-02 22:32:03,672] INFO: [Vivado_Tcl 4-198] DRC finished with 0 Errors
[2025-11-02 22:32:03,672] INFO: [Vivado_Tcl 4-199] Please refer to the DRC report (report_drc) for more information.
[2025-11-02 22:32:03,672] Running DRC as a precondition to command place_design
[2025-11-02 22:32:03,672] INFO: [DRC 23-27] Running DRC with 8 threads
[2025-11-02 22:32:03,672] INFO: [Vivado_Tcl 4-198] DRC finished with 0 Errors
[2025-11-02 22:32:03,672] INFO: [Vivado_Tcl 4-199] Please refer to the DRC report (report_drc) for more information.
[2025-11-02 22:32:03,672] 
[2025-11-02 22:32:03,672] Starting Placer Task
[2025-11-02 22:32:03,672] INFO: [Place 30-611] Multithreading enabled for place_design using a maximum of 8 CPUs
[2025-11-02 22:32:03,672] 
[2025-11-02 22:32:03,672] Phase 1 Placer Initialization
[2025-11-02 22:32:03,672] 
[2025-11-02 22:32:03,672] Phase 1.1 Placer Initialization Netlist Sorting
[2025-11-02 22:32:03,672] Netlist sorting complete. Time (s): cpu = 00:00:00 ; elapsed = 00:00:00 . Memory (MB): peak = 3670.734 ; gain = 0.000 ; free physical = 7430 ; free virtual = 25361
[2025-11-02 22:32:03,672] Phase 1.1 Placer Initialization Netlist Sorting | Checksum: 3876e539
[2025-11-02 22:32:03,672] 
[2025-11-02 22:32:03,672] Time (s): cpu = 00:00:00 ; elapsed = 00:00:00.01 . Memory (MB): peak = 3670.734 ; gain = 0.000 ; free physical = 7430 ; free virtual = 25361
[2025-11-02 22:32:03,672] Netlist sorting complete. Time (s): cpu = 00:00:00 ; elapsed = 00:00:00 . Memory (MB): peak = 3670.734 ; gain = 0.000 ; free physical = 7430 ; free virtual = 25361
[2025-11-02 22:32:03,672] 
[2025-11-02 22:32:03,672] Phase 1.2 IO Placement/ Clock Placement/ Build Placer Device
[2025-11-02 22:32:03,672] Phase 1.2 IO Placement/ Clock Placement/ Build Placer Device | Checksum: d70d9758
[2025-11-02 22:32:03,672] 
[2025-11-02 22:32:03,672] Time (s): cpu = 00:00:00.85 ; elapsed = 00:00:00.38 . Memory (MB): peak = 3670.734 ; gain = 0.000 ; free physical = 7407 ; free virtual = 25339
[2025-11-02 22:32:03,672] 
[2025-11-02 22:32:03,672] Phase 1.3 Build Placer Netlist Model
[2025-11-02 22:32:03,672] Phase 1.3 Build Placer Netlist Model | Checksum: 16d7e0aa8
[2025-11-02 22:32:03,672] 
[2025-11-02 22:32:03,672] Time (s): cpu = 00:00:03 ; elapsed = 00:00:01 . Memory (MB): peak = 3670.734 ; gain = 0.000 ; free physical = 7430 ; free virtual = 25361
[2025-11-02 22:32:03,672] 
[2025-11-02 22:32:03,672] Phase 1.4 Constrain Clocks/Macros
[2025-11-02 22:32:03,672] Phase 1.4 Constrain Clocks/Macros | Checksum: 16d7e0aa8
[2025-11-02 22:32:03,672] 
[2025-11-02 22:32:03,672] Time (s): cpu = 00:00:03 ; elapsed = 00:00:01 . Memory (MB): peak = 3670.734 ; gain = 0.000 ; free physical = 7429 ; free virtual = 25361
[2025-11-02 22:32:03,672] Phase 1 Placer Initialization | Checksum: 16d7e0aa8
[2025-11-02 22:32:03,672] 
[2025-11-02 22:32:03,672] Time (s): cpu = 00:00:03 ; elapsed = 00:00:01 . Memory (MB): peak = 3670.734 ; gain = 0.000 ; free physical = 7429 ; free virtual = 25361
[2025-11-02 22:32:03,672] 
[2025-11-02 22:32:03,672] Phase 2 Global Placement
[2025-11-02 22:32:03,672] 
[2025-11-02 22:32:03,672] Phase 2.1 Floorplanning
[2025-11-02 22:32:03,672] Phase 2.1 Floorplanning | Checksum: 1bef7e937
[2025-11-02 22:32:03,673] 
[2025-11-02 22:32:03,673] Time (s): cpu = 00:00:05 ; elapsed = 00:00:02 . Memory (MB): peak = 3670.734 ; gain = 0.000 ; free physical = 7486 ; free virtual = 25418
[2025-11-02 22:32:03,673] 
[2025-11-02 22:32:03,673] Phase 2.2 Update Timing before SLR Path Opt
[2025-11-02 22:32:03,673] Phase 2.2 Update Timing before SLR Path Opt | Checksum: 12ae6ea87
[2025-11-02 22:32:03,673] 
[2025-11-02 22:32:03,673] Time (s): cpu = 00:00:05 ; elapsed = 00:00:02 . Memory (MB): peak = 3670.734 ; gain = 0.000 ; free physical = 7490 ; free virtual = 25421
[2025-11-02 22:32:03,673] 
[2025-11-02 22:32:03,673] Phase 2.3 Post-Processing in Floorplanning
[2025-11-02 22:32:03,673] Phase 2.3 Post-Processing in Floorplanning | Checksum: 12ae6ea87
[2025-11-02 22:32:03,673] 
[2025-11-02 22:32:03,673] Time (s): cpu = 00:00:05 ; elapsed = 00:00:02 . Memory (MB): peak = 3670.734 ; gain = 0.000 ; free physical = 7490 ; free virtual = 25421
[2025-11-02 22:32:03,673] 
[2025-11-02 22:32:03,673] Phase 2.4 Global Placement Core
[2025-11-02 22:32:03,673] 
[2025-11-02 22:32:03,673] Phase 2.4.1 UpdateTiming Before Physical Synthesis
[2025-11-02 22:32:03,673] Phase 2.4.1 UpdateTiming Before Physical Synthesis | Checksum: 1daf9d943
[2025-11-02 22:32:03,673] 
[2025-11-02 22:32:03,673] Time (s): cpu = 00:00:22 ; elapsed = 00:00:06 . Memory (MB): peak = 3670.734 ; gain = 0.000 ; free physical = 7700 ; free virtual = 25593
[2025-11-02 22:32:03,673] 
[2025-11-02 22:32:03,673] Phase 2.4.2 Physical Synthesis In Placer
[2025-11-02 22:32:03,673] INFO: [Physopt 32-1035] Found 0 LUTNM shape to break, 1761 LUT instances to create LUTNM shape
[2025-11-02 22:32:03,673] INFO: [Physopt 32-1044] Break lutnm for timing: one critical 0, two critical 0, total 0, new lutff created 0
[2025-11-02 22:32:03,673] INFO: [Physopt 32-1138] End 1 Pass. Optimized 673 nets or LUTs. Breaked 0 LUT, combined 673 existing LUTs and moved 0 existing LUT
[2025-11-02 22:32:03,673] INFO: [Physopt 32-65] No nets found for high-fanout optimization.
[2025-11-02 22:32:03,673] INFO: [Physopt 32-232] Optimized 0 net. Created 0 new instance.
[2025-11-02 22:32:03,673] INFO: [Physopt 32-775] End 1 Pass. Optimized 0 net or cell. Created 0 new cell, deleted 0 existing cell and moved 0 existing cell
[2025-11-02 22:32:03,673] INFO: [Physopt 32-670] No setup violation found.  DSP Register Optimization was not performed.
[2025-11-02 22:32:03,673] INFO: [Physopt 32-670] No setup violation found.  Shift Register to Pipeline Optimization was not performed.
[2025-11-02 22:32:03,673] INFO: [Physopt 32-670] No setup violation found.  Shift Register Optimization was not performed.
[2025-11-02 22:32:03,673] INFO: [Physopt 32-670] No setup violation found.  BRAM Register Optimization was not performed.
[2025-11-02 22:32:03,673] INFO: [Physopt 32-670] No setup violation found.  URAM Register Optimization was not performed.
[2025-11-02 22:32:03,673] INFO: [Physopt 32-949] No candidate nets found for dynamic/static region interface net replication
[2025-11-02 22:32:03,673] INFO: [Physopt 32-775] End 1 Pass. Optimized 0 net or cell. Created 0 new cell, deleted 0 existing cell and moved 0 existing cell
[2025-11-02 22:32:03,673] Netlist sorting complete. Time (s): cpu = 00:00:00 ; elapsed = 00:00:00 . Memory (MB): peak = 3670.734 ; gain = 0.000 ; free physical = 7690 ; free virtual = 25588
[2025-11-02 22:32:03,673] 
[2025-11-02 22:32:03,673] Summary of Physical Synthesis Optimizations
[2025-11-02 22:32:03,673] ============================================
[2025-11-02 22:32:03,673] 
[2025-11-02 22:32:03,673] 
[2025-11-02 22:32:03,673] -----------------------------------------------------------------------------------------------------------------------------------------------------------
[2025-11-02 22:32:03,673] |  Optimization                                     |  Added Cells  |  Removed Cells  |  Optimized Cells/Nets  |  Dont Touch  |  Iterations  |  Elapsed   |
[2025-11-02 22:32:03,673] -----------------------------------------------------------------------------------------------------------------------------------------------------------
[2025-11-02 22:32:03,673] |  LUT Combining                                    |            0  |            673  |                   673  |           0  |           1  |  00:00:00  |
[2025-11-02 22:32:03,673] |  Retime                                           |            0  |              0  |                     0  |           0  |           1  |  00:00:00  |
[2025-11-02 22:32:03,673] |  Very High Fanout                                 |            0  |              0  |                     0  |           0  |           1  |  00:00:00  |
[2025-11-02 22:32:03,673] |  DSP Register                                     |            0  |              0  |                     0  |           0  |           0  |  00:00:00  |
[2025-11-02 22:32:03,673] |  Shift Register to Pipeline                       |            0  |              0  |                     0  |           0  |           0  |  00:00:00  |
[2025-11-02 22:32:03,673] |  Shift Register                                   |            0  |              0  |                     0  |           0  |           0  |  00:00:00  |
[2025-11-02 22:32:03,673] |  BRAM Register                                    |            0  |              0  |                     0  |           0  |           0  |  00:00:00  |
[2025-11-02 22:32:03,673] |  URAM Register                                    |            0  |              0  |                     0  |           0  |           0  |  00:00:00  |
[2025-11-02 22:32:03,673] |  Dynamic/Static Region Interface Net Replication  |            0  |              0  |                     0  |           0  |           1  |  00:00:00  |
[2025-11-02 22:32:03,673] |  Total                                            |            0  |            673  |                   673  |           0  |           4  |  00:00:00  |
[2025-11-02 22:32:03,673] -----------------------------------------------------------------------------------------------------------------------------------------------------------
[2025-11-02 22:32:03,673] 
[2025-11-02 22:32:03,673] 
[2025-11-02 22:32:03,673] Phase 2.4.2 Physical Synthesis In Placer | Checksum: 139dcb830
[2025-11-02 22:32:03,673] 
[2025-11-02 22:32:03,674] Time (s): cpu = 00:00:23 ; elapsed = 00:00:07 . Memory (MB): peak = 3670.734 ; gain = 0.000 ; free physical = 7669 ; free virtual = 25570
[2025-11-02 22:32:03,674] Phase 2.4 Global Placement Core | Checksum: 17992320a
[2025-11-02 22:32:03,674] 
[2025-11-02 22:32:03,674] Time (s): cpu = 00:00:24 ; elapsed = 00:00:07 . Memory (MB): peak = 3670.734 ; gain = 0.000 ; free physical = 7583 ; free virtual = 25548
[2025-11-02 22:32:03,674] Phase 2 Global Placement | Checksum: 17992320a
[2025-11-02 22:32:03,674] 
[2025-11-02 22:32:03,674] Time (s): cpu = 00:00:24 ; elapsed = 00:00:07 . Memory (MB): peak = 3670.734 ; gain = 0.000 ; free physical = 7588 ; free virtual = 25553
[2025-11-02 22:32:03,674] 
[2025-11-02 22:32:03,674] Phase 3 Detail Placement
[2025-11-02 22:32:03,674] 
[2025-11-02 22:32:03,674] Phase 3.1 Commit Multi Column Macros
[2025-11-02 22:32:03,674] Phase 3.1 Commit Multi Column Macros | Checksum: 101dbd098
[2025-11-02 22:32:03,674] 
[2025-11-02 22:32:03,674] Time (s): cpu = 00:00:25 ; elapsed = 00:00:07 . Memory (MB): peak = 3670.734 ; gain = 0.000 ; free physical = 7479 ; free virtual = 25532
[2025-11-02 22:32:03,674] 
[2025-11-02 22:32:03,674] Phase 3.2 Commit Most Macros & LUTRAMs
[2025-11-02 22:32:03,674] Phase 3.2 Commit Most Macros & LUTRAMs | Checksum: 18d414f0a
[2025-11-02 22:32:03,674] 
[2025-11-02 22:32:03,674] Time (s): cpu = 00:00:27 ; elapsed = 00:00:08 . Memory (MB): peak = 3670.734 ; gain = 0.000 ; free physical = 7459 ; free virtual = 25518
[2025-11-02 22:32:03,674] 
[2025-11-02 22:32:03,674] Phase 3.3 Area Swap Optimization
[2025-11-02 22:32:03,674] Phase 3.3 Area Swap Optimization | Checksum: 13d568940
[2025-11-02 22:32:03,674] 
[2025-11-02 22:32:03,674] Time (s): cpu = 00:00:27 ; elapsed = 00:00:08 . Memory (MB): peak = 3670.734 ; gain = 0.000 ; free physical = 7458 ; free virtual = 25517
[2025-11-02 22:32:03,674] 
[2025-11-02 22:32:03,674] Phase 3.4 Pipeline Register Optimization
[2025-11-02 22:32:03,674] Phase 3.4 Pipeline Register Optimization | Checksum: 16e880596
[2025-11-02 22:32:03,674] 
[2025-11-02 22:32:03,674] Time (s): cpu = 00:00:27 ; elapsed = 00:00:08 . Memory (MB): peak = 3670.734 ; gain = 0.000 ; free physical = 7458 ; free virtual = 25517
[2025-11-02 22:32:03,674] 
[2025-11-02 22:32:03,674] Phase 3.5 Small Shape Detail Placement
[2025-11-02 22:32:03,674] Phase 3.5 Small Shape Detail Placement | Checksum: 179cd57e5
[2025-11-02 22:32:03,674] 
[2025-11-02 22:32:03,674] Time (s): cpu = 00:00:30 ; elapsed = 00:00:10 . Memory (MB): peak = 3670.734 ; gain = 0.000 ; free physical = 7568 ; free virtual = 25476
[2025-11-02 22:32:03,674] 
[2025-11-02 22:32:03,674] Phase 3.6 Re-assign LUT pins
[2025-11-02 22:32:03,674] Phase 3.6 Re-assign LUT pins | Checksum: 199d6d58a
[2025-11-02 22:32:03,674] 
[2025-11-02 22:32:03,674] Time (s): cpu = 00:00:30 ; elapsed = 00:00:11 . Memory (MB): peak = 3670.734 ; gain = 0.000 ; free physical = 7557 ; free virtual = 25465
[2025-11-02 22:32:03,674] 
[2025-11-02 22:32:03,674] Phase 3.7 Pipeline Register Optimization
[2025-11-02 22:32:03,674] Phase 3.7 Pipeline Register Optimization | Checksum: 12dcd62d7
[2025-11-02 22:32:03,674] 
[2025-11-02 22:32:03,674] Time (s): cpu = 00:00:30 ; elapsed = 00:00:11 . Memory (MB): peak = 3670.734 ; gain = 0.000 ; free physical = 7557 ; free virtual = 25465
[2025-11-02 22:32:03,674] Phase 3 Detail Placement | Checksum: 12dcd62d7
[2025-11-02 22:32:03,674] 
[2025-11-02 22:32:03,674] Time (s): cpu = 00:00:30 ; elapsed = 00:00:11 . Memory (MB): peak = 3670.734 ; gain = 0.000 ; free physical = 7557 ; free virtual = 25465
[2025-11-02 22:32:03,674] 
[2025-11-02 22:32:03,674] Phase 4 Post Placement Optimization and Clean-Up
[2025-11-02 22:32:03,674] 
[2025-11-02 22:32:03,674] Phase 4.1 Post Commit Optimization
[2025-11-02 22:32:03,674] INFO: [Timing 38-35] Done setting XDC timing constraints.
[2025-11-02 22:32:03,674] 
[2025-11-02 22:32:03,674] Phase 4.1.1 Post Placement Optimization
[2025-11-02 22:32:03,674] Post Placement Optimization Initialization | Checksum: 1975d5af8
[2025-11-02 22:32:03,675] 
[2025-11-02 22:32:03,675] Phase 4.1.1.1 BUFG Insertion
[2025-11-02 22:32:03,675] 
[2025-11-02 22:32:03,675] Starting Physical Synthesis Task
[2025-11-02 22:32:03,675] 
[2025-11-02 22:32:03,675] Phase 1 Physical Synthesis Initialization
[2025-11-02 22:32:03,675] INFO: [Physopt 32-721] Multithreading enabled for phys_opt_design using a maximum of 8 CPUs
[2025-11-02 22:32:03,675] INFO: [Physopt 32-619] Estimated Timing Summary | WNS=1.472 | TNS=0.000 |
[2025-11-02 22:32:03,675] Phase 1 Physical Synthesis Initialization | Checksum: 21bcaa496
[2025-11-02 22:32:03,675] 
[2025-11-02 22:32:03,675] Time (s): cpu = 00:00:00.74 ; elapsed = 00:00:00.21 . Memory (MB): peak = 3670.734 ; gain = 0.000 ; free physical = 7551 ; free virtual = 25459
[2025-11-02 22:32:03,675] INFO: [Place 46-33] Processed net finn_design_i/MVAU_hls_0/MVAU_hls_0/inst/grp_Matrix_Vector_Activate_Stream_Batch_fu_36/flow_control_loop_pipe_sequential_init_U/E[0], BUFG insertion was skipped due to placement/routing conflicts.
[2025-11-02 22:32:03,675] INFO: [Place 46-33] Processed net finn_design_i/MVAU_hls_0/MVAU_hls_0/inst/regslice_both_in1_V_U/blkStreamOut.oload, BUFG insertion was skipped due to placement/routing conflicts.
[2025-11-02 22:32:03,675] INFO: [Place 46-33] Processed net finn_design_i/MVAU_hls_0/MVAU_hls_0/inst/regslice_both_in1_V_U/B_V_data_1_payload_A[1199]_i_1_n_3, BUFG insertion was skipped due to placement/routing conflicts.
[2025-11-02 22:32:03,675] INFO: [Place 46-33] Processed net finn_design_i/MVAU_hls_0/MVAU_hls_0/inst/regslice_both_in1_V_U/B_V_data_1_load_B, BUFG insertion was skipped due to placement/routing conflicts.
[2025-11-02 22:32:03,675] INFO: [Place 46-33] Processed net finn_design_i/StreamingFIFO_rtl_0/inst/impl/ap_rst_n_0, BUFG insertion was skipped due to placement/routing conflicts.
[2025-11-02 22:32:03,675] INFO: [Place 46-56] BUFG insertion identified 5 candidate nets. Inserted BUFG: 0, Replicated BUFG Driver: 0, Skipped due to Placement/Routing Conflicts: 5, Skipped due to Timing Degradation: 0, Skipped due to Illegal Netlist: 0.
[2025-11-02 22:32:03,675] Ending Physical Synthesis Task | Checksum: 18698eaaf
[2025-11-02 22:32:03,675] 
[2025-11-02 22:32:03,675] Time (s): cpu = 00:00:01 ; elapsed = 00:00:00.42 . Memory (MB): peak = 3670.734 ; gain = 0.000 ; free physical = 7551 ; free virtual = 25459
[2025-11-02 22:32:03,675] Phase 4.1.1.1 BUFG Insertion | Checksum: 1975d5af8
[2025-11-02 22:32:03,675] 
[2025-11-02 22:32:03,675] Time (s): cpu = 00:00:35 ; elapsed = 00:00:12 . Memory (MB): peak = 3670.734 ; gain = 0.000 ; free physical = 7551 ; free virtual = 25459
[2025-11-02 22:32:03,675] 
[2025-11-02 22:32:03,675] Phase 4.1.1.2 Post Placement Timing Optimization
[2025-11-02 22:32:03,675] INFO: [Place 30-746] Post Placement Timing Summary WNS=1.472. For the most accurate timing information please run report_timing.
[2025-11-02 22:32:03,675] Phase 4.1.1.2 Post Placement Timing Optimization | Checksum: 158af683b
[2025-11-02 22:32:03,675] 
[2025-11-02 22:32:03,675] Time (s): cpu = 00:00:35 ; elapsed = 00:00:12 . Memory (MB): peak = 3670.734 ; gain = 0.000 ; free physical = 7551 ; free virtual = 25459
[2025-11-02 22:32:03,675] 
[2025-11-02 22:32:03,675] Time (s): cpu = 00:00:35 ; elapsed = 00:00:12 . Memory (MB): peak = 3670.734 ; gain = 0.000 ; free physical = 7551 ; free virtual = 25459
[2025-11-02 22:32:03,675] Phase 4.1 Post Commit Optimization | Checksum: 158af683b
[2025-11-02 22:32:03,675] 
[2025-11-02 22:32:03,675] Time (s): cpu = 00:00:35 ; elapsed = 00:00:12 . Memory (MB): peak = 3670.734 ; gain = 0.000 ; free physical = 7551 ; free virtual = 25459
[2025-11-02 22:32:03,675] 
[2025-11-02 22:32:03,675] Phase 4.2 Post Placement Cleanup
[2025-11-02 22:32:03,675] Phase 4.2 Post Placement Cleanup | Checksum: 158af683b
[2025-11-02 22:32:03,675] 
[2025-11-02 22:32:03,675] Time (s): cpu = 00:00:35 ; elapsed = 00:00:13 . Memory (MB): peak = 3670.734 ; gain = 0.000 ; free physical = 7551 ; free virtual = 25459
[2025-11-02 22:32:03,675] 
[2025-11-02 22:32:03,675] Phase 4.3 Placer Reporting
[2025-11-02 22:32:03,675] 
[2025-11-02 22:32:03,675] Phase 4.3.1 Print Estimated Congestion
[2025-11-02 22:32:03,675] INFO: [Place 30-612] Post-Placement Estimated Congestion
[2025-11-02 22:32:03,675]  ____________________________________________________
[2025-11-02 22:32:03,675] |           | Global Congestion | Short Congestion  |
[2025-11-02 22:32:03,675] | Direction | Region Size       | Region Size       |
[2025-11-02 22:32:03,675] |___________|___________________|___________________|
[2025-11-02 22:32:03,675] |      North|                1x1|                1x1|
[2025-11-02 22:32:03,675] |___________|___________________|___________________|
[2025-11-02 22:32:03,675] |      South|                1x1|                1x1|
[2025-11-02 22:32:03,675] |___________|___________________|___________________|
[2025-11-02 22:32:03,675] |       East|                1x1|                1x1|
[2025-11-02 22:32:03,675] |___________|___________________|___________________|
[2025-11-02 22:32:03,675] |       West|                1x1|                1x1|
[2025-11-02 22:32:03,675] |___________|___________________|___________________|
[2025-11-02 22:32:03,675] 
[2025-11-02 22:32:03,675] Phase 4.3.1 Print Estimated Congestion | Checksum: 158af683b
[2025-11-02 22:32:03,675] 
[2025-11-02 22:32:03,675] Time (s): cpu = 00:00:35 ; elapsed = 00:00:13 . Memory (MB): peak = 3670.734 ; gain = 0.000 ; free physical = 7550 ; free virtual = 25458
[2025-11-02 22:32:03,675] Phase 4.3 Placer Reporting | Checksum: 158af683b
[2025-11-02 22:32:03,675] 
[2025-11-02 22:32:03,675] Time (s): cpu = 00:00:35 ; elapsed = 00:00:13 . Memory (MB): peak = 3670.734 ; gain = 0.000 ; free physical = 7550 ; free virtual = 25458
[2025-11-02 22:32:03,675] 
[2025-11-02 22:32:03,675] Phase 4.4 Final Placement Cleanup
[2025-11-02 22:32:03,675] Netlist sorting complete. Time (s): cpu = 00:00:00.01 ; elapsed = 00:00:00 . Memory (MB): peak = 3670.734 ; gain = 0.000 ; free physical = 7550 ; free virtual = 25458
[2025-11-02 22:32:03,675] 
[2025-11-02 22:32:03,675] Time (s): cpu = 00:00:35 ; elapsed = 00:00:13 . Memory (MB): peak = 3670.734 ; gain = 0.000 ; free physical = 7550 ; free virtual = 25458
[2025-11-02 22:32:03,675] Phase 4 Post Placement Optimization and Clean-Up | Checksum: 147ea7701
[2025-11-02 22:32:03,675] 
[2025-11-02 22:32:03,675] Time (s): cpu = 00:00:35 ; elapsed = 00:00:13 . Memory (MB): peak = 3670.734 ; gain = 0.000 ; free physical = 7550 ; free virtual = 25458
[2025-11-02 22:32:03,675] Ending Placer Task | Checksum: 9d94d237
[2025-11-02 22:32:03,675] 
[2025-11-02 22:32:03,675] Time (s): cpu = 00:00:35 ; elapsed = 00:00:13 . Memory (MB): peak = 3670.734 ; gain = 0.000 ; free physical = 7553 ; free virtual = 25461
[2025-11-02 22:32:03,675] INFO: [Common 17-83] Releasing license: Implementation
[2025-11-02 22:32:03,675] 72 Infos, 0 Warnings, 0 Critical Warnings and 0 Errors encountered.
[2025-11-02 22:32:03,675] place_design completed successfully
[2025-11-02 22:32:03,675] place_design: Time (s): cpu = 00:00:36 ; elapsed = 00:00:13 . Memory (MB): peak = 3670.734 ; gain = 0.000 ; free physical = 7576 ; free virtual = 25484
[2025-11-02 22:32:03,675] INFO: [Timing 38-480] Writing timing data to binary archive.
[2025-11-02 22:32:03,675] Writing XDEF routing.
[2025-11-02 22:32:03,675] Writing XDEF routing logical nets.
[2025-11-02 22:32:03,675] Writing XDEF routing special nets.
[2025-11-02 22:32:03,675] Write XDEF Complete: Time (s): cpu = 00:00:02 ; elapsed = 00:00:00.76 . Memory (MB): peak = 3670.734 ; gain = 0.000 ; free physical = 7535 ; free virtual = 25468
[2025-11-02 22:32:03,675] INFO: [Common 17-1381] The checkpoint '/tmp/finn_dev_changhong/synth_out_of_context_lt9j94vz/results_finn_design_wrapper/vivadocompile/vivadocompile.runs/impl_1/finn_design_wrapper_placed.dcp' has been generated.
[2025-11-02 22:32:03,675] INFO: [runtcl-4] Executing : report_io -file finn_design_wrapper_io_placed.rpt
[2025-11-02 22:32:03,675] report_io: Time (s): cpu = 00:00:00.06 ; elapsed = 00:00:00.14 . Memory (MB): peak = 3670.734 ; gain = 0.000 ; free physical = 7535 ; free virtual = 25449
[2025-11-02 22:32:03,675] INFO: [runtcl-4] Executing : report_utilization -file finn_design_wrapper_utilization_placed.rpt -pb finn_design_wrapper_utilization_placed.pb
[2025-11-02 22:32:03,675] INFO: [runtcl-4] Executing : report_control_sets -verbose -file finn_design_wrapper_control_sets_placed.rpt
[2025-11-02 22:32:03,675] report_control_sets: Time (s): cpu = 00:00:00.05 ; elapsed = 00:00:00.12 . Memory (MB): peak = 3670.734 ; gain = 0.000 ; free physical = 7531 ; free virtual = 25445
[2025-11-02 22:32:03,675] Command: phys_opt_design
[2025-11-02 22:32:03,675] Attempting to get a license for feature 'Implementation' and/or device 'xc7z020'
[2025-11-02 22:32:03,675] INFO: [Common 17-349] Got license for feature 'Implementation' and/or device 'xc7z020'
[2025-11-02 22:32:03,675] 
[2025-11-02 22:32:03,675] Starting Initial Update Timing Task
[2025-11-02 22:32:03,675] WARNING: [Timing 38-242] The property HD.CLK_SRC of clock port "ap_clk" is not set. In out-of-context mode, this prevents timing estimation for clock delay/skew
[2025-11-02 22:32:03,675] Resolution: Set the HD.CLK_SRC property of the out-of-context port to the location of the clock buffer instance in the top-level design
[2025-11-02 22:32:03,675] 
[2025-11-02 22:32:03,675] Time (s): cpu = 00:00:02 ; elapsed = 00:00:00.84 . Memory (MB): peak = 3670.734 ; gain = 0.000 ; free physical = 7501 ; free virtual = 25415
[2025-11-02 22:32:03,675] INFO: [Vivado_Tcl 4-383] Design worst setup slack (WNS) is greater than or equal to 0.000 ns. Skipping all physical synthesis optimizations.
[2025-11-02 22:32:03,675] INFO: [Vivado_Tcl 4-232] No setup violation found. The netlist was not modified.
[2025-11-02 22:32:03,676] INFO: [Common 17-83] Releasing license: Implementation
[2025-11-02 22:32:03,676] 81 Infos, 1 Warnings, 0 Critical Warnings and 0 Errors encountered.
[2025-11-02 22:32:03,676] phys_opt_design completed successfully
[2025-11-02 22:32:03,676] INFO: [Timing 38-480] Writing timing data to binary archive.
[2025-11-02 22:32:03,676] Writing XDEF routing.
[2025-11-02 22:32:03,676] Writing XDEF routing logical nets.
[2025-11-02 22:32:03,676] Writing XDEF routing special nets.
[2025-11-02 22:32:03,676] Write XDEF Complete: Time (s): cpu = 00:00:02 ; elapsed = 00:00:00.75 . Memory (MB): peak = 3670.734 ; gain = 0.000 ; free physical = 7490 ; free virtual = 25429
[2025-11-02 22:32:03,676] INFO: [Common 17-1381] The checkpoint '/tmp/finn_dev_changhong/synth_out_of_context_lt9j94vz/results_finn_design_wrapper/vivadocompile/vivadocompile.runs/impl_1/finn_design_wrapper_physopt.dcp' has been generated.
[2025-11-02 22:32:03,676] Command: route_design
[2025-11-02 22:32:03,676] Attempting to get a license for feature 'Implementation' and/or device 'xc7z020'
[2025-11-02 22:32:03,676] INFO: [Common 17-349] Got license for feature 'Implementation' and/or device 'xc7z020'
[2025-11-02 22:32:03,676] Running DRC as a precondition to command route_design
[2025-11-02 22:32:03,676] INFO: [DRC 23-27] Running DRC with 8 threads
[2025-11-02 22:32:03,676] INFO: [Vivado_Tcl 4-198] DRC finished with 0 Errors
[2025-11-02 22:32:03,676] INFO: [Vivado_Tcl 4-199] Please refer to the DRC report (report_drc) for more information.
[2025-11-02 22:32:03,676] 
[2025-11-02 22:32:03,676] 
[2025-11-02 22:32:03,676] Starting Routing Task
[2025-11-02 22:32:03,676] INFO: [Route 35-254] Multithreading enabled for route_design using a maximum of 8 CPUs
[2025-11-02 22:32:03,676] 
[2025-11-02 22:32:03,676] Phase 1 Build RT Design
[2025-11-02 22:32:03,676] Checksum: PlaceDB: 53d1dda0 ConstDB: 0 ShapeSum: 49c2f497 RouteDB: 0
[2025-11-02 22:32:03,676] WARNING: [Route 35-197] Clock port "ap_clk" does not have an associated HD.CLK_SRC. Without this constraint, timing analysis may not be accurate and upstream checks cannot be done to ensure correct clock placement.
[2025-11-02 22:32:03,676] WARNING: [Route 35-198] Port "s_axis_0_tdata[27]" does not have an associated HD.PARTPIN_LOCS, which will prevent the partial routing of the signal "s_axis_0_tdata[27]". Without this partial route, timing analysis to/from this port will not be accurate, and no routing information for this port can be exported.
[2025-11-02 22:32:03,676] WARNING: [Route 35-198] Port "s_axis_0_tdata[32]" does not have an associated HD.PARTPIN_LOCS, which will prevent the partial routing of the signal "s_axis_0_tdata[32]". Without this partial route, timing analysis to/from this port will not be accurate, and no routing information for this port can be exported.
[2025-11-02 22:32:03,676] WARNING: [Route 35-198] Port "s_axis_0_tdata[33]" does not have an associated HD.PARTPIN_LOCS, which will prevent the partial routing of the signal "s_axis_0_tdata[33]". Without this partial route, timing analysis to/from this port will not be accurate, and no routing information for this port can be exported.
[2025-11-02 22:32:03,676] WARNING: [Route 35-198] Port "s_axis_0_tdata[34]" does not have an associated HD.PARTPIN_LOCS, which will prevent the partial routing of the signal "s_axis_0_tdata[34]". Without this partial route, timing analysis to/from this port will not be accurate, and no routing information for this port can be exported.
[2025-11-02 22:32:03,676] WARNING: [Route 35-198] Port "s_axis_0_tdata[30]" does not have an associated HD.PARTPIN_LOCS, which will prevent the partial routing of the signal "s_axis_0_tdata[30]". Without this partial route, timing analysis to/from this port will not be accurate, and no routing information for this port can be exported.
[2025-11-02 22:32:03,676] WARNING: [Route 35-198] Port "s_axis_0_tdata[31]" does not have an associated HD.PARTPIN_LOCS, which will prevent the partial routing of the signal "s_axis_0_tdata[31]". Without this partial route, timing analysis to/from this port will not be accurate, and no routing information for this port can be exported.
[2025-11-02 22:32:03,676] WARNING: [Route 35-198] Port "s_axis_0_tdata[65]" does not have an associated HD.PARTPIN_LOCS, which will prevent the partial routing of the signal "s_axis_0_tdata[65]". Without this partial route, timing analysis to/from this port will not be accurate, and no routing information for this port can be exported.
[2025-11-02 22:32:03,676] WARNING: [Route 35-198] Port "s_axis_0_tdata[446]" does not have an associated HD.PARTPIN_LOCS, which will prevent the partial routing of the signal "s_axis_0_tdata[446]". Without this partial route, timing analysis to/from this port will not be accurate, and no routing information for this port can be exported.
[2025-11-02 22:32:03,676] WARNING: [Route 35-198] Port "s_axis_0_tdata[57]" does not have an associated HD.PARTPIN_LOCS, which will prevent the partial routing of the signal "s_axis_0_tdata[57]". Without this partial route, timing analysis to/from this port will not be accurate, and no routing information for this port can be exported.
[2025-11-02 22:32:03,676] WARNING: [Route 35-198] Port "s_axis_0_tdata[60]" does not have an associated HD.PARTPIN_LOCS, which will prevent the partial routing of the signal "s_axis_0_tdata[60]". Without this partial route, timing analysis to/from this port will not be accurate, and no routing information for this port can be exported.
[2025-11-02 22:32:03,676] WARNING: [Route 35-198] Port "s_axis_0_tdata[63]" does not have an associated HD.PARTPIN_LOCS, which will prevent the partial routing of the signal "s_axis_0_tdata[63]". Without this partial route, timing analysis to/from this port will not be accurate, and no routing information for this port can be exported.
[2025-11-02 22:32:03,676] WARNING: [Route 35-198] Port "s_axis_0_tdata[64]" does not have an associated HD.PARTPIN_LOCS, which will prevent the partial routing of the signal "s_axis_0_tdata[64]". Without this partial route, timing analysis to/from this port will not be accurate, and no routing information for this port can be exported.
[2025-11-02 22:32:03,676] WARNING: [Route 35-198] Port "s_axis_0_tdata[67]" does not have an associated HD.PARTPIN_LOCS, which will prevent the partial routing of the signal "s_axis_0_tdata[67]". Without this partial route, timing analysis to/from this port will not be accurate, and no routing information for this port can be exported.
[2025-11-02 22:32:03,676] WARNING: [Route 35-198] Port "s_axis_0_tdata[68]" does not have an associated HD.PARTPIN_LOCS, which will prevent the partial routing of the signal "s_axis_0_tdata[68]". Without this partial route, timing analysis to/from this port will not be accurate, and no routing information for this port can be exported.
[2025-11-02 22:32:03,676] WARNING: [Route 35-198] Port "s_axis_0_tdata[70]" does not have an associated HD.PARTPIN_LOCS, which will prevent the partial routing of the signal "s_axis_0_tdata[70]". Without this partial route, timing analysis to/from this port will not be accurate, and no routing information for this port can be exported.
[2025-11-02 22:32:03,676] WARNING: [Route 35-198] Port "s_axis_0_tdata[83]" does not have an associated HD.PARTPIN_LOCS, which will prevent the partial routing of the signal "s_axis_0_tdata[83]". Without this partial route, timing analysis to/from this port will not be accurate, and no routing information for this port can be exported.
[2025-11-02 22:32:03,676] WARNING: [Route 35-198] Port "s_axis_0_tdata[88]" does not have an associated HD.PARTPIN_LOCS, which will prevent the partial routing of the signal "s_axis_0_tdata[88]". Without this partial route, timing analysis to/from this port will not be accurate, and no routing information for this port can be exported.
[2025-11-02 22:32:03,676] WARNING: [Route 35-198] Port "s_axis_0_tdata[92]" does not have an associated HD.PARTPIN_LOCS, which will prevent the partial routing of the signal "s_axis_0_tdata[92]". Without this partial route, timing analysis to/from this port will not be accurate, and no routing information for this port can be exported.
[2025-11-02 22:32:03,676] WARNING: [Route 35-198] Port "s_axis_0_tdata[94]" does not have an associated HD.PARTPIN_LOCS, which will prevent the partial routing of the signal "s_axis_0_tdata[94]". Without this partial route, timing analysis to/from this port will not be accurate, and no routing information for this port can be exported.
[2025-11-02 22:32:03,676] WARNING: [Route 35-198] Port "s_axis_0_tdata[95]" does not have an associated HD.PARTPIN_LOCS, which will prevent the partial routing of the signal "s_axis_0_tdata[95]". Without this partial route, timing analysis to/from this port will not be accurate, and no routing information for this port can be exported.
[2025-11-02 22:32:03,676] WARNING: [Route 35-198] Port "s_axis_0_tdata[97]" does not have an associated HD.PARTPIN_LOCS, which will prevent the partial routing of the signal "s_axis_0_tdata[97]". Without this partial route, timing analysis to/from this port will not be accurate, and no routing information for this port can be exported.
[2025-11-02 22:32:03,676] WARNING: [Route 35-198] Port "s_axis_0_tdata[442]" does not have an associated HD.PARTPIN_LOCS, which will prevent the partial routing of the signal "s_axis_0_tdata[442]". Without this partial route, timing analysis to/from this port will not be accurate, and no routing information for this port can be exported.
[2025-11-02 22:32:03,676] WARNING: [Route 35-198] Port "s_axis_0_tdata[447]" does not have an associated HD.PARTPIN_LOCS, which will prevent the partial routing of the signal "s_axis_0_tdata[447]". Without this partial route, timing analysis to/from this port will not be accurate, and no routing information for this port can be exported.
[2025-11-02 22:32:03,676] WARNING: [Route 35-198] Port "s_axis_0_tdata[448]" does not have an associated HD.PARTPIN_LOCS, which will prevent the partial routing of the signal "s_axis_0_tdata[448]". Without this partial route, timing analysis to/from this port will not be accurate, and no routing information for this port can be exported.
[2025-11-02 22:32:03,676] WARNING: [Route 35-198] Port "s_axis_0_tdata[460]" does not have an associated HD.PARTPIN_LOCS, which will prevent the partial routing of the signal "s_axis_0_tdata[460]". Without this partial route, timing analysis to/from this port will not be accurate, and no routing information for this port can be exported.
[2025-11-02 22:32:03,676] WARNING: [Route 35-198] Port "s_axis_0_tdata[419]" does not have an associated HD.PARTPIN_LOCS, which will prevent the partial routing of the signal "s_axis_0_tdata[419]". Without this partial route, timing analysis to/from this port will not be accurate, and no routing information for this port can be exported.
[2025-11-02 22:32:03,676] WARNING: [Route 35-198] Port "s_axis_0_tdata[438]" does not have an associated HD.PARTPIN_LOCS, which will prevent the partial routing of the signal "s_axis_0_tdata[438]". Without this partial route, timing analysis to/from this port will not be accurate, and no routing information for this port can be exported.
[2025-11-02 22:32:03,676] WARNING: [Route 35-198] Port "s_axis_0_tdata[444]" does not have an associated HD.PARTPIN_LOCS, which will prevent the partial routing of the signal "s_axis_0_tdata[444]". Without this partial route, timing analysis to/from this port will not be accurate, and no routing information for this port can be exported.
[2025-11-02 22:32:03,676] WARNING: [Route 35-198] Port "s_axis_0_tdata[445]" does not have an associated HD.PARTPIN_LOCS, which will prevent the partial routing of the signal "s_axis_0_tdata[445]". Without this partial route, timing analysis to/from this port will not be accurate, and no routing information for this port can be exported.
[2025-11-02 22:32:03,676] WARNING: [Route 35-198] Port "s_axis_0_tdata[413]" does not have an associated HD.PARTPIN_LOCS, which will prevent the partial routing of the signal "s_axis_0_tdata[413]". Without this partial route, timing analysis to/from this port will not be accurate, and no routing information for this port can be exported.
[2025-11-02 22:32:03,676] WARNING: [Route 35-198] Port "s_axis_0_tdata[414]" does not have an associated HD.PARTPIN_LOCS, which will prevent the partial routing of the signal "s_axis_0_tdata[414]". Without this partial route, timing analysis to/from this port will not be accurate, and no routing information for this port can be exported.
[2025-11-02 22:32:03,676] WARNING: [Route 35-198] Port "s_axis_0_tdata[416]" does not have an associated HD.PARTPIN_LOCS, which will prevent the partial routing of the signal "s_axis_0_tdata[416]". Without this partial route, timing analysis to/from this port will not be accurate, and no routing information for this port can be exported.
[2025-11-02 22:32:03,676] WARNING: [Route 35-198] Port "s_axis_0_tdata[417]" does not have an associated HD.PARTPIN_LOCS, which will prevent the partial routing of the signal "s_axis_0_tdata[417]". Without this partial route, timing analysis to/from this port will not be accurate, and no routing information for this port can be exported.
[2025-11-02 22:32:03,676] WARNING: [Route 35-198] Port "s_axis_0_tdata[428]" does not have an associated HD.PARTPIN_LOCS, which will prevent the partial routing of the signal "s_axis_0_tdata[428]". Without this partial route, timing analysis to/from this port will not be accurate, and no routing information for this port can be exported.
[2025-11-02 22:32:03,676] WARNING: [Route 35-198] Port "s_axis_0_tdata[429]" does not have an associated HD.PARTPIN_LOCS, which will prevent the partial routing of the signal "s_axis_0_tdata[429]". Without this partial route, timing analysis to/from this port will not be accurate, and no routing information for this port can be exported.
[2025-11-02 22:32:03,676] WARNING: [Route 35-198] Port "s_axis_0_tdata[409]" does not have an associated HD.PARTPIN_LOCS, which will prevent the partial routing of the signal "s_axis_0_tdata[409]". Without this partial route, timing analysis to/from this port will not be accurate, and no routing information for this port can be exported.
[2025-11-02 22:32:03,676] WARNING: [Route 35-198] Port "s_axis_0_tdata[411]" does not have an associated HD.PARTPIN_LOCS, which will prevent the partial routing of the signal "s_axis_0_tdata[411]". Without this partial route, timing analysis to/from this port will not be accurate, and no routing information for this port can be exported.
[2025-11-02 22:32:03,676] WARNING: [Route 35-198] Port "s_axis_0_tdata[412]" does not have an associated HD.PARTPIN_LOCS, which will prevent the partial routing of the signal "s_axis_0_tdata[412]". Without this partial route, timing analysis to/from this port will not be accurate, and no routing information for this port can be exported.
[2025-11-02 22:32:03,676] WARNING: [Route 35-198] Port "s_axis_0_tdata[426]" does not have an associated HD.PARTPIN_LOCS, which will prevent the partial routing of the signal "s_axis_0_tdata[426]". Without this partial route, timing analysis to/from this port will not be accurate, and no routing information for this port can be exported.
[2025-11-02 22:32:03,676] WARNING: [Route 35-198] Port "s_axis_0_tdata[381]" does not have an associated HD.PARTPIN_LOCS, which will prevent the partial routing of the signal "s_axis_0_tdata[381]". Without this partial route, timing analysis to/from this port will not be accurate, and no routing information for this port can be exported.
[2025-11-02 22:32:03,676] WARNING: [Route 35-198] Port "s_axis_0_tdata[383]" does not have an associated HD.PARTPIN_LOCS, which will prevent the partial routing of the signal "s_axis_0_tdata[383]". Without this partial route, timing analysis to/from this port will not be accurate, and no routing information for this port can be exported.
[2025-11-02 22:32:03,676] WARNING: [Route 35-198] Port "s_axis_0_tdata[385]" does not have an associated HD.PARTPIN_LOCS, which will prevent the partial routing of the signal "s_axis_0_tdata[385]". Without this partial route, timing analysis to/from this port will not be accurate, and no routing information for this port can be exported.
[2025-11-02 22:32:03,676] WARNING: [Route 35-198] Port "s_axis_0_tdata[386]" does not have an associated HD.PARTPIN_LOCS, which will prevent the partial routing of the signal "s_axis_0_tdata[386]". Without this partial route, timing analysis to/from this port will not be accurate, and no routing information for this port can be exported.
[2025-11-02 22:32:03,676] WARNING: [Route 35-198] Port "s_axis_0_tdata[388]" does not have an associated HD.PARTPIN_LOCS, which will prevent the partial routing of the signal "s_axis_0_tdata[388]". Without this partial route, timing analysis to/from this port will not be accurate, and no routing information for this port can be exported.
[2025-11-02 22:32:03,676] WARNING: [Route 35-198] Port "s_axis_0_tdata[390]" does not have an associated HD.PARTPIN_LOCS, which will prevent the partial routing of the signal "s_axis_0_tdata[390]". Without this partial route, timing analysis to/from this port will not be accurate, and no routing information for this port can be exported.
[2025-11-02 22:32:03,676] WARNING: [Route 35-198] Port "s_axis_0_tdata[391]" does not have an associated HD.PARTPIN_LOCS, which will prevent the partial routing of the signal "s_axis_0_tdata[391]". Without this partial route, timing analysis to/from this port will not be accurate, and no routing information for this port can be exported.
[2025-11-02 22:32:03,676] WARNING: [Route 35-198] Port "s_axis_0_tdata[405]" does not have an associated HD.PARTPIN_LOCS, which will prevent the partial routing of the signal "s_axis_0_tdata[405]". Without this partial route, timing analysis to/from this port will not be accurate, and no routing information for this port can be exported.
[2025-11-02 22:32:03,676] WARNING: [Route 35-198] Port "s_axis_0_tdata[26]" does not have an associated HD.PARTPIN_LOCS, which will prevent the partial routing of the signal "s_axis_0_tdata[26]". Without this partial route, timing analysis to/from this port will not be accurate, and no routing information for this port can be exported.
[2025-11-02 22:32:03,676] WARNING: [Route 35-198] Port "s_axis_0_tdata[28]" does not have an associated HD.PARTPIN_LOCS, which will prevent the partial routing of the signal "s_axis_0_tdata[28]". Without this partial route, timing analysis to/from this port will not be accurate, and no routing information for this port can be exported.
[2025-11-02 22:32:03,676] WARNING: [Route 35-198] Port "s_axis_0_tdata[35]" does not have an associated HD.PARTPIN_LOCS, which will prevent the partial routing of the signal "s_axis_0_tdata[35]". Without this partial route, timing analysis to/from this port will not be accurate, and no routing information for this port can be exported.
[2025-11-02 22:32:03,676] WARNING: [Route 35-198] Port "s_axis_0_tdata[58]" does not have an associated HD.PARTPIN_LOCS, which will prevent the partial routing of the signal "s_axis_0_tdata[58]". Without this partial route, timing analysis to/from this port will not be accurate, and no routing information for this port can be exported.
[2025-11-02 22:32:03,676] WARNING: [Route 35-198] Port "s_axis_0_tdata[36]" does not have an associated HD.PARTPIN_LOCS, which will prevent the partial routing of the signal "s_axis_0_tdata[36]". Without this partial route, timing analysis to/from this port will not be accurate, and no routing information for this port can be exported.
[2025-11-02 22:32:03,676] WARNING: [Route 35-198] Port "s_axis_0_tdata[107]" does not have an associated HD.PARTPIN_LOCS, which will prevent the partial routing of the signal "s_axis_0_tdata[107]". Without this partial route, timing analysis to/from this port will not be accurate, and no routing information for this port can be exported.
[2025-11-02 22:32:03,676] WARNING: [Route 35-198] Port "s_axis_0_tdata[441]" does not have an associated HD.PARTPIN_LOCS, which will prevent the partial routing of the signal "s_axis_0_tdata[441]". Without this partial route, timing analysis to/from this port will not be accurate, and no routing information for this port can be exported.
[2025-11-02 22:32:03,676] WARNING: [Route 35-198] Port "s_axis_0_tdata[443]" does not have an associated HD.PARTPIN_LOCS, which will prevent the partial routing of the signal "s_axis_0_tdata[443]". Without this partial route, timing analysis to/from this port will not be accurate, and no routing information for this port can be exported.
[2025-11-02 22:32:03,676] WARNING: [Route 35-198] Port "s_axis_0_tdata[105]" does not have an associated HD.PARTPIN_LOCS, which will prevent the partial routing of the signal "s_axis_0_tdata[105]". Without this partial route, timing analysis to/from this port will not be accurate, and no routing information for this port can be exported.
[2025-11-02 22:32:03,676] WARNING: [Route 35-198] Port "s_axis_0_tdata[461]" does not have an associated HD.PARTPIN_LOCS, which will prevent the partial routing of the signal "s_axis_0_tdata[461]". Without this partial route, timing analysis to/from this port will not be accurate, and no routing information for this port can be exported.
[2025-11-02 22:32:03,676] WARNING: [Route 35-198] Port "s_axis_0_tdata[463]" does not have an associated HD.PARTPIN_LOCS, which will prevent the partial routing of the signal "s_axis_0_tdata[463]". Without this partial route, timing analysis to/from this port will not be accurate, and no routing information for this port can be exported.
[2025-11-02 22:32:03,676] WARNING: [Route 35-198] Port "s_axis_0_tdata[415]" does not have an associated HD.PARTPIN_LOCS, which will prevent the partial routing of the signal "s_axis_0_tdata[415]". Without this partial route, timing analysis to/from this port will not be accurate, and no routing information for this port can be exported.
[2025-11-02 22:32:03,676] WARNING: [Route 35-198] Port "s_axis_0_tdata[418]" does not have an associated HD.PARTPIN_LOCS, which will prevent the partial routing of the signal "s_axis_0_tdata[418]". Without this partial route, timing analysis to/from this port will not be accurate, and no routing information for this port can be exported.
[2025-11-02 22:32:03,676] WARNING: [Route 35-198] Port "s_axis_0_tdata[436]" does not have an associated HD.PARTPIN_LOCS, which will prevent the partial routing of the signal "s_axis_0_tdata[436]". Without this partial route, timing analysis to/from this port will not be accurate, and no routing information for this port can be exported.
[2025-11-02 22:32:03,676] WARNING: [Route 35-198] Port "s_axis_0_tdata[437]" does not have an associated HD.PARTPIN_LOCS, which will prevent the partial routing of the signal "s_axis_0_tdata[437]". Without this partial route, timing analysis to/from this port will not be accurate, and no routing information for this port can be exported.
[2025-11-02 22:32:03,676] WARNING: [Route 35-198] Port "s_axis_0_tdata[403]" does not have an associated HD.PARTPIN_LOCS, which will prevent the partial routing of the signal "s_axis_0_tdata[403]". Without this partial route, timing analysis to/from this port will not be accurate, and no routing information for this port can be exported.
[2025-11-02 22:32:03,676] WARNING: [Route 35-198] Port "s_axis_0_tdata[404]" does not have an associated HD.PARTPIN_LOCS, which will prevent the partial routing of the signal "s_axis_0_tdata[404]". Without this partial route, timing analysis to/from this port will not be accurate, and no routing information for this port can be exported.
[2025-11-02 22:32:03,676] WARNING: [Route 35-198] Port "s_axis_0_tdata[407]" does not have an associated HD.PARTPIN_LOCS, which will prevent the partial routing of the signal "s_axis_0_tdata[407]". Without this partial route, timing analysis to/from this port will not be accurate, and no routing information for this port can be exported.
[2025-11-02 22:32:03,676] WARNING: [Route 35-198] Port "s_axis_0_tdata[410]" does not have an associated HD.PARTPIN_LOCS, which will prevent the partial routing of the signal "s_axis_0_tdata[410]". Without this partial route, timing analysis to/from this port will not be accurate, and no routing information for this port can be exported.
[2025-11-02 22:32:03,676] WARNING: [Route 35-198] Port "s_axis_0_tdata[389]" does not have an associated HD.PARTPIN_LOCS, which will prevent the partial routing of the signal "s_axis_0_tdata[389]". Without this partial route, timing analysis to/from this port will not be accurate, and no routing information for this port can be exported.
[2025-11-02 22:32:03,676] WARNING: [Route 35-198] Port "s_axis_0_tdata[86]" does not have an associated HD.PARTPIN_LOCS, which will prevent the partial routing of the signal "s_axis_0_tdata[86]". Without this partial route, timing analysis to/from this port will not be accurate, and no routing information for this port can be exported.
[2025-11-02 22:32:03,676] WARNING: [Route 35-198] Port "s_axis_0_tdata[87]" does not have an associated HD.PARTPIN_LOCS, which will prevent the partial routing of the signal "s_axis_0_tdata[87]". Without this partial route, timing analysis to/from this port will not be accurate, and no routing information for this port can be exported.
[2025-11-02 22:32:03,676] WARNING: [Route 35-198] Port "s_axis_0_tdata[89]" does not have an associated HD.PARTPIN_LOCS, which will prevent the partial routing of the signal "s_axis_0_tdata[89]". Without this partial route, timing analysis to/from this port will not be accurate, and no routing information for this port can be exported.
[2025-11-02 22:32:03,676] WARNING: [Route 35-198] Port "s_axis_0_tdata[90]" does not have an associated HD.PARTPIN_LOCS, which will prevent the partial routing of the signal "s_axis_0_tdata[90]". Without this partial route, timing analysis to/from this port will not be accurate, and no routing information for this port can be exported.
[2025-11-02 22:32:03,676] WARNING: [Route 35-198] Port "s_axis_0_tdata[104]" does not have an associated HD.PARTPIN_LOCS, which will prevent the partial routing of the signal "s_axis_0_tdata[104]". Without this partial route, timing analysis to/from this port will not be accurate, and no routing information for this port can be exported.
[2025-11-02 22:32:03,676] WARNING: [Route 35-198] Port "s_axis_0_tdata[462]" does not have an associated HD.PARTPIN_LOCS, which will prevent the partial routing of the signal "s_axis_0_tdata[462]". Without this partial route, timing analysis to/from this port will not be accurate, and no routing information for this port can be exported.
[2025-11-02 22:32:03,676] WARNING: [Route 35-198] Port "s_axis_0_tdata[401]" does not have an associated HD.PARTPIN_LOCS, which will prevent the partial routing of the signal "s_axis_0_tdata[401]". Without this partial route, timing analysis to/from this port will not be accurate, and no routing information for this port can be exported.
[2025-11-02 22:32:03,676] WARNING: [Route 35-198] Port "s_axis_0_tdata[402]" does not have an associated HD.PARTPIN_LOCS, which will prevent the partial routing of the signal "s_axis_0_tdata[402]". Without this partial route, timing analysis to/from this port will not be accurate, and no routing information for this port can be exported.
[2025-11-02 22:32:03,676] WARNING: [Route 35-198] Port "s_axis_0_tdata[406]" does not have an associated HD.PARTPIN_LOCS, which will prevent the partial routing of the signal "s_axis_0_tdata[406]". Without this partial route, timing analysis to/from this port will not be accurate, and no routing information for this port can be exported.
[2025-11-02 22:32:03,676] WARNING: [Route 35-198] Port "s_axis_0_tdata[408]" does not have an associated HD.PARTPIN_LOCS, which will prevent the partial routing of the signal "s_axis_0_tdata[408]". Without this partial route, timing analysis to/from this port will not be accurate, and no routing information for this port can be exported.
[2025-11-02 22:32:03,676] WARNING: [Route 35-198] Port "s_axis_0_tdata[380]" does not have an associated HD.PARTPIN_LOCS, which will prevent the partial routing of the signal "s_axis_0_tdata[380]". Without this partial route, timing analysis to/from this port will not be accurate, and no routing information for this port can be exported.
[2025-11-02 22:32:03,676] WARNING: [Route 35-198] Port "s_axis_0_tdata[384]" does not have an associated HD.PARTPIN_LOCS, which will prevent the partial routing of the signal "s_axis_0_tdata[384]". Without this partial route, timing analysis to/from this port will not be accurate, and no routing information for this port can be exported.
[2025-11-02 22:32:03,676] WARNING: [Route 35-198] Port "s_axis_0_tdata[387]" does not have an associated HD.PARTPIN_LOCS, which will prevent the partial routing of the signal "s_axis_0_tdata[387]". Without this partial route, timing analysis to/from this port will not be accurate, and no routing information for this port can be exported.
[2025-11-02 22:32:03,676] WARNING: [Route 35-198] Port "s_axis_0_tdata[62]" does not have an associated HD.PARTPIN_LOCS, which will prevent the partial routing of the signal "s_axis_0_tdata[62]". Without this partial route, timing analysis to/from this port will not be accurate, and no routing information for this port can be exported.
[2025-11-02 22:32:03,676] WARNING: [Route 35-198] Port "s_axis_0_tdata[66]" does not have an associated HD.PARTPIN_LOCS, which will prevent the partial routing of the signal "s_axis_0_tdata[66]". Without this partial route, timing analysis to/from this port will not be accurate, and no routing information for this port can be exported.
[2025-11-02 22:32:03,676] WARNING: [Route 35-198] Port "s_axis_0_tdata[439]" does not have an associated HD.PARTPIN_LOCS, which will prevent the partial routing of the signal "s_axis_0_tdata[439]". Without this partial route, timing analysis to/from this port will not be accurate, and no routing information for this port can be exported.
[2025-11-02 22:32:03,676] WARNING: [Route 35-198] Port "s_axis_0_tdata[440]" does not have an associated HD.PARTPIN_LOCS, which will prevent the partial routing of the signal "s_axis_0_tdata[440]". Without this partial route, timing analysis to/from this port will not be accurate, and no routing information for this port can be exported.
[2025-11-02 22:32:03,676] WARNING: [Route 35-198] Port "s_axis_0_tdata[459]" does not have an associated HD.PARTPIN_LOCS, which will prevent the partial routing of the signal "s_axis_0_tdata[459]". Without this partial route, timing analysis to/from this port will not be accurate, and no routing information for this port can be exported.
[2025-11-02 22:32:03,676] WARNING: [Route 35-198] Port "s_axis_0_tdata[425]" does not have an associated HD.PARTPIN_LOCS, which will prevent the partial routing of the signal "s_axis_0_tdata[425]". Without this partial route, timing analysis to/from this port will not be accurate, and no routing information for this port can be exported.
[2025-11-02 22:32:03,676] WARNING: [Route 35-198] Port "s_axis_0_tdata[23]" does not have an associated HD.PARTPIN_LOCS, which will prevent the partial routing of the signal "s_axis_0_tdata[23]". Without this partial route, timing analysis to/from this port will not be accurate, and no routing information for this port can be exported.
[2025-11-02 22:32:03,676] WARNING: [Route 35-198] Port "s_axis_0_tdata[24]" does not have an associated HD.PARTPIN_LOCS, which will prevent the partial routing of the signal "s_axis_0_tdata[24]". Without this partial route, timing analysis to/from this port will not be accurate, and no routing information for this port can be exported.
[2025-11-02 22:32:03,676] WARNING: [Route 35-198] Port "s_axis_0_tdata[101]" does not have an associated HD.PARTPIN_LOCS, which will prevent the partial routing of the signal "s_axis_0_tdata[101]". Without this partial route, timing analysis to/from this port will not be accurate, and no routing information for this port can be exported.
[2025-11-02 22:32:03,676] WARNING: [Route 35-198] Port "s_axis_0_tdata[103]" does not have an associated HD.PARTPIN_LOCS, which will prevent the partial routing of the signal "s_axis_0_tdata[103]". Without this partial route, timing analysis to/from this port will not be accurate, and no routing information for this port can be exported.
[2025-11-02 22:32:03,676] WARNING: [Route 35-198] Port "s_axis_0_tdata[458]" does not have an associated HD.PARTPIN_LOCS, which will prevent the partial routing of the signal "s_axis_0_tdata[458]". Without this partial route, timing analysis to/from this port will not be accurate, and no routing information for this port can be exported.
[2025-11-02 22:32:03,676] WARNING: [Route 35-198] Port "s_axis_0_tdata[22]" does not have an associated HD.PARTPIN_LOCS, which will prevent the partial routing of the signal "s_axis_0_tdata[22]". Without this partial route, timing analysis to/from this port will not be accurate, and no routing information for this port can be exported.
[2025-11-02 22:32:03,676] WARNING: [Route 35-198] Port "s_axis_0_tdata[25]" does not have an associated HD.PARTPIN_LOCS, which will prevent the partial routing of the signal "s_axis_0_tdata[25]". Without this partial route, timing analysis to/from this port will not be accurate, and no routing information for this port can be exported.
[2025-11-02 22:32:03,676] WARNING: [Route 35-198] Port "s_axis_0_tdata[29]" does not have an associated HD.PARTPIN_LOCS, which will prevent the partial routing of the signal "s_axis_0_tdata[29]". Without this partial route, timing analysis to/from this port will not be accurate, and no routing information for this port can be exported.
[2025-11-02 22:32:03,676] WARNING: [Route 35-198] Port "s_axis_0_tdata[55]" does not have an associated HD.PARTPIN_LOCS, which will prevent the partial routing of the signal "s_axis_0_tdata[55]". Without this partial route, timing analysis to/from this port will not be accurate, and no routing information for this port can be exported.
[2025-11-02 22:32:03,676] WARNING: [Route 35-198] Port "s_axis_0_tdata[59]" does not have an associated HD.PARTPIN_LOCS, which will prevent the partial routing of the signal "s_axis_0_tdata[59]". Without this partial route, timing analysis to/from this port will not be accurate, and no routing information for this port can be exported.
[2025-11-02 22:32:03,676] WARNING: [Route 35-198] Port "s_axis_0_tdata[61]" does not have an associated HD.PARTPIN_LOCS, which will prevent the partial routing of the signal "s_axis_0_tdata[61]". Without this partial route, timing analysis to/from this port will not be accurate, and no routing information for this port can be exported.
[2025-11-02 22:32:03,676] WARNING: [Route 35-198] Port "s_axis_0_tdata[69]" does not have an associated HD.PARTPIN_LOCS, which will prevent the partial routing of the signal "s_axis_0_tdata[69]". Without this partial route, timing analysis to/from this port will not be accurate, and no routing information for this port can be exported.
[2025-11-02 22:32:03,676] WARNING: [Route 35-198] Port "s_axis_0_tdata[71]" does not have an associated HD.PARTPIN_LOCS, which will prevent the partial routing of the signal "s_axis_0_tdata[71]". Without this partial route, timing analysis to/from this port will not be accurate, and no routing information for this port can be exported.
[2025-11-02 22:32:03,677] WARNING: [Route 35-198] Port "s_axis_0_tdata[85]" does not have an associated HD.PARTPIN_LOCS, which will prevent the partial routing of the signal "s_axis_0_tdata[85]". Without this partial route, timing analysis to/from this port will not be accurate, and no routing information for this port can be exported.
[2025-11-02 22:32:03,677] INFO: [Common 17-14] Message 'Route 35-198' appears 100 times and further instances of the messages will be disabled. Use the Tcl command set_msg_config to change the current settings.
[2025-11-02 22:32:03,677] Post Restoration Checksum: NetGraph: e8127b0d NumContArr: 624d7f1d Constraints: 0 Timing: 0
[2025-11-02 22:32:03,677] Phase 1 Build RT Design | Checksum: 14a5ffa2a
[2025-11-02 22:32:03,677] 
[2025-11-02 22:32:03,677] Time (s): cpu = 00:00:15 ; elapsed = 00:00:11 . Memory (MB): peak = 3698.488 ; gain = 27.754 ; free physical = 7395 ; free virtual = 25316
[2025-11-02 22:32:03,677] 
[2025-11-02 22:32:03,677] Phase 2 Router Initialization
[2025-11-02 22:32:03,677] 
[2025-11-02 22:32:03,677] Phase 2.1 Fix Topology Constraints
[2025-11-02 22:32:03,677] Phase 2.1 Fix Topology Constraints | Checksum: 14a5ffa2a
[2025-11-02 22:32:03,677] 
[2025-11-02 22:32:03,677] Time (s): cpu = 00:00:15 ; elapsed = 00:00:11 . Memory (MB): peak = 3706.488 ; gain = 35.754 ; free physical = 7364 ; free virtual = 25284
[2025-11-02 22:32:03,677] 
[2025-11-02 22:32:03,677] Phase 2.2 Pre Route Cleanup
[2025-11-02 22:32:03,677] Phase 2.2 Pre Route Cleanup | Checksum: 14a5ffa2a
[2025-11-02 22:32:03,677] 
[2025-11-02 22:32:03,677] Time (s): cpu = 00:00:15 ; elapsed = 00:00:11 . Memory (MB): peak = 3706.488 ; gain = 35.754 ; free physical = 7364 ; free virtual = 25284
[2025-11-02 22:32:03,677]  Number of Nodes with overlaps = 0
[2025-11-02 22:32:03,677] 
[2025-11-02 22:32:03,677] Phase 2.3 Update Timing
[2025-11-02 22:32:03,677] Phase 2.3 Update Timing | Checksum: 1d238973e
[2025-11-02 22:32:03,677] 
[2025-11-02 22:32:03,677] Time (s): cpu = 00:00:17 ; elapsed = 00:00:12 . Memory (MB): peak = 3722.371 ; gain = 51.637 ; free physical = 7353 ; free virtual = 25273
[2025-11-02 22:32:03,677] INFO: [Route 35-416] Intermediate Timing Summary | WNS=1.566  | TNS=0.000  | WHS=0.007  | THS=0.000  |
[2025-11-02 22:32:03,677] 
[2025-11-02 22:32:03,677] 
[2025-11-02 22:32:03,677] Router Utilization Summary
[2025-11-02 22:32:03,677]   Global Vertical Routing Utilization    = 0 %
[2025-11-02 22:32:03,677]   Global Horizontal Routing Utilization  = 0 %
[2025-11-02 22:32:03,677]   Routable Net Status*
[2025-11-02 22:32:03,677]   *Does not include unroutable nets such as driverless and loadless.
[2025-11-02 22:32:03,677]   Run report_route_status for detailed report.
[2025-11-02 22:32:03,677]   Number of Failed Nets               = 19148
[2025-11-02 22:32:03,677]     (Failed Nets is the sum of unrouted and partially routed nets)
[2025-11-02 22:32:03,677]   Number of Unrouted Nets             = 19148
[2025-11-02 22:32:03,677]   Number of Partially Routed Nets     = 0
[2025-11-02 22:32:03,677]   Number of Node Overlaps             = 0
[2025-11-02 22:32:03,677] 
[2025-11-02 22:32:03,677] Phase 2 Router Initialization | Checksum: f19bf4eb
[2025-11-02 22:32:03,677] 
[2025-11-02 22:32:03,677] Time (s): cpu = 00:00:20 ; elapsed = 00:00:13 . Memory (MB): peak = 3734.129 ; gain = 63.395 ; free physical = 7351 ; free virtual = 25271
[2025-11-02 22:32:03,677] 
[2025-11-02 22:32:03,677] Phase 3 Initial Routing
[2025-11-02 22:32:03,677] 
[2025-11-02 22:32:03,677] Phase 3.1 Global Routing
[2025-11-02 22:32:03,677] Phase 3.1 Global Routing | Checksum: f19bf4eb
[2025-11-02 22:32:03,677] 
[2025-11-02 22:32:03,677] Time (s): cpu = 00:00:20 ; elapsed = 00:00:13 . Memory (MB): peak = 3734.129 ; gain = 63.395 ; free physical = 7351 ; free virtual = 25271
[2025-11-02 22:32:03,677] Phase 3 Initial Routing | Checksum: 197f8ee27
[2025-11-02 22:32:03,677] 
[2025-11-02 22:32:03,677] Time (s): cpu = 00:00:22 ; elapsed = 00:00:13 . Memory (MB): peak = 3759.129 ; gain = 88.395 ; free physical = 7327 ; free virtual = 25247
[2025-11-02 22:32:03,677] 
[2025-11-02 22:32:03,677] Phase 4 Rip-up And Reroute
[2025-11-02 22:32:03,677] 
[2025-11-02 22:32:03,677] Phase 4.1 Global Iteration 0
[2025-11-02 22:32:03,677]  Number of Nodes with overlaps = 1163
[2025-11-02 22:32:03,677]  Number of Nodes with overlaps = 106
[2025-11-02 22:32:03,677]  Number of Nodes with overlaps = 23
[2025-11-02 22:32:03,677]  Number of Nodes with overlaps = 3
[2025-11-02 22:32:03,677]  Number of Nodes with overlaps = 1
[2025-11-02 22:32:03,677]  Number of Nodes with overlaps = 0
[2025-11-02 22:32:03,677] INFO: [Route 35-416] Intermediate Timing Summary | WNS=0.713  | TNS=0.000  | WHS=N/A    | THS=N/A    |
[2025-11-02 22:32:03,677] 
[2025-11-02 22:32:03,677] Phase 4.1 Global Iteration 0 | Checksum: 1f6afa275
[2025-11-02 22:32:03,677] 
[2025-11-02 22:32:03,677] Time (s): cpu = 00:00:26 ; elapsed = 00:00:16 . Memory (MB): peak = 3759.129 ; gain = 88.395 ; free physical = 7346 ; free virtual = 25266
[2025-11-02 22:32:03,677] Phase 4 Rip-up And Reroute | Checksum: 1f6afa275
[2025-11-02 22:32:03,677] 
[2025-11-02 22:32:03,677] Time (s): cpu = 00:00:26 ; elapsed = 00:00:16 . Memory (MB): peak = 3759.129 ; gain = 88.395 ; free physical = 7347 ; free virtual = 25267
[2025-11-02 22:32:03,677] 
[2025-11-02 22:32:03,677] Phase 5 Delay and Skew Optimization
[2025-11-02 22:32:03,677] 
[2025-11-02 22:32:03,677] Phase 5.1 Delay CleanUp
[2025-11-02 22:32:03,677] Phase 5.1 Delay CleanUp | Checksum: 1f6afa275
[2025-11-02 22:32:03,677] 
[2025-11-02 22:32:03,677] Time (s): cpu = 00:00:27 ; elapsed = 00:00:16 . Memory (MB): peak = 3759.129 ; gain = 88.395 ; free physical = 7347 ; free virtual = 25267
[2025-11-02 22:32:03,677] 
[2025-11-02 22:32:03,677] Phase 5.2 Clock Skew Optimization
[2025-11-02 22:32:03,677] Phase 5.2 Clock Skew Optimization | Checksum: 1f6afa275
[2025-11-02 22:32:03,677] 
[2025-11-02 22:32:03,677] Time (s): cpu = 00:00:27 ; elapsed = 00:00:16 . Memory (MB): peak = 3759.129 ; gain = 88.395 ; free physical = 7347 ; free virtual = 25267
[2025-11-02 22:32:03,677] Phase 5 Delay and Skew Optimization | Checksum: 1f6afa275
[2025-11-02 22:32:03,677] 
[2025-11-02 22:32:03,677] Time (s): cpu = 00:00:27 ; elapsed = 00:00:16 . Memory (MB): peak = 3759.129 ; gain = 88.395 ; free physical = 7347 ; free virtual = 25267
[2025-11-02 22:32:03,677] 
[2025-11-02 22:32:03,677] Phase 6 Post Hold Fix
[2025-11-02 22:32:03,677] 
[2025-11-02 22:32:03,677] Phase 6.1 Hold Fix Iter
[2025-11-02 22:32:03,677] 
[2025-11-02 22:32:03,677] Phase 6.1.1 Update Timing
[2025-11-02 22:32:03,677] Phase 6.1.1 Update Timing | Checksum: 2018fa208
[2025-11-02 22:32:03,677] 
[2025-11-02 22:32:03,677] Time (s): cpu = 00:00:28 ; elapsed = 00:00:16 . Memory (MB): peak = 3759.129 ; gain = 88.395 ; free physical = 7349 ; free virtual = 25270
[2025-11-02 22:32:03,677] INFO: [Route 35-416] Intermediate Timing Summary | WNS=0.713  | TNS=0.000  | WHS=0.035  | THS=0.000  |
[2025-11-02 22:32:03,677] 
[2025-11-02 22:32:03,677] Phase 6.1 Hold Fix Iter | Checksum: 17d01a3d7
[2025-11-02 22:32:03,677] 
[2025-11-02 22:32:03,677] Time (s): cpu = 00:00:28 ; elapsed = 00:00:16 . Memory (MB): peak = 3759.129 ; gain = 88.395 ; free physical = 7349 ; free virtual = 25270
[2025-11-02 22:32:03,677] Phase 6 Post Hold Fix | Checksum: 17d01a3d7
[2025-11-02 22:32:03,677] 
[2025-11-02 22:32:03,677] Time (s): cpu = 00:00:28 ; elapsed = 00:00:17 . Memory (MB): peak = 3759.129 ; gain = 88.395 ; free physical = 7349 ; free virtual = 25270
[2025-11-02 22:32:03,677] 
[2025-11-02 22:32:03,677] Phase 7 Route finalize
[2025-11-02 22:32:03,677] 
[2025-11-02 22:32:03,677] Router Utilization Summary
[2025-11-02 22:32:03,677]   Global Vertical Routing Utilization    = 2.21844 %
[2025-11-02 22:32:03,677]   Global Horizontal Routing Utilization  = 3.14224 %
[2025-11-02 22:32:03,677]   Routable Net Status*
[2025-11-02 22:32:03,677]   *Does not include unroutable nets such as driverless and loadless.
[2025-11-02 22:32:03,677]   Run report_route_status for detailed report.
[2025-11-02 22:32:03,677]   Number of Failed Nets               = 0
[2025-11-02 22:32:03,677]     (Failed Nets is the sum of unrouted and partially routed nets)
[2025-11-02 22:32:03,677]   Number of Unrouted Nets             = 0
[2025-11-02 22:32:03,677]   Number of Partially Routed Nets     = 0
[2025-11-02 22:32:03,677]   Number of Node Overlaps             = 0
[2025-11-02 22:32:03,677] 
[2025-11-02 22:32:03,677] Phase 7 Route finalize | Checksum: 1d8620fd4
[2025-11-02 22:32:03,677] 
[2025-11-02 22:32:03,677] Time (s): cpu = 00:00:28 ; elapsed = 00:00:17 . Memory (MB): peak = 3759.129 ; gain = 88.395 ; free physical = 7349 ; free virtual = 25270
[2025-11-02 22:32:03,677] 
[2025-11-02 22:32:03,677] Phase 8 Verifying routed nets
[2025-11-02 22:32:03,678] 
[2025-11-02 22:32:03,678]  Verification completed successfully
[2025-11-02 22:32:03,678] Phase 8 Verifying routed nets | Checksum: 1d8620fd4
[2025-11-02 22:32:03,678] 
[2025-11-02 22:32:03,678] Time (s): cpu = 00:00:28 ; elapsed = 00:00:17 . Memory (MB): peak = 3759.129 ; gain = 88.395 ; free physical = 7348 ; free virtual = 25270
[2025-11-02 22:32:03,678] 
[2025-11-02 22:32:03,678] Phase 9 Depositing Routes
[2025-11-02 22:32:03,678] Phase 9 Depositing Routes | Checksum: 256cdcb50
[2025-11-02 22:32:03,678] 
[2025-11-02 22:32:03,678] Time (s): cpu = 00:00:28 ; elapsed = 00:00:17 . Memory (MB): peak = 3775.137 ; gain = 104.402 ; free physical = 7349 ; free virtual = 25270
[2025-11-02 22:32:03,678] 
[2025-11-02 22:32:03,678] Phase 10 Post Router Timing
[2025-11-02 22:32:03,678] INFO: [Route 35-57] Estimated Timing Summary | WNS=0.713  | TNS=0.000  | WHS=0.035  | THS=0.000  |
[2025-11-02 22:32:03,678] 
[2025-11-02 22:32:03,678] INFO: [Route 35-327] The final timing numbers are based on the router estimated timing analysis. For a complete and accurate timing signoff, please run report_timing_summary.
[2025-11-02 22:32:03,678] Phase 10 Post Router Timing | Checksum: 256cdcb50
[2025-11-02 22:32:03,678] 
[2025-11-02 22:32:03,678] Time (s): cpu = 00:00:29 ; elapsed = 00:00:17 . Memory (MB): peak = 3775.137 ; gain = 104.402 ; free physical = 7349 ; free virtual = 25270
[2025-11-02 22:32:03,678] INFO: [Route 35-16] Router Completed Successfully
[2025-11-02 22:32:03,678] 
[2025-11-02 22:32:03,678] Time (s): cpu = 00:00:29 ; elapsed = 00:00:17 . Memory (MB): peak = 3775.137 ; gain = 104.402 ; free physical = 7387 ; free virtual = 25308
[2025-11-02 22:32:03,678] 
[2025-11-02 22:32:03,678] Routing Is Done.
[2025-11-02 22:32:03,678] INFO: [Common 17-83] Releasing license: Implementation
[2025-11-02 22:32:03,678] 96 Infos, 102 Warnings, 0 Critical Warnings and 0 Errors encountered.
[2025-11-02 22:32:03,678] route_design completed successfully
[2025-11-02 22:32:03,678] route_design: Time (s): cpu = 00:00:31 ; elapsed = 00:00:18 . Memory (MB): peak = 3775.137 ; gain = 104.402 ; free physical = 7392 ; free virtual = 25313
[2025-11-02 22:32:03,678] INFO: [Timing 38-480] Writing timing data to binary archive.
[2025-11-02 22:32:03,678] Writing XDEF routing.
[2025-11-02 22:32:03,678] Writing XDEF routing logical nets.
[2025-11-02 22:32:03,678] Writing XDEF routing special nets.
[2025-11-02 22:32:03,678] Write XDEF Complete: Time (s): cpu = 00:00:02 ; elapsed = 00:00:00.9 . Memory (MB): peak = 3775.137 ; gain = 0.000 ; free physical = 7370 ; free virtual = 25318
[2025-11-02 22:32:03,678] INFO: [Common 17-1381] The checkpoint '/tmp/finn_dev_changhong/synth_out_of_context_lt9j94vz/results_finn_design_wrapper/vivadocompile/vivadocompile.runs/impl_1/finn_design_wrapper_routed.dcp' has been generated.
[2025-11-02 22:32:03,678] INFO: [runtcl-4] Executing : report_drc -file finn_design_wrapper_drc_routed.rpt -pb finn_design_wrapper_drc_routed.pb -rpx finn_design_wrapper_drc_routed.rpx
[2025-11-02 22:32:03,678] Command: report_drc -file finn_design_wrapper_drc_routed.rpt -pb finn_design_wrapper_drc_routed.pb -rpx finn_design_wrapper_drc_routed.rpx
[2025-11-02 22:32:03,678] INFO: [IP_Flow 19-1839] IP Catalog is up to date.
[2025-11-02 22:32:03,678] INFO: [DRC 23-27] Running DRC with 8 threads
[2025-11-02 22:32:03,678] INFO: [Vivado_Tcl 2-168] The results of DRC are in file /tmp/finn_dev_changhong/synth_out_of_context_lt9j94vz/results_finn_design_wrapper/vivadocompile/vivadocompile.runs/impl_1/finn_design_wrapper_drc_routed.rpt.
[2025-11-02 22:32:03,678] report_drc completed successfully
[2025-11-02 22:32:03,678] INFO: [runtcl-4] Executing : report_methodology -file finn_design_wrapper_methodology_drc_routed.rpt -pb finn_design_wrapper_methodology_drc_routed.pb -rpx finn_design_wrapper_methodology_drc_routed.rpx
[2025-11-02 22:32:03,678] Command: report_methodology -file finn_design_wrapper_methodology_drc_routed.rpt -pb finn_design_wrapper_methodology_drc_routed.pb -rpx finn_design_wrapper_methodology_drc_routed.rpx
[2025-11-02 22:32:03,678] INFO: [Timing 38-35] Done setting XDC timing constraints.
[2025-11-02 22:32:03,678] WARNING: [Timing 38-242] The property HD.CLK_SRC of clock port "ap_clk" is not set. In out-of-context mode, this prevents timing estimation for clock delay/skew
[2025-11-02 22:32:03,678] Resolution: Set the HD.CLK_SRC property of the out-of-context port to the location of the clock buffer instance in the top-level design
[2025-11-02 22:32:03,678] INFO: [DRC 23-133] Running Methodology with 8 threads
[2025-11-02 22:32:03,678] INFO: [Vivado_Tcl 2-1520] The results of Report Methodology are in file /tmp/finn_dev_changhong/synth_out_of_context_lt9j94vz/results_finn_design_wrapper/vivadocompile/vivadocompile.runs/impl_1/finn_design_wrapper_methodology_drc_routed.rpt.
[2025-11-02 22:32:03,678] report_methodology completed successfully
[2025-11-02 22:32:03,678] INFO: [runtcl-4] Executing : report_power -file finn_design_wrapper_power_routed.rpt -pb finn_design_wrapper_power_summary_routed.pb -rpx finn_design_wrapper_power_routed.rpx
[2025-11-02 22:32:03,678] Command: report_power -file finn_design_wrapper_power_routed.rpt -pb finn_design_wrapper_power_summary_routed.pb -rpx finn_design_wrapper_power_routed.rpx
[2025-11-02 22:32:03,678] INFO: [Timing 38-35] Done setting XDC timing constraints.
[2025-11-02 22:32:03,678] Running Vector-less Activity Propagation...
[2025-11-02 22:32:03,678] 
[2025-11-02 22:32:03,678] Finished Running Vector-less Activity Propagation
[2025-11-02 22:32:03,678] 108 Infos, 103 Warnings, 0 Critical Warnings and 0 Errors encountered.
[2025-11-02 22:32:03,678] report_power completed successfully
[2025-11-02 22:32:03,678] INFO: [runtcl-4] Executing : report_route_status -file finn_design_wrapper_route_status.rpt -pb finn_design_wrapper_route_status.pb
[2025-11-02 22:32:03,678] INFO: [runtcl-4] Executing : report_timing_summary -max_paths 10 -report_unconstrained -file finn_design_wrapper_timing_summary_routed.rpt -pb finn_design_wrapper_timing_summary_routed.pb -rpx finn_design_wrapper_timing_summary_routed.rpx -warn_on_violation
[2025-11-02 22:32:03,678] INFO: [Timing 38-91] UpdateTimingParams: Speed grade: -1, Delay Type: min_max.
[2025-11-02 22:32:03,678] INFO: [Timing 38-191] Multithreading enabled for timing update using a maximum of 8 CPUs
[2025-11-02 22:32:03,678] INFO: [runtcl-4] Executing : report_incremental_reuse -file finn_design_wrapper_incremental_reuse_routed.rpt
[2025-11-02 22:32:03,678] INFO: [Vivado_Tcl 4-1062] Incremental flow is disabled. No incremental reuse Info to report.
[2025-11-02 22:32:03,678] INFO: [runtcl-4] Executing : report_clock_utilization -file finn_design_wrapper_clock_utilization_routed.rpt
[2025-11-02 22:32:03,678] INFO: [runtcl-4] Executing : report_bus_skew -warn_on_violation -file finn_design_wrapper_bus_skew_routed.rpt -pb finn_design_wrapper_bus_skew_routed.pb -rpx finn_design_wrapper_bus_skew_routed.rpx
[2025-11-02 22:32:03,678] INFO: [Timing 38-91] UpdateTimingParams: Speed grade: -1, Delay Type: min_max.
[2025-11-02 22:32:03,678] INFO: [Timing 38-191] Multithreading enabled for timing update using a maximum of 8 CPUs
[2025-11-02 22:32:03,678] INFO: [Common 17-206] Exiting Vivado at Sun Nov  2 22:31:42 2025...
[2025-11-02 22:32:03,678] [Sun Nov  2 22:31:47 2025] impl_1 finished
[2025-11-02 22:32:03,678] wait_on_runs: Time (s): cpu = 00:01:08 ; elapsed = 00:02:19 . Memory (MB): peak = 2028.375 ; gain = 0.000 ; free physical = 9888 ; free virtual = 27814
[2025-11-02 22:32:03,678] # open_run impl_1
[2025-11-02 22:32:03,678] INFO: [Device 21-403] Loading part xc7z020clg400-1
[2025-11-02 22:32:03,678] Netlist sorting complete. Time (s): cpu = 00:00:00.06 ; elapsed = 00:00:00.07 . Memory (MB): peak = 2374.914 ; gain = 0.000 ; free physical = 9553 ; free virtual = 27477
[2025-11-02 22:32:03,678] INFO: [Netlist 29-17] Analyzing 197 Unisim elements for replacement
[2025-11-02 22:32:03,678] INFO: [Netlist 29-28] Unisim Transformation completed in 0 CPU seconds
[2025-11-02 22:32:03,678] INFO: [Project 1-479] Netlist was created with Vivado 2022.2
[2025-11-02 22:32:03,678] INFO: [Project 1-570] Preparing netlist for logic optimization
[2025-11-02 22:32:03,678] INFO: [Timing 38-478] Restoring timing data from binary archive.
[2025-11-02 22:32:03,678] INFO: [Timing 38-479] Binary timing data restore complete.
[2025-11-02 22:32:03,678] INFO: [Project 1-856] Restoring constraints from binary archive.
[2025-11-02 22:32:03,678] INFO: [Project 1-853] Binary constraint restore complete.
[2025-11-02 22:32:03,678] Reading XDEF placement.
[2025-11-02 22:32:03,678] Reading placer database...
[2025-11-02 22:32:03,678] Reading XDEF routing.
[2025-11-02 22:32:03,678] Read XDEF Files: Time (s): cpu = 00:00:00.91 ; elapsed = 00:00:00.91 . Memory (MB): peak = 3064.016 ; gain = 12.898 ; free physical = 8914 ; free virtual = 26840
[2025-11-02 22:32:03,678] Restored from archive | CPU: 0.920000 secs | Memory: 23.399750 MB |
[2025-11-02 22:32:03,678] Finished XDEF File Restore: Time (s): cpu = 00:00:00.91 ; elapsed = 00:00:00.91 . Memory (MB): peak = 3064.016 ; gain = 12.898 ; free physical = 8914 ; free virtual = 26840
[2025-11-02 22:32:03,678] Netlist sorting complete. Time (s): cpu = 00:00:00 ; elapsed = 00:00:00 . Memory (MB): peak = 3064.016 ; gain = 0.000 ; free physical = 8915 ; free virtual = 26841
[2025-11-02 22:32:03,678] INFO: [Project 1-111] Unisim Transformation Summary:
[2025-11-02 22:32:03,678]   A total of 2 instances were transformed.
[2025-11-02 22:32:03,678]   RAM64X1S => RAM64X1S (RAMS64E): 2 instances
[2025-11-02 22:32:03,678] 
[2025-11-02 22:32:03,678] open_run: Time (s): cpu = 00:00:09 ; elapsed = 00:00:09 . Memory (MB): peak = 3064.016 ; gain = 1035.641 ; free physical = 8915 ; free virtual = 26841
[2025-11-02 22:32:03,678] # report_utilization
[2025-11-02 22:32:03,678] Copyright 1986-2022 Xilinx, Inc. All Rights Reserved.
[2025-11-02 22:32:03,678] ------------------------------------------------------------------------------------
[2025-11-02 22:32:03,678] | Tool Version : Vivado v.2022.2 (lin64) Build 3671981 Fri Oct 14 04:59:54 MDT 2022
[2025-11-02 22:32:03,678] | Date         : Sun Nov  2 22:31:56 2025
[2025-11-02 22:32:03,678] | Host         : finn_dev_changhong running 64-bit Ubuntu 22.04.1 LTS
[2025-11-02 22:32:03,678] | Command      : report_utilization
[2025-11-02 22:32:03,678] | Design       : finn_design_wrapper
[2025-11-02 22:32:03,678] | Device       : xc7z020clg400-1
[2025-11-02 22:32:03,678] | Speed File   : -1
[2025-11-02 22:32:03,678] | Design State : Routed
[2025-11-02 22:32:03,678] ------------------------------------------------------------------------------------
[2025-11-02 22:32:03,678] 
[2025-11-02 22:32:03,678] Utilization Design Information
[2025-11-02 22:32:03,678] 
[2025-11-02 22:32:03,678] Table of Contents
[2025-11-02 22:32:03,678] -----------------
[2025-11-02 22:32:03,678] 1. Slice Logic
[2025-11-02 22:32:03,678] 1.1 Summary of Registers by Type
[2025-11-02 22:32:03,678] 2. Slice Logic Distribution
[2025-11-02 22:32:03,678] 3. Memory
[2025-11-02 22:32:03,678] 4. DSP
[2025-11-02 22:32:03,678] 5. IO and GT Specific
[2025-11-02 22:32:03,679] 6. Clocking
[2025-11-02 22:32:03,679] 7. Specific Feature
[2025-11-02 22:32:03,679] 8. Primitives
[2025-11-02 22:32:03,679] 9. Black Boxes
[2025-11-02 22:32:03,679] 10. Instantiated Netlists
[2025-11-02 22:32:03,679] 
[2025-11-02 22:32:03,679] 1. Slice Logic
[2025-11-02 22:32:03,679] --------------
[2025-11-02 22:32:03,679] 
[2025-11-02 22:32:03,679] +----------------------------+-------+-------+------------+-----------+-------+
[2025-11-02 22:32:03,679] |          Site Type         |  Used | Fixed | Prohibited | Available | Util% |
[2025-11-02 22:32:03,679] +----------------------------+-------+-------+------------+-----------+-------+
[2025-11-02 22:32:03,679] | Slice LUTs                 |  8458 |     0 |          0 |     53200 | 15.90 |
[2025-11-02 22:32:03,679] |   LUT as Logic             |  7726 |     0 |          0 |     53200 | 14.52 |
[2025-11-02 22:32:03,679] |   LUT as Memory            |   732 |     0 |          0 |     17400 |  4.21 |
[2025-11-02 22:32:03,679] |     LUT as Distributed RAM |     2 |     0 |            |           |       |
[2025-11-02 22:32:03,679] |     LUT as Shift Register  |   730 |     0 |            |           |       |
[2025-11-02 22:32:03,679] | Slice Registers            | 14003 |     0 |          0 |    106400 | 13.16 |
[2025-11-02 22:32:03,679] |   Register as Flip Flop    | 14003 |     0 |          0 |    106400 | 13.16 |
[2025-11-02 22:32:03,679] |   Register as Latch        |     0 |     0 |          0 |    106400 |  0.00 |
[2025-11-02 22:32:03,679] | F7 Muxes                   |     0 |     0 |          0 |     26600 |  0.00 |
[2025-11-02 22:32:03,679] | F8 Muxes                   |     0 |     0 |          0 |     13300 |  0.00 |
[2025-11-02 22:32:03,679] +----------------------------+-------+-------+------------+-----------+-------+
[2025-11-02 22:32:03,679] * Warning! LUT value is adjusted to account for LUT combining.
[2025-11-02 22:32:03,679] 
[2025-11-02 22:32:03,679] 
[2025-11-02 22:32:03,679] 1.1 Summary of Registers by Type
[2025-11-02 22:32:03,679] --------------------------------
[2025-11-02 22:32:03,679] 
[2025-11-02 22:32:03,679] +-------+--------------+-------------+--------------+
[2025-11-02 22:32:03,679] | Total | Clock Enable | Synchronous | Asynchronous |
[2025-11-02 22:32:03,679] +-------+--------------+-------------+--------------+
[2025-11-02 22:32:03,679] | 0     |            _ |           - |            - |
[2025-11-02 22:32:03,679] | 0     |            _ |           - |          Set |
[2025-11-02 22:32:03,679] | 0     |            _ |           - |        Reset |
[2025-11-02 22:32:03,679] | 0     |            _ |         Set |            - |
[2025-11-02 22:32:03,679] | 0     |            _ |       Reset |            - |
[2025-11-02 22:32:03,679] | 0     |          Yes |           - |            - |
[2025-11-02 22:32:03,679] | 0     |          Yes |           - |          Set |
[2025-11-02 22:32:03,679] | 4     |          Yes |           - |        Reset |
[2025-11-02 22:32:03,679] | 50    |          Yes |         Set |            - |
[2025-11-02 22:32:03,679] | 13949 |          Yes |       Reset |            - |
[2025-11-02 22:32:03,679] +-------+--------------+-------------+--------------+
[2025-11-02 22:32:03,679] 
[2025-11-02 22:32:03,679] 
[2025-11-02 22:32:03,679] 2. Slice Logic Distribution
[2025-11-02 22:32:03,679] ---------------------------
[2025-11-02 22:32:03,679] 
[2025-11-02 22:32:03,679] +--------------------------------------------+-------+-------+------------+-----------+-------+
[2025-11-02 22:32:03,679] |                  Site Type                 |  Used | Fixed | Prohibited | Available | Util% |
[2025-11-02 22:32:03,679] +--------------------------------------------+-------+-------+------------+-----------+-------+
[2025-11-02 22:32:03,679] | Slice                                      |  3994 |     0 |          0 |     13300 | 30.03 |
[2025-11-02 22:32:03,679] |   SLICEL                                   |  2743 |     0 |            |           |       |
[2025-11-02 22:32:03,679] |   SLICEM                                   |  1251 |     0 |            |           |       |
[2025-11-02 22:32:03,679] | LUT as Logic                               |  7726 |     0 |          0 |     53200 | 14.52 |
[2025-11-02 22:32:03,679] |   using O5 output only                     |     0 |       |            |           |       |
[2025-11-02 22:32:03,679] |   using O6 output only                     |  6997 |       |            |           |       |
[2025-11-02 22:32:03,679] |   using O5 and O6                          |   729 |       |            |           |       |
[2025-11-02 22:32:03,679] | LUT as Memory                              |   732 |     0 |          0 |     17400 |  4.21 |
[2025-11-02 22:32:03,679] |   LUT as Distributed RAM                   |     2 |     0 |            |           |       |
[2025-11-02 22:32:03,679] |     using O5 output only                   |     0 |       |            |           |       |
[2025-11-02 22:32:03,679] |     using O6 output only                   |     2 |       |            |           |       |
[2025-11-02 22:32:03,679] |     using O5 and O6                        |     0 |       |            |           |       |
[2025-11-02 22:32:03,679] |   LUT as Shift Register                    |   730 |     0 |            |           |       |
[2025-11-02 22:32:03,679] |     using O5 output only                   |     0 |       |            |           |       |
[2025-11-02 22:32:03,679] |     using O6 output only                   |     2 |       |            |           |       |
[2025-11-02 22:32:03,679] |     using O5 and O6                        |   728 |       |            |           |       |
[2025-11-02 22:32:03,679] | Slice Registers                            | 14003 |     0 |          0 |    106400 | 13.16 |
[2025-11-02 22:32:03,679] |   Register driven from within the Slice    |  6557 |       |            |           |       |
[2025-11-02 22:32:03,679] |   Register driven from outside the Slice   |  7446 |       |            |           |       |
[2025-11-02 22:32:03,679] |     LUT in front of the register is unused |  6228 |       |            |           |       |
[2025-11-02 22:32:03,679] |     LUT in front of the register is used   |  1218 |       |            |           |       |
[2025-11-02 22:32:03,679] | Unique Control Sets                        |    67 |       |          0 |     13300 |  0.50 |
[2025-11-02 22:32:03,679] +--------------------------------------------+-------+-------+------------+-----------+-------+
[2025-11-02 22:32:03,679] * * Note: Available Control Sets calculated as Slice * 1, Review the Control Sets Report for more information regarding control sets.
[2025-11-02 22:32:03,679] 
[2025-11-02 22:32:03,679] 
[2025-11-02 22:32:03,679] 3. Memory
[2025-11-02 22:32:03,679] ---------
[2025-11-02 22:32:03,679] 
[2025-11-02 22:32:03,679] +-------------------+------+-------+------------+-----------+-------+
[2025-11-02 22:32:03,679] |     Site Type     | Used | Fixed | Prohibited | Available | Util% |
[2025-11-02 22:32:03,679] +-------------------+------+-------+------------+-----------+-------+
[2025-11-02 22:32:03,679] | Block RAM Tile    |   21 |     0 |          0 |       140 | 15.00 |
[2025-11-02 22:32:03,679] |   RAMB36/FIFO*    |   21 |     0 |          0 |       140 | 15.00 |
[2025-11-02 22:32:03,679] |     RAMB36E1 only |   21 |       |            |           |       |
[2025-11-02 22:32:03,679] |   RAMB18          |    0 |     0 |          0 |       280 |  0.00 |
[2025-11-02 22:32:03,679] +-------------------+------+-------+------------+-----------+-------+
[2025-11-02 22:32:03,679] * Note: Each Block RAM Tile only has one FIFO logic available and therefore can accommodate only one FIFO36E1 or one FIFO18E1. However, if a FIFO18E1 occupies a Block RAM Tile, that tile can still accommodate a RAMB18E1
[2025-11-02 22:32:03,679] 
[2025-11-02 22:32:03,679] 
[2025-11-02 22:32:03,679] 4. DSP
[2025-11-02 22:32:03,679] ------
[2025-11-02 22:32:03,679] 
[2025-11-02 22:32:03,679] +-----------+------+-------+------------+-----------+-------+
[2025-11-02 22:32:03,679] | Site Type | Used | Fixed | Prohibited | Available | Util% |
[2025-11-02 22:32:03,679] +-----------+------+-------+------------+-----------+-------+
[2025-11-02 22:32:03,679] | DSPs      |    0 |     0 |          0 |       220 |  0.00 |
[2025-11-02 22:32:03,679] +-----------+------+-------+------------+-----------+-------+
[2025-11-02 22:32:03,679] 
[2025-11-02 22:32:03,679] 
[2025-11-02 22:32:03,679] 5. IO and GT Specific
[2025-11-02 22:32:03,679] ---------------------
[2025-11-02 22:32:03,679] 
[2025-11-02 22:32:03,679] +-----------------------------+------+-------+------------+-----------+-------+
[2025-11-02 22:32:03,679] |          Site Type          | Used | Fixed | Prohibited | Available | Util% |
[2025-11-02 22:32:03,679] +-----------------------------+------+-------+------------+-----------+-------+
[2025-11-02 22:32:03,679] | Bonded IOB                  |    0 |     0 |          0 |       125 |  0.00 |
[2025-11-02 22:32:03,679] | Bonded IPADs                |    0 |     0 |          0 |         2 |  0.00 |
[2025-11-02 22:32:03,679] | Bonded IOPADs               |    0 |     0 |          0 |       130 |  0.00 |
[2025-11-02 22:32:03,679] | PHY_CONTROL                 |    0 |     0 |          0 |         4 |  0.00 |
[2025-11-02 22:32:03,679] | PHASER_REF                  |    0 |     0 |          0 |         4 |  0.00 |
[2025-11-02 22:32:03,679] | OUT_FIFO                    |    0 |     0 |          0 |        16 |  0.00 |
[2025-11-02 22:32:03,679] | IN_FIFO                     |    0 |     0 |          0 |        16 |  0.00 |
[2025-11-02 22:32:03,679] | IDELAYCTRL                  |    0 |     0 |          0 |         4 |  0.00 |
[2025-11-02 22:32:03,680] | IBUFDS                      |    0 |     0 |          0 |       121 |  0.00 |
[2025-11-02 22:32:03,680] | PHASER_OUT/PHASER_OUT_PHY   |    0 |     0 |          0 |        16 |  0.00 |
[2025-11-02 22:32:03,680] | PHASER_IN/PHASER_IN_PHY     |    0 |     0 |          0 |        16 |  0.00 |
[2025-11-02 22:32:03,680] | IDELAYE2/IDELAYE2_FINEDELAY |    0 |     0 |          0 |       200 |  0.00 |
[2025-11-02 22:32:03,680] | ILOGIC                      |    0 |     0 |          0 |       125 |  0.00 |
[2025-11-02 22:32:03,680] | OLOGIC                      |    0 |     0 |          0 |       125 |  0.00 |
[2025-11-02 22:32:03,680] +-----------------------------+------+-------+------------+-----------+-------+
[2025-11-02 22:32:03,680] 
[2025-11-02 22:32:03,680] 
[2025-11-02 22:32:03,680] 6. Clocking
[2025-11-02 22:32:03,680] -----------
[2025-11-02 22:32:03,680] 
[2025-11-02 22:32:03,680] +------------+------+-------+------------+-----------+-------+
[2025-11-02 22:32:03,680] |  Site Type | Used | Fixed | Prohibited | Available | Util% |
[2025-11-02 22:32:03,680] +------------+------+-------+------------+-----------+-------+
[2025-11-02 22:32:03,680] | BUFGCTRL   |    0 |     0 |          0 |        32 |  0.00 |
[2025-11-02 22:32:03,680] | BUFIO      |    0 |     0 |          0 |        16 |  0.00 |
[2025-11-02 22:32:03,680] | MMCME2_ADV |    0 |     0 |          0 |         4 |  0.00 |
[2025-11-02 22:32:03,680] | PLLE2_ADV  |    0 |     0 |          0 |         4 |  0.00 |
[2025-11-02 22:32:03,680] | BUFMRCE    |    0 |     0 |          0 |         8 |  0.00 |
[2025-11-02 22:32:03,680] | BUFHCE     |    0 |     0 |          0 |        72 |  0.00 |
[2025-11-02 22:32:03,680] | BUFR       |    0 |     0 |          0 |        16 |  0.00 |
[2025-11-02 22:32:03,680] +------------+------+-------+------------+-----------+-------+
[2025-11-02 22:32:03,680] 
[2025-11-02 22:32:03,680] 
[2025-11-02 22:32:03,680] 7. Specific Feature
[2025-11-02 22:32:03,680] -------------------
[2025-11-02 22:32:03,680] 
[2025-11-02 22:32:03,680] +-------------+------+-------+------------+-----------+-------+
[2025-11-02 22:32:03,680] |  Site Type  | Used | Fixed | Prohibited | Available | Util% |
[2025-11-02 22:32:03,680] +-------------+------+-------+------------+-----------+-------+
[2025-11-02 22:32:03,680] | BSCANE2     |    0 |     0 |          0 |         4 |  0.00 |
[2025-11-02 22:32:03,680] | CAPTUREE2   |    0 |     0 |          0 |         1 |  0.00 |
[2025-11-02 22:32:03,680] | DNA_PORT    |    0 |     0 |          0 |         1 |  0.00 |
[2025-11-02 22:32:03,680] | EFUSE_USR   |    0 |     0 |          0 |         1 |  0.00 |
[2025-11-02 22:32:03,680] | FRAME_ECCE2 |    0 |     0 |          0 |         1 |  0.00 |
[2025-11-02 22:32:03,680] | ICAPE2      |    0 |     0 |          0 |         2 |  0.00 |
[2025-11-02 22:32:03,680] | STARTUPE2   |    0 |     0 |          0 |         1 |  0.00 |
[2025-11-02 22:32:03,680] | XADC        |    0 |     0 |          0 |         1 |  0.00 |
[2025-11-02 22:32:03,680] +-------------+------+-------+------------+-----------+-------+
[2025-11-02 22:32:03,680] 
[2025-11-02 22:32:03,680] 
[2025-11-02 22:32:03,680] 8. Primitives
[2025-11-02 22:32:03,680] -------------
[2025-11-02 22:32:03,680] 
[2025-11-02 22:32:03,680] +----------+-------+---------------------+
[2025-11-02 22:32:03,680] | Ref Name |  Used | Functional Category |
[2025-11-02 22:32:03,680] +----------+-------+---------------------+
[2025-11-02 22:32:03,680] | FDRE     | 13949 |        Flop & Latch |
[2025-11-02 22:32:03,680] | LUT3     |  3637 |                 LUT |
[2025-11-02 22:32:03,680] | LUT6     |  1800 |                 LUT |
[2025-11-02 22:32:03,680] | LUT5     |  1775 |                 LUT |
[2025-11-02 22:32:03,680] | SRL16E   |  1458 |  Distributed Memory |
[2025-11-02 22:32:03,680] | LUT4     |   892 |                 LUT |
[2025-11-02 22:32:03,680] | LUT2     |   338 |                 LUT |
[2025-11-02 22:32:03,680] | CARRY4   |   174 |          CarryLogic |
[2025-11-02 22:32:03,680] | FDSE     |    50 |        Flop & Latch |
[2025-11-02 22:32:03,680] | RAMB36E1 |    21 |        Block Memory |
[2025-11-02 22:32:03,680] | LUT1     |    13 |                 LUT |
[2025-11-02 22:32:03,680] | FDCE     |     4 |        Flop & Latch |
[2025-11-02 22:32:03,680] | RAMS64E  |     2 |  Distributed Memory |
[2025-11-02 22:32:03,680] +----------+-------+---------------------+
[2025-11-02 22:32:03,680] 
[2025-11-02 22:32:03,680] 
[2025-11-02 22:32:03,680] 9. Black Boxes
[2025-11-02 22:32:03,680] --------------
[2025-11-02 22:32:03,680] 
[2025-11-02 22:32:03,680] +----------+------+
[2025-11-02 22:32:03,680] | Ref Name | Used |
[2025-11-02 22:32:03,680] +----------+------+
[2025-11-02 22:32:03,680] 
[2025-11-02 22:32:03,680] 
[2025-11-02 22:32:03,680] 10. Instantiated Netlists
[2025-11-02 22:32:03,680] -------------------------
[2025-11-02 22:32:03,680] 
[2025-11-02 22:32:03,680] +----------+------+
[2025-11-02 22:32:03,680] | Ref Name | Used |
[2025-11-02 22:32:03,680] +----------+------+
[2025-11-02 22:32:03,680] 
[2025-11-02 22:32:03,680] 
[2025-11-02 22:32:03,680] # report_timing
[2025-11-02 22:32:03,680] INFO: [Timing 38-91] UpdateTimingParams: Speed grade: -1, Delay Type: max.
[2025-11-02 22:32:03,680] INFO: [Timing 38-191] Multithreading enabled for timing update using a maximum of 8 CPUs
[2025-11-02 22:32:03,680] WARNING: [Timing 38-242] The property HD.CLK_SRC of clock port "ap_clk" is not set. In out-of-context mode, this prevents timing estimation for clock delay/skew
[2025-11-02 22:32:03,680] Resolution: Set the HD.CLK_SRC property of the out-of-context port to the location of the clock buffer instance in the top-level design
[2025-11-02 22:32:03,680] INFO: [Timing 38-78] ReportTimingParams: -max_paths 1 -nworst 1 -delay_type max -sort_by slack.
[2025-11-02 22:32:03,680] Copyright 1986-2022 Xilinx, Inc. All Rights Reserved.
[2025-11-02 22:32:03,680] ------------------------------------------------------------------------------------
[2025-11-02 22:32:03,680] | Tool Version : Vivado v.2022.2 (lin64) Build 3671981 Fri Oct 14 04:59:54 MDT 2022
[2025-11-02 22:32:03,680] | Date         : Sun Nov  2 22:31:57 2025
[2025-11-02 22:32:03,680] | Host         : finn_dev_changhong running 64-bit Ubuntu 22.04.1 LTS
[2025-11-02 22:32:03,680] | Command      : report_timing
[2025-11-02 22:32:03,680] | Design       : finn_design_wrapper
[2025-11-02 22:32:03,680] | Device       : 7z020-clg400
[2025-11-02 22:32:03,680] | Speed File   : -1  PRODUCTION 1.12 2019-11-22
[2025-11-02 22:32:03,680] ------------------------------------------------------------------------------------
[2025-11-02 22:32:03,680] 
[2025-11-02 22:32:03,680] Timing Report
[2025-11-02 22:32:03,680] 
[2025-11-02 22:32:03,680] Slack (MET) :             0.713ns  (required time - arrival time)
[2025-11-02 22:32:03,680]   Source:                 finn_design_i/StreamingFIFO_rtl_0/inst/impl/FSM_onehot_state_reg[2]/C
[2025-11-02 22:32:03,680]                             (rising edge-triggered cell FDRE clocked by ap_clk  {rise@0.000ns fall@5.000ns period=10.000ns})
[2025-11-02 22:32:03,680]   Destination:            finn_design_i/StreamingFIFO_rtl_0/inst/impl/srlo_reg[253]/D
[2025-11-02 22:32:03,680]                             (rising edge-triggered cell FDRE clocked by ap_clk  {rise@0.000ns fall@5.000ns period=10.000ns})
[2025-11-02 22:32:03,680]   Path Group:             ap_clk
[2025-11-02 22:32:03,680]   Path Type:              Setup (Max at Slow Process Corner)
[2025-11-02 22:32:03,680]   Requirement:            10.000ns  (ap_clk rise@10.000ns - ap_clk rise@0.000ns)
[2025-11-02 22:32:03,680]   Data Path Delay:        9.232ns  (logic 0.718ns (7.777%)  route 8.514ns (92.223%))
[2025-11-02 22:32:03,680]   Logic Levels:           1  (LUT5=1)
[2025-11-02 22:32:03,680]   Clock Path Skew:        -0.049ns (DCD - SCD + CPR)
[2025-11-02 22:32:03,680]     Destination Clock Delay (DCD):    0.924ns = ( 10.924 - 10.000 )
[2025-11-02 22:32:03,680]     Source Clock Delay      (SCD):    0.973ns
[2025-11-02 22:32:03,681]     Clock Pessimism Removal (CPR):    0.000ns
[2025-11-02 22:32:03,681]   Clock Uncertainty:      0.035ns  ((TSJ^2 + TIJ^2)^1/2 + DJ) / 2 + PE
[2025-11-02 22:32:03,681]     Total System Jitter     (TSJ):    0.071ns
[2025-11-02 22:32:03,681]     Total Input Jitter      (TIJ):    0.000ns
[2025-11-02 22:32:03,681]     Discrete Jitter          (DJ):    0.000ns
[2025-11-02 22:32:03,681]     Phase Error              (PE):    0.000ns
[2025-11-02 22:32:03,681] 
[2025-11-02 22:32:03,681]     Location             Delay type                Incr(ns)  Path(ns)    Netlist Resource(s)
[2025-11-02 22:32:03,681]   -------------------------------------------------------------------    -------------------
[2025-11-02 22:32:03,681]                          (clock ap_clk rise edge)     0.000     0.000 r
[2025-11-02 22:32:03,681]                                                       0.000     0.000 r  ap_clk (IN)
[2025-11-02 22:32:03,681]                          net (fo=15504, unset)        0.973     0.973    finn_design_i/StreamingFIFO_rtl_0/inst/impl/ap_clk
[2025-11-02 22:32:03,681]     SLICE_X57Y62         FDRE                                         r  finn_design_i/StreamingFIFO_rtl_0/inst/impl/FSM_onehot_state_reg[2]/C
[2025-11-02 22:32:03,681]   -------------------------------------------------------------------    -------------------
[2025-11-02 22:32:03,681]     SLICE_X57Y62         FDRE (Prop_fdre_C_Q)         0.419     1.392 r  finn_design_i/StreamingFIFO_rtl_0/inst/impl/FSM_onehot_state_reg[2]/Q
[2025-11-02 22:32:03,681]                          net (fo=610, routed)         8.514     9.906    finn_design_i/StreamingFIFO_rtl_0/inst/impl/FSM_onehot_state_reg_n_3_[2]
[2025-11-02 22:32:03,681]     SLICE_X97Y80         LUT5 (Prop_lut5_I2_O)        0.299    10.205 r  finn_design_i/StreamingFIFO_rtl_0/inst/impl/srlo[253]_i_1/O
[2025-11-02 22:32:03,681]                          net (fo=1, routed)           0.000    10.205    finn_design_i/StreamingFIFO_rtl_0/inst/impl/srlo[253]_i_1_n_3
[2025-11-02 22:32:03,681]     SLICE_X97Y80         FDRE                                         r  finn_design_i/StreamingFIFO_rtl_0/inst/impl/srlo_reg[253]/D
[2025-11-02 22:32:03,681]   -------------------------------------------------------------------    -------------------
[2025-11-02 22:32:03,681] 
[2025-11-02 22:32:03,681]                          (clock ap_clk rise edge)    10.000    10.000 r
[2025-11-02 22:32:03,681]                                                       0.000    10.000 r  ap_clk (IN)
[2025-11-02 22:32:03,681]                          net (fo=15504, unset)        0.924    10.924    finn_design_i/StreamingFIFO_rtl_0/inst/impl/ap_clk
[2025-11-02 22:32:03,681]     SLICE_X97Y80         FDRE                                         r  finn_design_i/StreamingFIFO_rtl_0/inst/impl/srlo_reg[253]/C
[2025-11-02 22:32:03,681]                          clock pessimism              0.000    10.924
[2025-11-02 22:32:03,681]                          clock uncertainty           -0.035    10.889
[2025-11-02 22:32:03,681]     SLICE_X97Y80         FDRE (Setup_fdre_C_D)        0.029    10.918    finn_design_i/StreamingFIFO_rtl_0/inst/impl/srlo_reg[253]
[2025-11-02 22:32:03,681]   -------------------------------------------------------------------
[2025-11-02 22:32:03,681]                          required time                         10.918
[2025-11-02 22:32:03,681]                          arrival time                         -10.205
[2025-11-02 22:32:03,681]   -------------------------------------------------------------------
[2025-11-02 22:32:03,681]                          slack                                  0.713
[2025-11-02 22:32:03,681] 
[2025-11-02 22:32:03,681] 
[2025-11-02 22:32:03,681] 
[2025-11-02 22:32:03,681] 
[2025-11-02 22:32:03,681] # report_power
[2025-11-02 22:32:03,681] Command: report_power
[2025-11-02 22:32:03,681] Running Vector-less Activity Propagation...
[2025-11-02 22:32:03,681] 
[2025-11-02 22:32:03,681] Finished Running Vector-less Activity Propagation
[2025-11-02 22:32:03,681] Copyright 1986-2022 Xilinx, Inc. All Rights Reserved.
[2025-11-02 22:32:03,681] ----------------------------------------------------------------------------------------
[2025-11-02 22:32:03,681] | Tool Version     : Vivado v.2022.2 (lin64) Build 3671981 Fri Oct 14 04:59:54 MDT 2022
[2025-11-02 22:32:03,681] | Date             : Sun Nov  2 22:31:58 2025
[2025-11-02 22:32:03,681] | Host             : finn_dev_changhong running 64-bit Ubuntu 22.04.1 LTS
[2025-11-02 22:32:03,681] | Command          : report_power
[2025-11-02 22:32:03,681] | Design           : finn_design_wrapper
[2025-11-02 22:32:03,681] | Device           : xc7z020clg400-1
[2025-11-02 22:32:03,681] | Design State     : routed
[2025-11-02 22:32:03,681] | Grade            : commercial
[2025-11-02 22:32:03,681] | Process          : typical
[2025-11-02 22:32:03,681] | Characterization : Production
[2025-11-02 22:32:03,681] ----------------------------------------------------------------------------------------
[2025-11-02 22:32:03,681] 
[2025-11-02 22:32:03,681] Power Report
[2025-11-02 22:32:03,681] 
[2025-11-02 22:32:03,681] Table of Contents
[2025-11-02 22:32:03,681] -----------------
[2025-11-02 22:32:03,681] 1. Summary
[2025-11-02 22:32:03,681] 1.1 On-Chip Components
[2025-11-02 22:32:03,681] 1.2 Power Supply Summary
[2025-11-02 22:32:03,681] 1.3 Confidence Level
[2025-11-02 22:32:03,681] 2. Settings
[2025-11-02 22:32:03,681] 2.1 Environment
[2025-11-02 22:32:03,681] 2.2 Clock Constraints
[2025-11-02 22:32:03,681] 3. Detailed Reports
[2025-11-02 22:32:03,681] 3.1 By Hierarchy
[2025-11-02 22:32:03,681] 
[2025-11-02 22:32:03,681] 1. Summary
[2025-11-02 22:32:03,681] ----------
[2025-11-02 22:32:03,681] 
[2025-11-02 22:32:03,681] +--------------------------+--------------+
[2025-11-02 22:32:03,681] | Total On-Chip Power (W)  | 0.265        |
[2025-11-02 22:32:03,681] | Design Power Budget (W)  | Unspecified* |
[2025-11-02 22:32:03,681] | Power Budget Margin (W)  | NA           |
[2025-11-02 22:32:03,681] | Dynamic (W)              | 0.159        |
[2025-11-02 22:32:03,681] | Device Static (W)        | 0.106        |
[2025-11-02 22:32:03,681] | Effective TJA (C/W)      | 11.5         |
[2025-11-02 22:32:03,681] | Max Ambient (C)          | 81.9         |
[2025-11-02 22:32:03,681] | Junction Temperature (C) | 28.1         |
[2025-11-02 22:32:03,681] | Confidence Level         | Medium       |
[2025-11-02 22:32:03,681] | Setting File             | ---          |
[2025-11-02 22:32:03,681] | Simulation Activity File | ---          |
[2025-11-02 22:32:03,681] | Design Nets Matched      | NA           |
[2025-11-02 22:32:03,681] +--------------------------+--------------+
[2025-11-02 22:32:03,681] * Specify Design Power Budget using, set_operating_conditions -design_power_budget <value in Watts>
[2025-11-02 22:32:03,681] 
[2025-11-02 22:32:03,681] 
[2025-11-02 22:32:03,681] 1.1 On-Chip Components
[2025-11-02 22:32:03,681] ----------------------
[2025-11-02 22:32:03,681] 
[2025-11-02 22:32:03,681] +--------------------------+-----------+----------+-----------+-----------------+
[2025-11-02 22:32:03,681] | On-Chip                  | Power (W) | Used     | Available | Utilization (%) |
[2025-11-02 22:32:03,681] +--------------------------+-----------+----------+-----------+-----------------+
[2025-11-02 22:32:03,681] | Clocks                   |     0.054 |        3 |       --- |             --- |
[2025-11-02 22:32:03,681] | Slice Logic              |     0.032 |    24177 |       --- |             --- |
[2025-11-02 22:32:03,681] |   LUT as Logic           |     0.028 |     7726 |     53200 |           14.52 |
[2025-11-02 22:32:03,681] |   Register               |     0.002 |    14003 |    106400 |           13.16 |
[2025-11-02 22:32:03,681] |   LUT as Shift Register  |     0.001 |      730 |     17400 |            4.20 |
[2025-11-02 22:32:03,681] |   CARRY4                 |    <0.001 |      174 |     13300 |            1.31 |
[2025-11-02 22:32:03,681] |   Others                 |     0.000 |       85 |       --- |             --- |
[2025-11-02 22:32:03,681] |   LUT as Distributed RAM |     0.000 |        2 |     17400 |            0.01 |
[2025-11-02 22:32:03,681] | Signals                  |     0.038 |    19148 |       --- |             --- |
[2025-11-02 22:32:03,681] | Block RAM                |     0.036 |       21 |       140 |           15.00 |
[2025-11-02 22:32:03,681] | Static Power             |     0.106 |          |           |                 |
[2025-11-02 22:32:03,682] | Total                    |     0.265 |          |           |                 |
[2025-11-02 22:32:03,682] +--------------------------+-----------+----------+-----------+-----------------+
[2025-11-02 22:32:03,682] 
[2025-11-02 22:32:03,682] 
[2025-11-02 22:32:03,682] 1.2 Power Supply Summary
[2025-11-02 22:32:03,682] ------------------------
[2025-11-02 22:32:03,682] 
[2025-11-02 22:32:03,682] +-----------+-------------+-----------+-------------+------------+-------------+-------------+------------+
[2025-11-02 22:32:03,682] | Source    | Voltage (V) | Total (A) | Dynamic (A) | Static (A) | Powerup (A) | Budget (A)  | Margin (A) |
[2025-11-02 22:32:03,682] +-----------+-------------+-----------+-------------+------------+-------------+-------------+------------+
[2025-11-02 22:32:03,682] | Vccint    |       1.000 |     0.164 |       0.156 |      0.008 |       NA    | Unspecified | NA         |
[2025-11-02 22:32:03,682] | Vccaux    |       1.800 |     0.011 |       0.000 |      0.011 |       NA    | Unspecified | NA         |
[2025-11-02 22:32:03,682] | Vcco33    |       3.300 |     0.000 |       0.000 |      0.000 |       NA    | Unspecified | NA         |
[2025-11-02 22:32:03,682] | Vcco25    |       2.500 |     0.000 |       0.000 |      0.000 |       NA    | Unspecified | NA         |
[2025-11-02 22:32:03,682] | Vcco18    |       1.800 |     0.000 |       0.000 |      0.000 |       NA    | Unspecified | NA         |
[2025-11-02 22:32:03,682] | Vcco15    |       1.500 |     0.000 |       0.000 |      0.000 |       NA    | Unspecified | NA         |
[2025-11-02 22:32:03,682] | Vcco135   |       1.350 |     0.000 |       0.000 |      0.000 |       NA    | Unspecified | NA         |
[2025-11-02 22:32:03,682] | Vcco12    |       1.200 |     0.000 |       0.000 |      0.000 |       NA    | Unspecified | NA         |
[2025-11-02 22:32:03,682] | Vccaux_io |       1.800 |     0.000 |       0.000 |      0.000 |       NA    | Unspecified | NA         |
[2025-11-02 22:32:03,682] | Vccbram   |       1.000 |     0.004 |       0.003 |      0.001 |       NA    | Unspecified | NA         |
[2025-11-02 22:32:03,682] | MGTAVcc   |       1.000 |     0.000 |       0.000 |      0.000 |       NA    | Unspecified | NA         |
[2025-11-02 22:32:03,682] | MGTAVtt   |       1.200 |     0.000 |       0.000 |      0.000 |       NA    | Unspecified | NA         |
[2025-11-02 22:32:03,682] | MGTVccaux |       1.800 |     0.000 |       0.000 |      0.000 |       NA    | Unspecified | NA         |
[2025-11-02 22:32:03,682] | Vccpint   |       1.000 |     0.017 |       0.000 |      0.017 |       NA    | Unspecified | NA         |
[2025-11-02 22:32:03,682] | Vccpaux   |       1.800 |     0.010 |       0.000 |      0.010 |       NA    | Unspecified | NA         |
[2025-11-02 22:32:03,682] | Vccpll    |       1.800 |     0.003 |       0.000 |      0.003 |       NA    | Unspecified | NA         |
[2025-11-02 22:32:03,682] | Vcco_ddr  |       1.500 |     0.000 |       0.000 |      0.000 |       NA    | Unspecified | NA         |
[2025-11-02 22:32:03,682] | Vcco_mio0 |       1.800 |     0.000 |       0.000 |      0.000 |       NA    | Unspecified | NA         |
[2025-11-02 22:32:03,682] | Vcco_mio1 |       1.800 |     0.000 |       0.000 |      0.000 |       NA    | Unspecified | NA         |
[2025-11-02 22:32:03,682] | Vccadc    |       1.800 |     0.020 |       0.000 |      0.020 |       NA    | Unspecified | NA         |
[2025-11-02 22:32:03,682] +-----------+-------------+-----------+-------------+------------+-------------+-------------+------------+
[2025-11-02 22:32:03,682] 
[2025-11-02 22:32:03,682] 
[2025-11-02 22:32:03,682] 1.3 Confidence Level
[2025-11-02 22:32:03,682] --------------------
[2025-11-02 22:32:03,682] 
[2025-11-02 22:32:03,682] +-----------------------------+------------+------------------------------------------------+------------------------------------------------------------------------------------------------------------+
[2025-11-02 22:32:03,682] | User Input Data             | Confidence | Details                                        | Action                                                                                                     |
[2025-11-02 22:32:03,682] +-----------------------------+------------+------------------------------------------------+------------------------------------------------------------------------------------------------------------+
[2025-11-02 22:32:03,682] | Design implementation state | High       | Design is routed                               |                                                                                                            |
[2025-11-02 22:32:03,682] | Clock nodes activity        | High       | User specified more than 95% of clocks         |                                                                                                            |
[2025-11-02 22:32:03,682] | I/O nodes activity          | High       | User specified more than 95% of inputs         |                                                                                                            |
[2025-11-02 22:32:03,682] | Internal nodes activity     | Medium     | User specified less than 25% of internal nodes | Provide missing internal nodes activity with simulation results or by editing the "By Resource Type" views |
[2025-11-02 22:32:03,682] | Device models               | High       | Device models are Production                   |                                                                                                            |
[2025-11-02 22:32:03,682] |                             |            |                                                |                                                                                                            |
[2025-11-02 22:32:03,682] | Overall confidence level    | Medium     |                                                |                                                                                                            |
[2025-11-02 22:32:03,682] +-----------------------------+------------+------------------------------------------------+------------------------------------------------------------------------------------------------------------+
[2025-11-02 22:32:03,682] 
[2025-11-02 22:32:03,682] 
[2025-11-02 22:32:03,682] 2. Settings
[2025-11-02 22:32:03,682] -----------
[2025-11-02 22:32:03,682] 
[2025-11-02 22:32:03,682] 2.1 Environment
[2025-11-02 22:32:03,682] ---------------
[2025-11-02 22:32:03,682] 
[2025-11-02 22:32:03,682] +-----------------------+------------------------+
[2025-11-02 22:32:03,682] | Ambient Temp (C)      | 25.0                   |
[2025-11-02 22:32:03,682] | ThetaJA (C/W)         | 11.5                   |
[2025-11-02 22:32:03,682] | Airflow (LFM)         | 250                    |
[2025-11-02 22:32:03,682] | Heat Sink             | none                   |
[2025-11-02 22:32:03,682] | ThetaSA (C/W)         | 0.0                    |
[2025-11-02 22:32:03,682] | Board Selection       | medium (10"x10")       |
[2025-11-02 22:32:03,682] | # of Board Layers     | 8to11 (8 to 11 Layers) |
[2025-11-02 22:32:03,682] | Board Temperature (C) | 25.0                   |
[2025-11-02 22:32:03,682] +-----------------------+------------------------+
[2025-11-02 22:32:03,682] 
[2025-11-02 22:32:03,682] 
[2025-11-02 22:32:03,682] 2.2 Clock Constraints
[2025-11-02 22:32:03,682] ---------------------
[2025-11-02 22:32:03,682] 
[2025-11-02 22:32:03,682] +--------+--------+-----------------+
[2025-11-02 22:32:03,682] | Clock  | Domain | Constraint (ns) |
[2025-11-02 22:32:03,682] +--------+--------+-----------------+
[2025-11-02 22:32:03,682] | ap_clk | ap_clk |            10.0 |
[2025-11-02 22:32:03,682] +--------+--------+-----------------+
[2025-11-02 22:32:03,682] 
[2025-11-02 22:32:03,682] 
[2025-11-02 22:32:03,682] 3. Detailed Reports
[2025-11-02 22:32:03,682] -------------------
[2025-11-02 22:32:03,682] 
[2025-11-02 22:32:03,682] 3.1 By Hierarchy
[2025-11-02 22:32:03,682] ----------------
[2025-11-02 22:32:03,682] 
[2025-11-02 22:32:03,682] +-------------------------+-----------+
[2025-11-02 22:32:03,682] | Name                    | Power (W) |
[2025-11-02 22:32:03,682] +-------------------------+-----------+
[2025-11-02 22:32:03,682] | finn_design_wrapper     |     0.159 |
[2025-11-02 22:32:03,682] |   finn_design_i         |     0.156 |
[2025-11-02 22:32:03,682] |     MVAU_hls_0          |     0.109 |
[2025-11-02 22:32:03,682] |       MVAU_hls_0        |     0.062 |
[2025-11-02 22:32:03,682] |       MVAU_hls_0_wstrm  |     0.047 |
[2025-11-02 22:32:03,682] |     MVAU_hls_1          |     0.019 |
[2025-11-02 22:32:03,682] |       MVAU_hls_1        |     0.011 |
[2025-11-02 22:32:03,682] |       MVAU_hls_1_wstrm  |     0.008 |
[2025-11-02 22:32:03,682] |     MVAU_hls_2          |     0.018 |
[2025-11-02 22:32:03,682] |       MVAU_hls_2        |     0.010 |
[2025-11-02 22:32:03,682] |       MVAU_hls_2_wstrm  |     0.008 |
[2025-11-02 22:32:03,682] |     StreamingFIFO_rtl_0 |     0.006 |
[2025-11-02 22:32:03,682] |       inst              |     0.006 |
[2025-11-02 22:32:03,682] +-------------------------+-----------+
[2025-11-02 22:32:03,682] 
[2025-11-02 22:32:03,683] 
[2025-11-02 22:32:03,683] 0 Infos, 0 Warnings, 0 Critical Warnings and 0 Errors encountered.
[2025-11-02 22:32:03,683] report_power completed successfully
[2025-11-02 22:32:03,683] # set util [report_utilization -return_string]
[2025-11-02 22:32:03,683] # set util_lut [exec echo $util | grep LUT | head -n 1 | cut -d| -f3 | tr -d " "]
[2025-11-02 22:32:03,683] # set util_lutram [exec echo $util | grep LUT | head -n 3 | tail -1 | cut -d| -f3 | tr -d " "]
[2025-11-02 22:32:03,683] # set util_ff [llength [get_cells -hier -filter {PRIMITIVE_TYPE =~ *.F*E*}]]
[2025-11-02 22:32:03,683] # set util_dsp [exec echo $util | grep DSP | head -n 1 | cut -d| -f3 | tr -d " "]
[2025-11-02 22:32:03,683] # set time_wns [get_property SLACK [get_timing_paths]]
[2025-11-02 22:32:03,683] WARNING: [Vivado 12-180] No cells matched 'get_cells -hier -filter {PRIMITIVE_TYPE =~ *RAMB18*}'.
[2025-11-02 22:32:03,683] # set util_bram18 [llength [get_cells -hier -filter {PRIMITIVE_TYPE =~ *RAMB18*}]]
[2025-11-02 22:32:03,683] # set util_bram36 [llength [get_cells -hier -filter {PRIMITIVE_TYPE =~ *RAMB36*}]]
[2025-11-02 22:32:03,683] # set util_carry [llength [get_cells -hier -filter {PRIMITIVE_TYPE =~ *CARRY*}]]
[2025-11-02 22:32:03,683] WARNING: [Vivado 12-180] No cells matched 'get_cells -hier -filter {PRIMITIVE_TYPE =~ *URAM*}'.
[2025-11-02 22:32:03,683] # set util_uram [llength [get_cells -hier -filter {PRIMITIVE_TYPE =~ *URAM*}]]
[2025-11-02 22:32:03,683] # set vivado_version [version -short]
[2025-11-02 22:32:03,683] # set vivado_build_no [exec echo $util | grep Build | head -n 1 | cut -d\  -f9]
[2025-11-02 22:32:03,683] # set util_bram [expr $util_bram18/2 + $util_bram36]
[2025-11-02 22:32:03,683] # puts "LUT: $util_lut FF: $util_ff DSP: $util_dsp BRAM: $util_bram"
[2025-11-02 22:32:03,683] LUT: 8458 FF: 14003 DSP: 4.DSP BRAM: 21
[2025-11-02 22:32:03,683] # set fp [open res.txt w]
[2025-11-02 22:32:03,683] # puts $fp "LUT=$util_lut"
[2025-11-02 22:32:03,683] # puts $fp "LUTRAM=$util_lutram"
[2025-11-02 22:32:03,683] # puts $fp "FF=$util_ff"
[2025-11-02 22:32:03,683] # puts $fp "DSP=$util_dsp"
[2025-11-02 22:32:03,683] # puts $fp "BRAM=$util_bram"
[2025-11-02 22:32:03,683] # puts $fp "BRAM_18K=$util_bram18"
[2025-11-02 22:32:03,683] # puts $fp "BRAM_36K=$util_bram36"
[2025-11-02 22:32:03,683] # puts $fp "URAM=$util_uram"
[2025-11-02 22:32:03,683] # puts $fp "Carry=$util_carry"
[2025-11-02 22:32:03,683] # puts $fp "WNS=$time_wns"
[2025-11-02 22:32:03,683] # puts $fp "Delay=$time_wns"
[2025-11-02 22:32:03,683] # puts $fp "vivado_version=$vivado_version"
[2025-11-02 22:32:03,683] # puts $fp "vivado_build_no=$vivado_build_no"
[2025-11-02 22:32:03,683] # close $fp
[2025-11-02 22:32:03,683] # exit
[2025-11-02 22:32:03,683] INFO: [Common 17-206] Exiting Vivado at Sun Nov  2 22:32:00 2025...
[2025-11-02 22:32:03,683] /home/changhong/prj/finn_dev_branch/finn/deps/oh-my-xilinx/vivadoprojgen.sh:37: no matches found: ../*.vhd
[2025-11-02 22:32:03,683] /home/changhong/prj/finn_dev_branch/finn/deps/oh-my-xilinx/vivadoprojgen.sh:39: no matches found: ../*.h
[2025-11-02 22:32:03,683] /home/changhong/prj/finn_dev_branch/finn/deps/oh-my-xilinx/vivadoprojgen.sh:40: no matches found: ../*.xdc
[2025-11-02 22:32:03,683] cat: finn_design_wrapper.xdc: input file is output file
[2025-11-02 22:32:03,683] ['LUT', '8458']
[2025-11-02 22:32:03,683] ['LUTRAM', '732']
[2025-11-02 22:32:03,683] ['FF', '14003']
[2025-11-02 22:32:03,683] ['DSP', '4.DSP']
[2025-11-02 22:32:03,683] ['BRAM', '21']
[2025-11-02 22:32:03,683] ['BRAM_18K', '0']
[2025-11-02 22:32:03,683] ['BRAM_36K', '21']
[2025-11-02 22:32:03,683] ['URAM', '0']
[2025-11-02 22:32:03,683] ['Carry', '174']
[2025-11-02 22:32:03,683] ['WNS', '0.713']
[2025-11-02 22:32:03,683] ['Delay', '0.713']
[2025-11-02 22:32:03,683] ['vivado_version', '2022.2']
[2025-11-02 22:32:03,683] ['vivado_build_no', '3671981']
[2025-11-02 22:32:03,683] ['']
[2025-11-02 22:32:03,686] Running step: step_synthesize_bitfile [18/20]
[2025-11-02 22:32:03,686] Running step: step_make_driver [19/20]
[2025-11-02 22:32:03,686] /home/changhong/prj/finn_dev_branch/finn/src/finn/builder/build_dataflow_steps.py:770: UserWarning: The step step_make_driver is in the build list but will not be executed since no driver is selected in generate_outputs in your build.py file!
[2025-11-02 22:32:03,686]   warnings.warn(
[2025-11-02 22:32:03,687] Running step: step_deployment_package [20/20]
