#-----------------------------------------------------------
# Vivado v2022.2 (64-bit)
# SW Build 3671981 on Fri Oct 14 04:59:54 MDT 2022
# IP Build 3669848 on Fri Oct 14 08:30:02 MDT 2022
# Start of session at: Mon Nov 10 16:57:15 2025
# Process ID: 87742
# Current directory: /tmp/finn_dev_changhong/vivado_stitch_proj_6ygkx3ag
# Command line: vivado -mode batch -source make_project.tcl
# Log file: /tmp/finn_dev_changhong/vivado_stitch_proj_6ygkx3ag/vivado.log
# Journal file: /tmp/finn_dev_changhong/vivado_stitch_proj_6ygkx3ag/vivado.jou
# Running On: finn_dev_changhong, OS: Linux, CPU Frequency: 2829.012 MHz, CPU Physical cores: 20, Host memory: 66845 MB
#-----------------------------------------------------------
INFO: [Common 17-1239] XILINX_LOCAL_USER_DATA is set to 'no'.
source make_project.tcl
# create_project finn_vivado_stitch_proj /tmp/finn_dev_changhong/vivado_stitch_proj_6ygkx3ag -part xc7z020clg400-1
# set_msg_config -id {[BD 41-1753]} -suppress
# set_property ip_repo_paths [list $::env(FINN_ROOT)/finn-rtllib/memstream /tmp/finn_dev_changhong/code_gen_ipgen_StreamingFIFO_rtl_0_dkg4pesd /tmp/finn_dev_changhong/code_gen_ipgen_MVAU_hls_0_2m_dfsz2/project_MVAU_hls_0/sol1/impl/ip /tmp/finn_dev_changhong/code_gen_ipgen_StreamingFIFO_rtl_1_e81tgmyg /tmp/finn_dev_changhong/code_gen_ipgen_MVAU_hls_1_buxdqq4q/project_MVAU_hls_1/sol1/impl/ip /tmp/finn_dev_changhong/code_gen_ipgen_StreamingFIFO_rtl_2_k5_fkpn0 /tmp/finn_dev_changhong/code_gen_ipgen_MVAU_hls_2_77y5pwt9/project_MVAU_hls_2/sol1/impl/ip /tmp/finn_dev_changhong/code_gen_ipgen_StreamingFIFO_rtl_3_4n61fioa /tmp/finn_dev_changhong/code_gen_ipgen_MVAU_hls_3_bvw1qno4/project_MVAU_hls_3/sol1/impl/ip /tmp/finn_dev_changhong/code_gen_ipgen_StreamingFIFO_rtl_4_ijevs4o7] [current_project]
# update_ip_catalog
INFO: [IP_Flow 19-234] Refreshing IP repositories
INFO: [IP_Flow 19-1700] Loaded user IP repository '/home/changhong/prj/finn_cli_fork/finn-rtllib/memstream'.
INFO: [IP_Flow 19-1700] Loaded user IP repository '/tmp/finn_dev_changhong/code_gen_ipgen_StreamingFIFO_rtl_0_dkg4pesd'.
INFO: [IP_Flow 19-1700] Loaded user IP repository '/tmp/finn_dev_changhong/code_gen_ipgen_MVAU_hls_0_2m_dfsz2/project_MVAU_hls_0/sol1/impl/ip'.
INFO: [IP_Flow 19-1700] Loaded user IP repository '/tmp/finn_dev_changhong/code_gen_ipgen_StreamingFIFO_rtl_1_e81tgmyg'.
INFO: [IP_Flow 19-1700] Loaded user IP repository '/tmp/finn_dev_changhong/code_gen_ipgen_MVAU_hls_1_buxdqq4q/project_MVAU_hls_1/sol1/impl/ip'.
INFO: [IP_Flow 19-1700] Loaded user IP repository '/tmp/finn_dev_changhong/code_gen_ipgen_StreamingFIFO_rtl_2_k5_fkpn0'.
INFO: [IP_Flow 19-1700] Loaded user IP repository '/tmp/finn_dev_changhong/code_gen_ipgen_MVAU_hls_2_77y5pwt9/project_MVAU_hls_2/sol1/impl/ip'.
INFO: [IP_Flow 19-1700] Loaded user IP repository '/tmp/finn_dev_changhong/code_gen_ipgen_StreamingFIFO_rtl_3_4n61fioa'.
INFO: [IP_Flow 19-1700] Loaded user IP repository '/tmp/finn_dev_changhong/code_gen_ipgen_MVAU_hls_3_bvw1qno4/project_MVAU_hls_3/sol1/impl/ip'.
INFO: [IP_Flow 19-1700] Loaded user IP repository '/tmp/finn_dev_changhong/code_gen_ipgen_StreamingFIFO_rtl_4_ijevs4o7'.
INFO: [IP_Flow 19-2313] Loaded Vivado IP repository '/tools/Xilinx/Vivado/2022.2/data/ip'.
# create_bd_design "finn_design"
Wrote  : </tmp/finn_dev_changhong/vivado_stitch_proj_6ygkx3ag/finn_vivado_stitch_proj.srcs/sources_1/bd/finn_design/finn_design.bd> 
# add_files -norecurse /tmp/finn_dev_changhong/code_gen_ipgen_StreamingFIFO_rtl_0_dkg4pesd/Q_srl.v
# add_files -norecurse /tmp/finn_dev_changhong/code_gen_ipgen_StreamingFIFO_rtl_0_dkg4pesd/StreamingFIFO_rtl_0.v
# create_bd_cell -type module -reference StreamingFIFO_rtl_0 StreamingFIFO_rtl_0
INFO: [IP_Flow 19-5107] Inferred bus interface 'ap_clk' of definition 'xilinx.com:signal:clock:1.0' (from X_INTERFACE_INFO parameter from HDL file).
INFO: [IP_Flow 19-5107] Inferred bus interface 'ap_clk' of definition 'xilinx.com:signal:clock:1.0' (from 'X_INTERFACE_INFO' attribute).
INFO: [IP_Flow 19-5107] Inferred bus interface 'in0_V' of definition 'xilinx.com:interface:axis:1.0' (from Xilinx Repository).
INFO: [IP_Flow 19-5107] Inferred bus interface 'out0_V' of definition 'xilinx.com:interface:axis:1.0' (from Xilinx Repository).
INFO: [IP_Flow 19-5107] Inferred bus interface 'ap_rst_n' of definition 'xilinx.com:signal:reset:1.0' (from Xilinx Repository).
INFO: [IP_Flow 19-4728] Bus Interface 'ap_rst_n': Added interface parameter 'POLARITY' with value 'ACTIVE_LOW'.
INFO: [IP_Flow 19-4728] Bus Interface 'ap_clk': Added interface parameter 'ASSOCIATED_RESET' with value 'ap_rst_n'.
INFO: [IP_Flow 19-4728] Bus Interface 'ap_clk': Added interface parameter 'ASSOCIATED_BUSIF' with value 'in0_V'.
WARNING: [IP_Flow 19-3157] Bus Interface 'ap_rst_n': Bus parameter POLARITY is ACTIVE_LOW but port 'ap_rst_n' is not *resetn - please double check the POLARITY setting.
INFO: [IP_Flow 19-234] Refreshing IP repositories
INFO: [IP_Flow 19-1700] Loaded user IP repository '/home/changhong/prj/finn_cli_fork/finn-rtllib/memstream'.
INFO: [IP_Flow 19-1700] Loaded user IP repository '/tmp/finn_dev_changhong/code_gen_ipgen_StreamingFIFO_rtl_0_dkg4pesd'.
INFO: [IP_Flow 19-1700] Loaded user IP repository '/tmp/finn_dev_changhong/code_gen_ipgen_MVAU_hls_0_2m_dfsz2/project_MVAU_hls_0/sol1/impl/ip'.
INFO: [IP_Flow 19-1700] Loaded user IP repository '/tmp/finn_dev_changhong/code_gen_ipgen_StreamingFIFO_rtl_1_e81tgmyg'.
INFO: [IP_Flow 19-1700] Loaded user IP repository '/tmp/finn_dev_changhong/code_gen_ipgen_MVAU_hls_1_buxdqq4q/project_MVAU_hls_1/sol1/impl/ip'.
INFO: [IP_Flow 19-1700] Loaded user IP repository '/tmp/finn_dev_changhong/code_gen_ipgen_StreamingFIFO_rtl_2_k5_fkpn0'.
INFO: [IP_Flow 19-1700] Loaded user IP repository '/tmp/finn_dev_changhong/code_gen_ipgen_MVAU_hls_2_77y5pwt9/project_MVAU_hls_2/sol1/impl/ip'.
INFO: [IP_Flow 19-1700] Loaded user IP repository '/tmp/finn_dev_changhong/code_gen_ipgen_StreamingFIFO_rtl_3_4n61fioa'.
INFO: [IP_Flow 19-1700] Loaded user IP repository '/tmp/finn_dev_changhong/code_gen_ipgen_MVAU_hls_3_bvw1qno4/project_MVAU_hls_3/sol1/impl/ip'.
INFO: [IP_Flow 19-1700] Loaded user IP repository '/tmp/finn_dev_changhong/code_gen_ipgen_StreamingFIFO_rtl_4_ijevs4o7'.
# if {[catch {current_bd_design} _cur_bd]} { set _cur_bd "" }
# if {$_cur_bd eq ""} { create_bd_design "finn_design" }
# file mkdir ./ip/verilog/rtl_ops/MVAU_hls_0
# if {![llength [get_bd_cells -quiet /MVAU_hls_0]]} { create_bd_cell -type hier MVAU_hls_0 }
# if {![llength [get_bd_pins -quiet /MVAU_hls_0/ap_clk]]} { create_bd_pin -dir I -type clk /MVAU_hls_0/ap_clk }
# if {![llength [get_bd_pins -quiet /MVAU_hls_0/ap_rst_n]]} { create_bd_pin -dir I -type rst /MVAU_hls_0/ap_rst_n }
# if {![llength [get_bd_intf_pins -quiet /MVAU_hls_0/out0_V]]} {   create_bd_intf_pin -mode Master -vlnv xilinx.com:interface:axis_rtl:1.0 /MVAU_hls_0/out0_V }
# if {![llength [get_bd_intf_pins -quiet /MVAU_hls_0/in0_V]]} {   create_bd_intf_pin -mode Slave  -vlnv xilinx.com:interface:axis_rtl:1.0 /MVAU_hls_0/in0_V }
# if {![llength [get_bd_cells -quiet /MVAU_hls_0/MVAU_hls_0]]} {   set _defs [get_ipdefs -all -filter "VLNV =~ xilinx.com:hls:MVAU_hls_0:*"];   if {[llength $_defs]} { create_bd_cell -type ip -vlnv [lindex $_defs 0] /MVAU_hls_0/MVAU_hls_0 }   else { error {HLS IP xilinx.com:hls:MVAU_hls_0:* not found} } }
# if {[llength [get_bd_pins -quiet /MVAU_hls_0/MVAU_hls_0/ap_rst_n]]} { connect_bd_net [get_bd_pins /MVAU_hls_0/ap_rst_n] [get_bd_pins /MVAU_hls_0/MVAU_hls_0/ap_rst_n] }
# if {[llength [get_bd_pins -quiet /MVAU_hls_0/MVAU_hls_0/ap_clk]]} { connect_bd_net [get_bd_pins /MVAU_hls_0/ap_clk] [get_bd_pins /MVAU_hls_0/MVAU_hls_0/ap_clk] }
# if {[llength [get_bd_intf_pins -quiet /MVAU_hls_0/MVAU_hls_0/in0_V]]} { connect_bd_intf_net [get_bd_intf_pins /MVAU_hls_0/in0_V] [get_bd_intf_pins /MVAU_hls_0/MVAU_hls_0/in0_V] }
# if {[llength [get_bd_intf_pins -quiet /MVAU_hls_0/MVAU_hls_0/out0_V]]} { connect_bd_intf_net [get_bd_intf_pins /MVAU_hls_0/out0_V] [get_bd_intf_pins /MVAU_hls_0/MVAU_hls_0/out0_V] }
# add_files -copy_to ./ip/verilog/rtl_ops/MVAU_hls_0 -force -norecurse /tmp/finn_dev_changhong/code_gen_ipgen_MVAU_hls_0_2m_dfsz2/MVAU_hls_0_sfidx_memstream_wrapper.v
# add_files -copy_to ./ip/verilog/rtl_ops/MVAU_hls_0 -force -norecurse /home/changhong/prj/finn_cli_fork/finn-rtllib/axi/hdl/axilite.sv
# add_files -copy_to ./ip/verilog/rtl_ops/MVAU_hls_0 -force -norecurse /home/changhong/prj/finn_cli_fork/finn-rtllib/memstream/hdl/memstream_axi.sv
# add_files -copy_to ./ip/verilog/rtl_ops/MVAU_hls_0 -force -norecurse /home/changhong/prj/finn_cli_fork/finn-rtllib/memstream/hdl/memstream.sv
# update_compile_order -fileset sources_1
# create_bd_cell -type hier -reference MVAU_hls_0_sfidx_memstream_wrapper /MVAU_hls_0/MVAU_hls_0_wstrm_sfidx
INFO: [BD 41-1695] Exec TCL: Specified '-reference' and/or '-hier' option will be ignored while creating 'hier' cell 'MVAU_hls_0_wstrm_sfidx'.
INFO: [IP_Flow 19-5107] Inferred bus interface 'ap_clk' of definition 'xilinx.com:signal:clock:1.0' (from X_INTERFACE_INFO parameter from HDL file).
INFO: [IP_Flow 19-5107] Inferred bus interface 'ap_clk' of definition 'xilinx.com:signal:clock:1.0' (from 'X_INTERFACE_INFO' attribute).
INFO: [IP_Flow 19-5107] Inferred bus interface 'ap_clk2x' of definition 'xilinx.com:signal:clock:1.0' (from X_INTERFACE_INFO parameter from HDL file).
INFO: [IP_Flow 19-5107] Inferred bus interface 'ap_clk2x' of definition 'xilinx.com:signal:clock:1.0' (from 'X_INTERFACE_INFO' attribute).
INFO: [IP_Flow 19-5107] Inferred bus interface 'm_axis_0' of definition 'xilinx.com:interface:axis:1.0' (from Xilinx Repository).
INFO: [IP_Flow 19-5107] Inferred bus interface 's_axis_0' of definition 'xilinx.com:interface:axis:1.0' (from Xilinx Repository).
INFO: [IP_Flow 19-5107] Inferred bus interface 's_axilite' of definition 'xilinx.com:interface:aximm:1.0' (from Xilinx Repository).
INFO: [IP_Flow 19-5107] Inferred bus interface 'ap_rst_n' of definition 'xilinx.com:signal:reset:1.0' (from Xilinx Repository).
INFO: [IP_Flow 19-4728] Bus Interface 'ap_rst_n': Added interface parameter 'POLARITY' with value 'ACTIVE_LOW'.
INFO: [IP_Flow 19-4728] Bus Interface 'ap_clk': Added interface parameter 'ASSOCIATED_BUSIF' with value 's_axilite'.
INFO: [IP_Flow 19-4728] Bus Interface 'ap_clk': Added interface parameter 'ASSOCIATED_RESET' with value 'ap_rst_n'.
INFO: [IP_Flow 19-818] Not transferring value dependency attribute "(spirit:ceil(spirit:log(2,(spirit:decode(id('MODELPARAM_VALUE.DEPTH')) * (2 ** spirit:ceil(spirit:log(2,((spirit:decode(id('MODELPARAM_VALUE.WIDTH')) + 31) / 32))))))) + 2)" into user parameter "AXILITE_ADDR_WIDTH".
INFO: [IP_Flow 19-818] Not transferring value dependency attribute "((spirit:decode(id('MODELPARAM_VALUE.SETS')) > 2) ? spirit:ceil(spirit:log(2,spirit:decode(id('MODELPARAM_VALUE.SETS')))) : 1)" into user parameter "SET_BITS".
WARNING: [IP_Flow 19-5661] Bus Interface 'ap_clk2x' does not have any bus interfaces associated with it.
WARNING: [IP_Flow 19-3157] Bus Interface 'ap_rst_n': Bus parameter POLARITY is ACTIVE_LOW but port 'ap_rst_n' is not *resetn - please double check the POLARITY setting.
INFO: [IP_Flow 19-234] Refreshing IP repositories
INFO: [IP_Flow 19-1700] Loaded user IP repository '/home/changhong/prj/finn_cli_fork/finn-rtllib/memstream'.
INFO: [IP_Flow 19-1700] Loaded user IP repository '/tmp/finn_dev_changhong/code_gen_ipgen_StreamingFIFO_rtl_0_dkg4pesd'.
INFO: [IP_Flow 19-1700] Loaded user IP repository '/tmp/finn_dev_changhong/code_gen_ipgen_MVAU_hls_0_2m_dfsz2/project_MVAU_hls_0/sol1/impl/ip'.
INFO: [IP_Flow 19-1700] Loaded user IP repository '/tmp/finn_dev_changhong/code_gen_ipgen_StreamingFIFO_rtl_1_e81tgmyg'.
INFO: [IP_Flow 19-1700] Loaded user IP repository '/tmp/finn_dev_changhong/code_gen_ipgen_MVAU_hls_1_buxdqq4q/project_MVAU_hls_1/sol1/impl/ip'.
INFO: [IP_Flow 19-1700] Loaded user IP repository '/tmp/finn_dev_changhong/code_gen_ipgen_StreamingFIFO_rtl_2_k5_fkpn0'.
INFO: [IP_Flow 19-1700] Loaded user IP repository '/tmp/finn_dev_changhong/code_gen_ipgen_MVAU_hls_2_77y5pwt9/project_MVAU_hls_2/sol1/impl/ip'.
INFO: [IP_Flow 19-1700] Loaded user IP repository '/tmp/finn_dev_changhong/code_gen_ipgen_StreamingFIFO_rtl_3_4n61fioa'.
INFO: [IP_Flow 19-1700] Loaded user IP repository '/tmp/finn_dev_changhong/code_gen_ipgen_MVAU_hls_3_bvw1qno4/project_MVAU_hls_3/sol1/impl/ip'.
INFO: [IP_Flow 19-1700] Loaded user IP repository '/tmp/finn_dev_changhong/code_gen_ipgen_StreamingFIFO_rtl_4_ijevs4o7'.
# connect_bd_net [get_bd_pins /MVAU_hls_0/ap_clk] [get_bd_pins /MVAU_hls_0/MVAU_hls_0_wstrm_sfidx/ap_clk]
# connect_bd_net [get_bd_pins /MVAU_hls_0/ap_rst_n] [get_bd_pins /MVAU_hls_0/MVAU_hls_0_wstrm_sfidx/ap_rst_n]
# connect_bd_net [get_bd_pins /MVAU_hls_0/ap_clk] [get_bd_pins /MVAU_hls_0/MVAU_hls_0_wstrm_sfidx/ap_clk2x]
# connect_bd_intf_net [get_bd_intf_pins /MVAU_hls_0/MVAU_hls_0_wstrm_sfidx/m_axis_0] [get_bd_intf_pins /MVAU_hls_0/MVAU_hls_0/sfidx_V]
# add_files -copy_to ./ip/verilog/rtl_ops/MVAU_hls_0 -force -norecurse /tmp/finn_dev_changhong/code_gen_ipgen_MVAU_hls_0_2m_dfsz2/MVAU_hls_0_val_memstream_wrapper.v
# add_files -copy_to ./ip/verilog/rtl_ops/MVAU_hls_0 -force -norecurse /home/changhong/prj/finn_cli_fork/finn-rtllib/axi/hdl/axilite.sv
WARNING: [Vivado 12-3631] The destination file or directory '/tmp/finn_dev_changhong/vivado_stitch_proj_6ygkx3ag/ip/verilog/rtl_ops/MVAU_hls_0/axilite.sv' already exists, -force is used to overwrite it
WARNING: [filemgmt 56-12] File '/tmp/finn_dev_changhong/vivado_stitch_proj_6ygkx3ag/ip/verilog/rtl_ops/MVAU_hls_0/axilite.sv' cannot be added to the project because it already exists in the project, skipping this file
# add_files -copy_to ./ip/verilog/rtl_ops/MVAU_hls_0 -force -norecurse /home/changhong/prj/finn_cli_fork/finn-rtllib/memstream/hdl/memstream_axi.sv
WARNING: [Vivado 12-3631] The destination file or directory '/tmp/finn_dev_changhong/vivado_stitch_proj_6ygkx3ag/ip/verilog/rtl_ops/MVAU_hls_0/memstream_axi.sv' already exists, -force is used to overwrite it
WARNING: [filemgmt 56-12] File '/tmp/finn_dev_changhong/vivado_stitch_proj_6ygkx3ag/ip/verilog/rtl_ops/MVAU_hls_0/memstream_axi.sv' cannot be added to the project because it already exists in the project, skipping this file
# add_files -copy_to ./ip/verilog/rtl_ops/MVAU_hls_0 -force -norecurse /home/changhong/prj/finn_cli_fork/finn-rtllib/memstream/hdl/memstream.sv
WARNING: [Vivado 12-3631] The destination file or directory '/tmp/finn_dev_changhong/vivado_stitch_proj_6ygkx3ag/ip/verilog/rtl_ops/MVAU_hls_0/memstream.sv' already exists, -force is used to overwrite it
WARNING: [filemgmt 56-12] File '/tmp/finn_dev_changhong/vivado_stitch_proj_6ygkx3ag/ip/verilog/rtl_ops/MVAU_hls_0/memstream.sv' cannot be added to the project because it already exists in the project, skipping this file
# update_compile_order -fileset sources_1
# create_bd_cell -type hier -reference MVAU_hls_0_val_memstream_wrapper /MVAU_hls_0/MVAU_hls_0_wstrm_val
INFO: [BD 41-1695] Exec TCL: Specified '-reference' and/or '-hier' option will be ignored while creating 'hier' cell 'MVAU_hls_0_wstrm_val'.
INFO: [IP_Flow 19-5107] Inferred bus interface 'ap_clk' of definition 'xilinx.com:signal:clock:1.0' (from X_INTERFACE_INFO parameter from HDL file).
INFO: [IP_Flow 19-5107] Inferred bus interface 'ap_clk' of definition 'xilinx.com:signal:clock:1.0' (from 'X_INTERFACE_INFO' attribute).
INFO: [IP_Flow 19-5107] Inferred bus interface 'ap_clk2x' of definition 'xilinx.com:signal:clock:1.0' (from X_INTERFACE_INFO parameter from HDL file).
INFO: [IP_Flow 19-5107] Inferred bus interface 'ap_clk2x' of definition 'xilinx.com:signal:clock:1.0' (from 'X_INTERFACE_INFO' attribute).
INFO: [IP_Flow 19-5107] Inferred bus interface 'm_axis_0' of definition 'xilinx.com:interface:axis:1.0' (from Xilinx Repository).
INFO: [IP_Flow 19-5107] Inferred bus interface 's_axis_0' of definition 'xilinx.com:interface:axis:1.0' (from Xilinx Repository).
INFO: [IP_Flow 19-5107] Inferred bus interface 's_axilite' of definition 'xilinx.com:interface:aximm:1.0' (from Xilinx Repository).
INFO: [IP_Flow 19-5107] Inferred bus interface 'ap_rst_n' of definition 'xilinx.com:signal:reset:1.0' (from Xilinx Repository).
INFO: [IP_Flow 19-4728] Bus Interface 'ap_rst_n': Added interface parameter 'POLARITY' with value 'ACTIVE_LOW'.
INFO: [IP_Flow 19-4728] Bus Interface 'ap_clk': Added interface parameter 'ASSOCIATED_BUSIF' with value 's_axilite'.
INFO: [IP_Flow 19-4728] Bus Interface 'ap_clk': Added interface parameter 'ASSOCIATED_RESET' with value 'ap_rst_n'.
INFO: [IP_Flow 19-818] Not transferring value dependency attribute "(spirit:ceil(spirit:log(2,(spirit:decode(id('MODELPARAM_VALUE.DEPTH')) * (2 ** spirit:ceil(spirit:log(2,((spirit:decode(id('MODELPARAM_VALUE.WIDTH')) + 31) / 32))))))) + 2)" into user parameter "AXILITE_ADDR_WIDTH".
INFO: [IP_Flow 19-818] Not transferring value dependency attribute "((spirit:decode(id('MODELPARAM_VALUE.SETS')) > 2) ? spirit:ceil(spirit:log(2,spirit:decode(id('MODELPARAM_VALUE.SETS')))) : 1)" into user parameter "SET_BITS".
WARNING: [IP_Flow 19-5661] Bus Interface 'ap_clk2x' does not have any bus interfaces associated with it.
WARNING: [IP_Flow 19-3157] Bus Interface 'ap_rst_n': Bus parameter POLARITY is ACTIVE_LOW but port 'ap_rst_n' is not *resetn - please double check the POLARITY setting.
INFO: [IP_Flow 19-234] Refreshing IP repositories
INFO: [IP_Flow 19-1700] Loaded user IP repository '/home/changhong/prj/finn_cli_fork/finn-rtllib/memstream'.
INFO: [IP_Flow 19-1700] Loaded user IP repository '/tmp/finn_dev_changhong/code_gen_ipgen_StreamingFIFO_rtl_0_dkg4pesd'.
INFO: [IP_Flow 19-1700] Loaded user IP repository '/tmp/finn_dev_changhong/code_gen_ipgen_MVAU_hls_0_2m_dfsz2/project_MVAU_hls_0/sol1/impl/ip'.
INFO: [IP_Flow 19-1700] Loaded user IP repository '/tmp/finn_dev_changhong/code_gen_ipgen_StreamingFIFO_rtl_1_e81tgmyg'.
INFO: [IP_Flow 19-1700] Loaded user IP repository '/tmp/finn_dev_changhong/code_gen_ipgen_MVAU_hls_1_buxdqq4q/project_MVAU_hls_1/sol1/impl/ip'.
INFO: [IP_Flow 19-1700] Loaded user IP repository '/tmp/finn_dev_changhong/code_gen_ipgen_StreamingFIFO_rtl_2_k5_fkpn0'.
INFO: [IP_Flow 19-1700] Loaded user IP repository '/tmp/finn_dev_changhong/code_gen_ipgen_MVAU_hls_2_77y5pwt9/project_MVAU_hls_2/sol1/impl/ip'.
INFO: [IP_Flow 19-1700] Loaded user IP repository '/tmp/finn_dev_changhong/code_gen_ipgen_StreamingFIFO_rtl_3_4n61fioa'.
INFO: [IP_Flow 19-1700] Loaded user IP repository '/tmp/finn_dev_changhong/code_gen_ipgen_MVAU_hls_3_bvw1qno4/project_MVAU_hls_3/sol1/impl/ip'.
INFO: [IP_Flow 19-1700] Loaded user IP repository '/tmp/finn_dev_changhong/code_gen_ipgen_StreamingFIFO_rtl_4_ijevs4o7'.
# connect_bd_net [get_bd_pins /MVAU_hls_0/ap_clk] [get_bd_pins /MVAU_hls_0/MVAU_hls_0_wstrm_val/ap_clk]
# connect_bd_net [get_bd_pins /MVAU_hls_0/ap_rst_n] [get_bd_pins /MVAU_hls_0/MVAU_hls_0_wstrm_val/ap_rst_n]
# connect_bd_net [get_bd_pins /MVAU_hls_0/ap_clk] [get_bd_pins /MVAU_hls_0/MVAU_hls_0_wstrm_val/ap_clk2x]
# connect_bd_intf_net [get_bd_intf_pins /MVAU_hls_0/MVAU_hls_0_wstrm_val/m_axis_0] [get_bd_intf_pins /MVAU_hls_0/MVAU_hls_0/val_V]
# add_files -copy_to ./ip/verilog/rtl_ops/MVAU_hls_0 -force -norecurse /tmp/finn_dev_changhong/code_gen_ipgen_MVAU_hls_0_2m_dfsz2/MVAU_hls_0_mask_memstream_wrapper.v
# add_files -copy_to ./ip/verilog/rtl_ops/MVAU_hls_0 -force -norecurse /home/changhong/prj/finn_cli_fork/finn-rtllib/axi/hdl/axilite.sv
WARNING: [Vivado 12-3631] The destination file or directory '/tmp/finn_dev_changhong/vivado_stitch_proj_6ygkx3ag/ip/verilog/rtl_ops/MVAU_hls_0/axilite.sv' already exists, -force is used to overwrite it
WARNING: [filemgmt 56-12] File '/tmp/finn_dev_changhong/vivado_stitch_proj_6ygkx3ag/ip/verilog/rtl_ops/MVAU_hls_0/axilite.sv' cannot be added to the project because it already exists in the project, skipping this file
# add_files -copy_to ./ip/verilog/rtl_ops/MVAU_hls_0 -force -norecurse /home/changhong/prj/finn_cli_fork/finn-rtllib/memstream/hdl/memstream_axi.sv
WARNING: [Vivado 12-3631] The destination file or directory '/tmp/finn_dev_changhong/vivado_stitch_proj_6ygkx3ag/ip/verilog/rtl_ops/MVAU_hls_0/memstream_axi.sv' already exists, -force is used to overwrite it
WARNING: [filemgmt 56-12] File '/tmp/finn_dev_changhong/vivado_stitch_proj_6ygkx3ag/ip/verilog/rtl_ops/MVAU_hls_0/memstream_axi.sv' cannot be added to the project because it already exists in the project, skipping this file
# add_files -copy_to ./ip/verilog/rtl_ops/MVAU_hls_0 -force -norecurse /home/changhong/prj/finn_cli_fork/finn-rtllib/memstream/hdl/memstream.sv
WARNING: [Vivado 12-3631] The destination file or directory '/tmp/finn_dev_changhong/vivado_stitch_proj_6ygkx3ag/ip/verilog/rtl_ops/MVAU_hls_0/memstream.sv' already exists, -force is used to overwrite it
WARNING: [filemgmt 56-12] File '/tmp/finn_dev_changhong/vivado_stitch_proj_6ygkx3ag/ip/verilog/rtl_ops/MVAU_hls_0/memstream.sv' cannot be added to the project because it already exists in the project, skipping this file
# update_compile_order -fileset sources_1
# create_bd_cell -type hier -reference MVAU_hls_0_mask_memstream_wrapper /MVAU_hls_0/MVAU_hls_0_wstrm_mask
INFO: [BD 41-1695] Exec TCL: Specified '-reference' and/or '-hier' option will be ignored while creating 'hier' cell 'MVAU_hls_0_wstrm_mask'.
INFO: [IP_Flow 19-5107] Inferred bus interface 'ap_clk' of definition 'xilinx.com:signal:clock:1.0' (from X_INTERFACE_INFO parameter from HDL file).
INFO: [IP_Flow 19-5107] Inferred bus interface 'ap_clk' of definition 'xilinx.com:signal:clock:1.0' (from 'X_INTERFACE_INFO' attribute).
INFO: [IP_Flow 19-5107] Inferred bus interface 'ap_clk2x' of definition 'xilinx.com:signal:clock:1.0' (from X_INTERFACE_INFO parameter from HDL file).
INFO: [IP_Flow 19-5107] Inferred bus interface 'ap_clk2x' of definition 'xilinx.com:signal:clock:1.0' (from 'X_INTERFACE_INFO' attribute).
INFO: [IP_Flow 19-5107] Inferred bus interface 'm_axis_0' of definition 'xilinx.com:interface:axis:1.0' (from Xilinx Repository).
INFO: [IP_Flow 19-5107] Inferred bus interface 's_axis_0' of definition 'xilinx.com:interface:axis:1.0' (from Xilinx Repository).
INFO: [IP_Flow 19-5107] Inferred bus interface 's_axilite' of definition 'xilinx.com:interface:aximm:1.0' (from Xilinx Repository).
INFO: [IP_Flow 19-5107] Inferred bus interface 'ap_rst_n' of definition 'xilinx.com:signal:reset:1.0' (from Xilinx Repository).
INFO: [IP_Flow 19-4728] Bus Interface 'ap_rst_n': Added interface parameter 'POLARITY' with value 'ACTIVE_LOW'.
INFO: [IP_Flow 19-4728] Bus Interface 'ap_clk': Added interface parameter 'ASSOCIATED_BUSIF' with value 's_axilite'.
INFO: [IP_Flow 19-4728] Bus Interface 'ap_clk': Added interface parameter 'ASSOCIATED_RESET' with value 'ap_rst_n'.
INFO: [IP_Flow 19-818] Not transferring value dependency attribute "(spirit:ceil(spirit:log(2,(spirit:decode(id('MODELPARAM_VALUE.DEPTH')) * (2 ** spirit:ceil(spirit:log(2,((spirit:decode(id('MODELPARAM_VALUE.WIDTH')) + 31) / 32))))))) + 2)" into user parameter "AXILITE_ADDR_WIDTH".
INFO: [IP_Flow 19-818] Not transferring value dependency attribute "((spirit:decode(id('MODELPARAM_VALUE.SETS')) > 2) ? spirit:ceil(spirit:log(2,spirit:decode(id('MODELPARAM_VALUE.SETS')))) : 1)" into user parameter "SET_BITS".
WARNING: [IP_Flow 19-5661] Bus Interface 'ap_clk2x' does not have any bus interfaces associated with it.
WARNING: [IP_Flow 19-3157] Bus Interface 'ap_rst_n': Bus parameter POLARITY is ACTIVE_LOW but port 'ap_rst_n' is not *resetn - please double check the POLARITY setting.
INFO: [IP_Flow 19-234] Refreshing IP repositories
INFO: [IP_Flow 19-1700] Loaded user IP repository '/home/changhong/prj/finn_cli_fork/finn-rtllib/memstream'.
INFO: [IP_Flow 19-1700] Loaded user IP repository '/tmp/finn_dev_changhong/code_gen_ipgen_StreamingFIFO_rtl_0_dkg4pesd'.
INFO: [IP_Flow 19-1700] Loaded user IP repository '/tmp/finn_dev_changhong/code_gen_ipgen_MVAU_hls_0_2m_dfsz2/project_MVAU_hls_0/sol1/impl/ip'.
INFO: [IP_Flow 19-1700] Loaded user IP repository '/tmp/finn_dev_changhong/code_gen_ipgen_StreamingFIFO_rtl_1_e81tgmyg'.
INFO: [IP_Flow 19-1700] Loaded user IP repository '/tmp/finn_dev_changhong/code_gen_ipgen_MVAU_hls_1_buxdqq4q/project_MVAU_hls_1/sol1/impl/ip'.
INFO: [IP_Flow 19-1700] Loaded user IP repository '/tmp/finn_dev_changhong/code_gen_ipgen_StreamingFIFO_rtl_2_k5_fkpn0'.
INFO: [IP_Flow 19-1700] Loaded user IP repository '/tmp/finn_dev_changhong/code_gen_ipgen_MVAU_hls_2_77y5pwt9/project_MVAU_hls_2/sol1/impl/ip'.
INFO: [IP_Flow 19-1700] Loaded user IP repository '/tmp/finn_dev_changhong/code_gen_ipgen_StreamingFIFO_rtl_3_4n61fioa'.
INFO: [IP_Flow 19-1700] Loaded user IP repository '/tmp/finn_dev_changhong/code_gen_ipgen_MVAU_hls_3_bvw1qno4/project_MVAU_hls_3/sol1/impl/ip'.
INFO: [IP_Flow 19-1700] Loaded user IP repository '/tmp/finn_dev_changhong/code_gen_ipgen_StreamingFIFO_rtl_4_ijevs4o7'.
# connect_bd_net [get_bd_pins /MVAU_hls_0/ap_clk] [get_bd_pins /MVAU_hls_0/MVAU_hls_0_wstrm_mask/ap_clk]
# connect_bd_net [get_bd_pins /MVAU_hls_0/ap_rst_n] [get_bd_pins /MVAU_hls_0/MVAU_hls_0_wstrm_mask/ap_rst_n]
# connect_bd_net [get_bd_pins /MVAU_hls_0/ap_clk] [get_bd_pins /MVAU_hls_0/MVAU_hls_0_wstrm_mask/ap_clk2x]
# connect_bd_intf_net [get_bd_intf_pins /MVAU_hls_0/MVAU_hls_0_wstrm_mask/m_axis_0] [get_bd_intf_pins /MVAU_hls_0/MVAU_hls_0/mask_V]
# add_files -copy_to ./ip/verilog/rtl_ops/MVAU_hls_0 -force -norecurse /tmp/finn_dev_changhong/code_gen_ipgen_MVAU_hls_0_2m_dfsz2/MVAU_hls_0_rowlen_memstream_wrapper.v
# add_files -copy_to ./ip/verilog/rtl_ops/MVAU_hls_0 -force -norecurse /home/changhong/prj/finn_cli_fork/finn-rtllib/axi/hdl/axilite.sv
WARNING: [Vivado 12-3631] The destination file or directory '/tmp/finn_dev_changhong/vivado_stitch_proj_6ygkx3ag/ip/verilog/rtl_ops/MVAU_hls_0/axilite.sv' already exists, -force is used to overwrite it
WARNING: [filemgmt 56-12] File '/tmp/finn_dev_changhong/vivado_stitch_proj_6ygkx3ag/ip/verilog/rtl_ops/MVAU_hls_0/axilite.sv' cannot be added to the project because it already exists in the project, skipping this file
# add_files -copy_to ./ip/verilog/rtl_ops/MVAU_hls_0 -force -norecurse /home/changhong/prj/finn_cli_fork/finn-rtllib/memstream/hdl/memstream_axi.sv
WARNING: [Vivado 12-3631] The destination file or directory '/tmp/finn_dev_changhong/vivado_stitch_proj_6ygkx3ag/ip/verilog/rtl_ops/MVAU_hls_0/memstream_axi.sv' already exists, -force is used to overwrite it
WARNING: [filemgmt 56-12] File '/tmp/finn_dev_changhong/vivado_stitch_proj_6ygkx3ag/ip/verilog/rtl_ops/MVAU_hls_0/memstream_axi.sv' cannot be added to the project because it already exists in the project, skipping this file
# add_files -copy_to ./ip/verilog/rtl_ops/MVAU_hls_0 -force -norecurse /home/changhong/prj/finn_cli_fork/finn-rtllib/memstream/hdl/memstream.sv
WARNING: [Vivado 12-3631] The destination file or directory '/tmp/finn_dev_changhong/vivado_stitch_proj_6ygkx3ag/ip/verilog/rtl_ops/MVAU_hls_0/memstream.sv' already exists, -force is used to overwrite it
WARNING: [filemgmt 56-12] File '/tmp/finn_dev_changhong/vivado_stitch_proj_6ygkx3ag/ip/verilog/rtl_ops/MVAU_hls_0/memstream.sv' cannot be added to the project because it already exists in the project, skipping this file
# update_compile_order -fileset sources_1
# create_bd_cell -type hier -reference MVAU_hls_0_rowlen_memstream_wrapper /MVAU_hls_0/MVAU_hls_0_wstrm_rowlen
INFO: [BD 41-1695] Exec TCL: Specified '-reference' and/or '-hier' option will be ignored while creating 'hier' cell 'MVAU_hls_0_wstrm_rowlen'.
INFO: [IP_Flow 19-5107] Inferred bus interface 'ap_clk' of definition 'xilinx.com:signal:clock:1.0' (from X_INTERFACE_INFO parameter from HDL file).
INFO: [IP_Flow 19-5107] Inferred bus interface 'ap_clk' of definition 'xilinx.com:signal:clock:1.0' (from 'X_INTERFACE_INFO' attribute).
INFO: [IP_Flow 19-5107] Inferred bus interface 'ap_clk2x' of definition 'xilinx.com:signal:clock:1.0' (from X_INTERFACE_INFO parameter from HDL file).
INFO: [IP_Flow 19-5107] Inferred bus interface 'ap_clk2x' of definition 'xilinx.com:signal:clock:1.0' (from 'X_INTERFACE_INFO' attribute).
INFO: [IP_Flow 19-5107] Inferred bus interface 'm_axis_0' of definition 'xilinx.com:interface:axis:1.0' (from Xilinx Repository).
INFO: [IP_Flow 19-5107] Inferred bus interface 's_axis_0' of definition 'xilinx.com:interface:axis:1.0' (from Xilinx Repository).
INFO: [IP_Flow 19-5107] Inferred bus interface 's_axilite' of definition 'xilinx.com:interface:aximm:1.0' (from Xilinx Repository).
INFO: [IP_Flow 19-5107] Inferred bus interface 'ap_rst_n' of definition 'xilinx.com:signal:reset:1.0' (from Xilinx Repository).
INFO: [IP_Flow 19-4728] Bus Interface 'ap_rst_n': Added interface parameter 'POLARITY' with value 'ACTIVE_LOW'.
INFO: [IP_Flow 19-4728] Bus Interface 'ap_clk': Added interface parameter 'ASSOCIATED_BUSIF' with value 's_axilite'.
INFO: [IP_Flow 19-4728] Bus Interface 'ap_clk': Added interface parameter 'ASSOCIATED_RESET' with value 'ap_rst_n'.
INFO: [IP_Flow 19-818] Not transferring value dependency attribute "(spirit:ceil(spirit:log(2,(spirit:decode(id('MODELPARAM_VALUE.DEPTH')) * (2 ** spirit:ceil(spirit:log(2,((spirit:decode(id('MODELPARAM_VALUE.WIDTH')) + 31) / 32))))))) + 2)" into user parameter "AXILITE_ADDR_WIDTH".
INFO: [IP_Flow 19-818] Not transferring value dependency attribute "((spirit:decode(id('MODELPARAM_VALUE.SETS')) > 2) ? spirit:ceil(spirit:log(2,spirit:decode(id('MODELPARAM_VALUE.SETS')))) : 1)" into user parameter "SET_BITS".
WARNING: [IP_Flow 19-5661] Bus Interface 'ap_clk2x' does not have any bus interfaces associated with it.
WARNING: [IP_Flow 19-3157] Bus Interface 'ap_rst_n': Bus parameter POLARITY is ACTIVE_LOW but port 'ap_rst_n' is not *resetn - please double check the POLARITY setting.
INFO: [IP_Flow 19-234] Refreshing IP repositories
INFO: [IP_Flow 19-1700] Loaded user IP repository '/home/changhong/prj/finn_cli_fork/finn-rtllib/memstream'.
INFO: [IP_Flow 19-1700] Loaded user IP repository '/tmp/finn_dev_changhong/code_gen_ipgen_StreamingFIFO_rtl_0_dkg4pesd'.
INFO: [IP_Flow 19-1700] Loaded user IP repository '/tmp/finn_dev_changhong/code_gen_ipgen_MVAU_hls_0_2m_dfsz2/project_MVAU_hls_0/sol1/impl/ip'.
INFO: [IP_Flow 19-1700] Loaded user IP repository '/tmp/finn_dev_changhong/code_gen_ipgen_StreamingFIFO_rtl_1_e81tgmyg'.
INFO: [IP_Flow 19-1700] Loaded user IP repository '/tmp/finn_dev_changhong/code_gen_ipgen_MVAU_hls_1_buxdqq4q/project_MVAU_hls_1/sol1/impl/ip'.
INFO: [IP_Flow 19-1700] Loaded user IP repository '/tmp/finn_dev_changhong/code_gen_ipgen_StreamingFIFO_rtl_2_k5_fkpn0'.
INFO: [IP_Flow 19-1700] Loaded user IP repository '/tmp/finn_dev_changhong/code_gen_ipgen_MVAU_hls_2_77y5pwt9/project_MVAU_hls_2/sol1/impl/ip'.
INFO: [IP_Flow 19-1700] Loaded user IP repository '/tmp/finn_dev_changhong/code_gen_ipgen_StreamingFIFO_rtl_3_4n61fioa'.
INFO: [IP_Flow 19-1700] Loaded user IP repository '/tmp/finn_dev_changhong/code_gen_ipgen_MVAU_hls_3_bvw1qno4/project_MVAU_hls_3/sol1/impl/ip'.
INFO: [IP_Flow 19-1700] Loaded user IP repository '/tmp/finn_dev_changhong/code_gen_ipgen_StreamingFIFO_rtl_4_ijevs4o7'.
# connect_bd_net [get_bd_pins /MVAU_hls_0/ap_clk] [get_bd_pins /MVAU_hls_0/MVAU_hls_0_wstrm_rowlen/ap_clk]
# connect_bd_net [get_bd_pins /MVAU_hls_0/ap_rst_n] [get_bd_pins /MVAU_hls_0/MVAU_hls_0_wstrm_rowlen/ap_rst_n]
# connect_bd_net [get_bd_pins /MVAU_hls_0/ap_clk] [get_bd_pins /MVAU_hls_0/MVAU_hls_0_wstrm_rowlen/ap_clk2x]
# connect_bd_intf_net [get_bd_intf_pins /MVAU_hls_0/MVAU_hls_0_wstrm_rowlen/m_axis_0] [get_bd_intf_pins /MVAU_hls_0/MVAU_hls_0/rowlen_V]
# if {![llength [get_bd_intf_pins -quiet /MVAU_hls_0/s_axilite_sfidx]]} { create_bd_intf_pin -mode Slave -vlnv xilinx.com:interface:aximm_rtl:1.0 /MVAU_hls_0/s_axilite_sfidx }
# connect_bd_intf_net [get_bd_intf_pins /MVAU_hls_0/s_axilite_sfidx] [get_bd_intf_pins /MVAU_hls_0/MVAU_hls_0_wstrm_sfidx/s_axilite]
# if {![llength [get_bd_intf_pins -quiet /MVAU_hls_0/s_axilite_val]]} { create_bd_intf_pin -mode Slave -vlnv xilinx.com:interface:aximm_rtl:1.0 /MVAU_hls_0/s_axilite_val }
# connect_bd_intf_net [get_bd_intf_pins /MVAU_hls_0/s_axilite_val] [get_bd_intf_pins /MVAU_hls_0/MVAU_hls_0_wstrm_val/s_axilite]
# if {![llength [get_bd_intf_pins -quiet /MVAU_hls_0/s_axilite_mask]]} { create_bd_intf_pin -mode Slave -vlnv xilinx.com:interface:aximm_rtl:1.0 /MVAU_hls_0/s_axilite_mask }
# connect_bd_intf_net [get_bd_intf_pins /MVAU_hls_0/s_axilite_mask] [get_bd_intf_pins /MVAU_hls_0/MVAU_hls_0_wstrm_mask/s_axilite]
# if {![llength [get_bd_intf_pins -quiet /MVAU_hls_0/s_axilite_rowlen]]} { create_bd_intf_pin -mode Slave -vlnv xilinx.com:interface:aximm_rtl:1.0 /MVAU_hls_0/s_axilite_rowlen }
# connect_bd_intf_net [get_bd_intf_pins /MVAU_hls_0/s_axilite_rowlen] [get_bd_intf_pins /MVAU_hls_0/MVAU_hls_0_wstrm_rowlen/s_axilite]
# assign_bd_address
# save_bd_design
Wrote  : </tmp/finn_dev_changhong/vivado_stitch_proj_6ygkx3ag/finn_vivado_stitch_proj.srcs/sources_1/bd/finn_design/finn_design.bd> 
# add_files -norecurse /tmp/finn_dev_changhong/code_gen_ipgen_StreamingFIFO_rtl_1_e81tgmyg/Q_srl.v
# add_files -norecurse /tmp/finn_dev_changhong/code_gen_ipgen_StreamingFIFO_rtl_1_e81tgmyg/StreamingFIFO_rtl_1.v
# create_bd_cell -type module -reference StreamingFIFO_rtl_1 StreamingFIFO_rtl_1
INFO: [IP_Flow 19-5107] Inferred bus interface 'ap_clk' of definition 'xilinx.com:signal:clock:1.0' (from X_INTERFACE_INFO parameter from HDL file).
INFO: [IP_Flow 19-5107] Inferred bus interface 'ap_clk' of definition 'xilinx.com:signal:clock:1.0' (from 'X_INTERFACE_INFO' attribute).
INFO: [IP_Flow 19-5107] Inferred bus interface 'in0_V' of definition 'xilinx.com:interface:axis:1.0' (from Xilinx Repository).
INFO: [IP_Flow 19-5107] Inferred bus interface 'out0_V' of definition 'xilinx.com:interface:axis:1.0' (from Xilinx Repository).
INFO: [IP_Flow 19-5107] Inferred bus interface 'ap_rst_n' of definition 'xilinx.com:signal:reset:1.0' (from Xilinx Repository).
INFO: [IP_Flow 19-4728] Bus Interface 'ap_rst_n': Added interface parameter 'POLARITY' with value 'ACTIVE_LOW'.
INFO: [IP_Flow 19-4728] Bus Interface 'ap_clk': Added interface parameter 'ASSOCIATED_RESET' with value 'ap_rst_n'.
INFO: [IP_Flow 19-4728] Bus Interface 'ap_clk': Added interface parameter 'ASSOCIATED_BUSIF' with value 'in0_V'.
WARNING: [IP_Flow 19-3157] Bus Interface 'ap_rst_n': Bus parameter POLARITY is ACTIVE_LOW but port 'ap_rst_n' is not *resetn - please double check the POLARITY setting.
INFO: [IP_Flow 19-234] Refreshing IP repositories
INFO: [IP_Flow 19-1700] Loaded user IP repository '/home/changhong/prj/finn_cli_fork/finn-rtllib/memstream'.
INFO: [IP_Flow 19-1700] Loaded user IP repository '/tmp/finn_dev_changhong/code_gen_ipgen_StreamingFIFO_rtl_0_dkg4pesd'.
INFO: [IP_Flow 19-1700] Loaded user IP repository '/tmp/finn_dev_changhong/code_gen_ipgen_MVAU_hls_0_2m_dfsz2/project_MVAU_hls_0/sol1/impl/ip'.
INFO: [IP_Flow 19-1700] Loaded user IP repository '/tmp/finn_dev_changhong/code_gen_ipgen_StreamingFIFO_rtl_1_e81tgmyg'.
INFO: [IP_Flow 19-1700] Loaded user IP repository '/tmp/finn_dev_changhong/code_gen_ipgen_MVAU_hls_1_buxdqq4q/project_MVAU_hls_1/sol1/impl/ip'.
INFO: [IP_Flow 19-1700] Loaded user IP repository '/tmp/finn_dev_changhong/code_gen_ipgen_StreamingFIFO_rtl_2_k5_fkpn0'.
INFO: [IP_Flow 19-1700] Loaded user IP repository '/tmp/finn_dev_changhong/code_gen_ipgen_MVAU_hls_2_77y5pwt9/project_MVAU_hls_2/sol1/impl/ip'.
INFO: [IP_Flow 19-1700] Loaded user IP repository '/tmp/finn_dev_changhong/code_gen_ipgen_StreamingFIFO_rtl_3_4n61fioa'.
INFO: [IP_Flow 19-1700] Loaded user IP repository '/tmp/finn_dev_changhong/code_gen_ipgen_MVAU_hls_3_bvw1qno4/project_MVAU_hls_3/sol1/impl/ip'.
INFO: [IP_Flow 19-1700] Loaded user IP repository '/tmp/finn_dev_changhong/code_gen_ipgen_StreamingFIFO_rtl_4_ijevs4o7'.
# if {[catch {current_bd_design} _cur_bd]} { set _cur_bd "" }
# if {$_cur_bd eq ""} { create_bd_design "finn_design" }
# file mkdir ./ip/verilog/rtl_ops/MVAU_hls_1
# if {![llength [get_bd_cells -quiet /MVAU_hls_1]]} { create_bd_cell -type hier MVAU_hls_1 }
# if {![llength [get_bd_pins -quiet /MVAU_hls_1/ap_clk]]} { create_bd_pin -dir I -type clk /MVAU_hls_1/ap_clk }
# if {![llength [get_bd_pins -quiet /MVAU_hls_1/ap_rst_n]]} { create_bd_pin -dir I -type rst /MVAU_hls_1/ap_rst_n }
# if {![llength [get_bd_intf_pins -quiet /MVAU_hls_1/out0_V]]} {   create_bd_intf_pin -mode Master -vlnv xilinx.com:interface:axis_rtl:1.0 /MVAU_hls_1/out0_V }
# if {![llength [get_bd_intf_pins -quiet /MVAU_hls_1/in0_V]]} {   create_bd_intf_pin -mode Slave  -vlnv xilinx.com:interface:axis_rtl:1.0 /MVAU_hls_1/in0_V }
# if {![llength [get_bd_cells -quiet /MVAU_hls_1/MVAU_hls_1]]} {   set _defs [get_ipdefs -all -filter "VLNV =~ xilinx.com:hls:MVAU_hls_1:*"];   if {[llength $_defs]} { create_bd_cell -type ip -vlnv [lindex $_defs 0] /MVAU_hls_1/MVAU_hls_1 }   else { error {HLS IP xilinx.com:hls:MVAU_hls_1:* not found} } }
# if {[llength [get_bd_pins -quiet /MVAU_hls_1/MVAU_hls_1/ap_rst_n]]} { connect_bd_net [get_bd_pins /MVAU_hls_1/ap_rst_n] [get_bd_pins /MVAU_hls_1/MVAU_hls_1/ap_rst_n] }
# if {[llength [get_bd_pins -quiet /MVAU_hls_1/MVAU_hls_1/ap_clk]]} { connect_bd_net [get_bd_pins /MVAU_hls_1/ap_clk] [get_bd_pins /MVAU_hls_1/MVAU_hls_1/ap_clk] }
# if {[llength [get_bd_intf_pins -quiet /MVAU_hls_1/MVAU_hls_1/in0_V]]} { connect_bd_intf_net [get_bd_intf_pins /MVAU_hls_1/in0_V] [get_bd_intf_pins /MVAU_hls_1/MVAU_hls_1/in0_V] }
# if {[llength [get_bd_intf_pins -quiet /MVAU_hls_1/MVAU_hls_1/out0_V]]} { connect_bd_intf_net [get_bd_intf_pins /MVAU_hls_1/out0_V] [get_bd_intf_pins /MVAU_hls_1/MVAU_hls_1/out0_V] }
# add_files -copy_to ./ip/verilog/rtl_ops/MVAU_hls_1 -force -norecurse /tmp/finn_dev_changhong/code_gen_ipgen_MVAU_hls_1_buxdqq4q/MVAU_hls_1_sfidx_memstream_wrapper.v
# add_files -copy_to ./ip/verilog/rtl_ops/MVAU_hls_1 -force -norecurse /home/changhong/prj/finn_cli_fork/finn-rtllib/axi/hdl/axilite.sv
# add_files -copy_to ./ip/verilog/rtl_ops/MVAU_hls_1 -force -norecurse /home/changhong/prj/finn_cli_fork/finn-rtllib/memstream/hdl/memstream_axi.sv
# add_files -copy_to ./ip/verilog/rtl_ops/MVAU_hls_1 -force -norecurse /home/changhong/prj/finn_cli_fork/finn-rtllib/memstream/hdl/memstream.sv
# update_compile_order -fileset sources_1
# create_bd_cell -type hier -reference MVAU_hls_1_sfidx_memstream_wrapper /MVAU_hls_1/MVAU_hls_1_wstrm_sfidx
INFO: [BD 41-1695] Exec TCL: Specified '-reference' and/or '-hier' option will be ignored while creating 'hier' cell 'MVAU_hls_1_wstrm_sfidx'.
INFO: [IP_Flow 19-5107] Inferred bus interface 'ap_clk' of definition 'xilinx.com:signal:clock:1.0' (from X_INTERFACE_INFO parameter from HDL file).
INFO: [IP_Flow 19-5107] Inferred bus interface 'ap_clk' of definition 'xilinx.com:signal:clock:1.0' (from 'X_INTERFACE_INFO' attribute).
INFO: [IP_Flow 19-5107] Inferred bus interface 'ap_clk2x' of definition 'xilinx.com:signal:clock:1.0' (from X_INTERFACE_INFO parameter from HDL file).
INFO: [IP_Flow 19-5107] Inferred bus interface 'ap_clk2x' of definition 'xilinx.com:signal:clock:1.0' (from 'X_INTERFACE_INFO' attribute).
INFO: [IP_Flow 19-5107] Inferred bus interface 'm_axis_0' of definition 'xilinx.com:interface:axis:1.0' (from Xilinx Repository).
INFO: [IP_Flow 19-5107] Inferred bus interface 's_axis_0' of definition 'xilinx.com:interface:axis:1.0' (from Xilinx Repository).
INFO: [IP_Flow 19-5107] Inferred bus interface 's_axilite' of definition 'xilinx.com:interface:aximm:1.0' (from Xilinx Repository).
INFO: [IP_Flow 19-5107] Inferred bus interface 'ap_rst_n' of definition 'xilinx.com:signal:reset:1.0' (from Xilinx Repository).
INFO: [IP_Flow 19-4728] Bus Interface 'ap_rst_n': Added interface parameter 'POLARITY' with value 'ACTIVE_LOW'.
INFO: [IP_Flow 19-4728] Bus Interface 'ap_clk': Added interface parameter 'ASSOCIATED_BUSIF' with value 's_axilite'.
INFO: [IP_Flow 19-4728] Bus Interface 'ap_clk': Added interface parameter 'ASSOCIATED_RESET' with value 'ap_rst_n'.
INFO: [IP_Flow 19-818] Not transferring value dependency attribute "(spirit:ceil(spirit:log(2,(spirit:decode(id('MODELPARAM_VALUE.DEPTH')) * (2 ** spirit:ceil(spirit:log(2,((spirit:decode(id('MODELPARAM_VALUE.WIDTH')) + 31) / 32))))))) + 2)" into user parameter "AXILITE_ADDR_WIDTH".
INFO: [IP_Flow 19-818] Not transferring value dependency attribute "((spirit:decode(id('MODELPARAM_VALUE.SETS')) > 2) ? spirit:ceil(spirit:log(2,spirit:decode(id('MODELPARAM_VALUE.SETS')))) : 1)" into user parameter "SET_BITS".
WARNING: [IP_Flow 19-5661] Bus Interface 'ap_clk2x' does not have any bus interfaces associated with it.
WARNING: [IP_Flow 19-3157] Bus Interface 'ap_rst_n': Bus parameter POLARITY is ACTIVE_LOW but port 'ap_rst_n' is not *resetn - please double check the POLARITY setting.
INFO: [IP_Flow 19-234] Refreshing IP repositories
INFO: [IP_Flow 19-1700] Loaded user IP repository '/home/changhong/prj/finn_cli_fork/finn-rtllib/memstream'.
INFO: [IP_Flow 19-1700] Loaded user IP repository '/tmp/finn_dev_changhong/code_gen_ipgen_StreamingFIFO_rtl_0_dkg4pesd'.
INFO: [IP_Flow 19-1700] Loaded user IP repository '/tmp/finn_dev_changhong/code_gen_ipgen_MVAU_hls_0_2m_dfsz2/project_MVAU_hls_0/sol1/impl/ip'.
INFO: [IP_Flow 19-1700] Loaded user IP repository '/tmp/finn_dev_changhong/code_gen_ipgen_StreamingFIFO_rtl_1_e81tgmyg'.
INFO: [IP_Flow 19-1700] Loaded user IP repository '/tmp/finn_dev_changhong/code_gen_ipgen_MVAU_hls_1_buxdqq4q/project_MVAU_hls_1/sol1/impl/ip'.
INFO: [IP_Flow 19-1700] Loaded user IP repository '/tmp/finn_dev_changhong/code_gen_ipgen_StreamingFIFO_rtl_2_k5_fkpn0'.
INFO: [IP_Flow 19-1700] Loaded user IP repository '/tmp/finn_dev_changhong/code_gen_ipgen_MVAU_hls_2_77y5pwt9/project_MVAU_hls_2/sol1/impl/ip'.
INFO: [IP_Flow 19-1700] Loaded user IP repository '/tmp/finn_dev_changhong/code_gen_ipgen_StreamingFIFO_rtl_3_4n61fioa'.
INFO: [IP_Flow 19-1700] Loaded user IP repository '/tmp/finn_dev_changhong/code_gen_ipgen_MVAU_hls_3_bvw1qno4/project_MVAU_hls_3/sol1/impl/ip'.
INFO: [IP_Flow 19-1700] Loaded user IP repository '/tmp/finn_dev_changhong/code_gen_ipgen_StreamingFIFO_rtl_4_ijevs4o7'.
# connect_bd_net [get_bd_pins /MVAU_hls_1/ap_clk] [get_bd_pins /MVAU_hls_1/MVAU_hls_1_wstrm_sfidx/ap_clk]
# connect_bd_net [get_bd_pins /MVAU_hls_1/ap_rst_n] [get_bd_pins /MVAU_hls_1/MVAU_hls_1_wstrm_sfidx/ap_rst_n]
# connect_bd_net [get_bd_pins /MVAU_hls_1/ap_clk] [get_bd_pins /MVAU_hls_1/MVAU_hls_1_wstrm_sfidx/ap_clk2x]
# connect_bd_intf_net [get_bd_intf_pins /MVAU_hls_1/MVAU_hls_1_wstrm_sfidx/m_axis_0] [get_bd_intf_pins /MVAU_hls_1/MVAU_hls_1/sfidx_V]
# add_files -copy_to ./ip/verilog/rtl_ops/MVAU_hls_1 -force -norecurse /tmp/finn_dev_changhong/code_gen_ipgen_MVAU_hls_1_buxdqq4q/MVAU_hls_1_val_memstream_wrapper.v
# add_files -copy_to ./ip/verilog/rtl_ops/MVAU_hls_1 -force -norecurse /home/changhong/prj/finn_cli_fork/finn-rtllib/axi/hdl/axilite.sv
WARNING: [Vivado 12-3631] The destination file or directory '/tmp/finn_dev_changhong/vivado_stitch_proj_6ygkx3ag/ip/verilog/rtl_ops/MVAU_hls_1/axilite.sv' already exists, -force is used to overwrite it
WARNING: [filemgmt 56-12] File '/tmp/finn_dev_changhong/vivado_stitch_proj_6ygkx3ag/ip/verilog/rtl_ops/MVAU_hls_1/axilite.sv' cannot be added to the project because it already exists in the project, skipping this file
# add_files -copy_to ./ip/verilog/rtl_ops/MVAU_hls_1 -force -norecurse /home/changhong/prj/finn_cli_fork/finn-rtllib/memstream/hdl/memstream_axi.sv
WARNING: [Vivado 12-3631] The destination file or directory '/tmp/finn_dev_changhong/vivado_stitch_proj_6ygkx3ag/ip/verilog/rtl_ops/MVAU_hls_1/memstream_axi.sv' already exists, -force is used to overwrite it
WARNING: [filemgmt 56-12] File '/tmp/finn_dev_changhong/vivado_stitch_proj_6ygkx3ag/ip/verilog/rtl_ops/MVAU_hls_1/memstream_axi.sv' cannot be added to the project because it already exists in the project, skipping this file
# add_files -copy_to ./ip/verilog/rtl_ops/MVAU_hls_1 -force -norecurse /home/changhong/prj/finn_cli_fork/finn-rtllib/memstream/hdl/memstream.sv
WARNING: [Vivado 12-3631] The destination file or directory '/tmp/finn_dev_changhong/vivado_stitch_proj_6ygkx3ag/ip/verilog/rtl_ops/MVAU_hls_1/memstream.sv' already exists, -force is used to overwrite it
WARNING: [filemgmt 56-12] File '/tmp/finn_dev_changhong/vivado_stitch_proj_6ygkx3ag/ip/verilog/rtl_ops/MVAU_hls_1/memstream.sv' cannot be added to the project because it already exists in the project, skipping this file
# update_compile_order -fileset sources_1
# create_bd_cell -type hier -reference MVAU_hls_1_val_memstream_wrapper /MVAU_hls_1/MVAU_hls_1_wstrm_val
INFO: [BD 41-1695] Exec TCL: Specified '-reference' and/or '-hier' option will be ignored while creating 'hier' cell 'MVAU_hls_1_wstrm_val'.
INFO: [IP_Flow 19-5107] Inferred bus interface 'ap_clk' of definition 'xilinx.com:signal:clock:1.0' (from X_INTERFACE_INFO parameter from HDL file).
INFO: [IP_Flow 19-5107] Inferred bus interface 'ap_clk' of definition 'xilinx.com:signal:clock:1.0' (from 'X_INTERFACE_INFO' attribute).
INFO: [IP_Flow 19-5107] Inferred bus interface 'ap_clk2x' of definition 'xilinx.com:signal:clock:1.0' (from X_INTERFACE_INFO parameter from HDL file).
INFO: [IP_Flow 19-5107] Inferred bus interface 'ap_clk2x' of definition 'xilinx.com:signal:clock:1.0' (from 'X_INTERFACE_INFO' attribute).
INFO: [IP_Flow 19-5107] Inferred bus interface 'm_axis_0' of definition 'xilinx.com:interface:axis:1.0' (from Xilinx Repository).
INFO: [IP_Flow 19-5107] Inferred bus interface 's_axis_0' of definition 'xilinx.com:interface:axis:1.0' (from Xilinx Repository).
INFO: [IP_Flow 19-5107] Inferred bus interface 's_axilite' of definition 'xilinx.com:interface:aximm:1.0' (from Xilinx Repository).
INFO: [IP_Flow 19-5107] Inferred bus interface 'ap_rst_n' of definition 'xilinx.com:signal:reset:1.0' (from Xilinx Repository).
INFO: [IP_Flow 19-4728] Bus Interface 'ap_rst_n': Added interface parameter 'POLARITY' with value 'ACTIVE_LOW'.
INFO: [IP_Flow 19-4728] Bus Interface 'ap_clk': Added interface parameter 'ASSOCIATED_BUSIF' with value 's_axilite'.
INFO: [IP_Flow 19-4728] Bus Interface 'ap_clk': Added interface parameter 'ASSOCIATED_RESET' with value 'ap_rst_n'.
INFO: [IP_Flow 19-818] Not transferring value dependency attribute "(spirit:ceil(spirit:log(2,(spirit:decode(id('MODELPARAM_VALUE.DEPTH')) * (2 ** spirit:ceil(spirit:log(2,((spirit:decode(id('MODELPARAM_VALUE.WIDTH')) + 31) / 32))))))) + 2)" into user parameter "AXILITE_ADDR_WIDTH".
INFO: [IP_Flow 19-818] Not transferring value dependency attribute "((spirit:decode(id('MODELPARAM_VALUE.SETS')) > 2) ? spirit:ceil(spirit:log(2,spirit:decode(id('MODELPARAM_VALUE.SETS')))) : 1)" into user parameter "SET_BITS".
WARNING: [IP_Flow 19-5661] Bus Interface 'ap_clk2x' does not have any bus interfaces associated with it.
WARNING: [IP_Flow 19-3157] Bus Interface 'ap_rst_n': Bus parameter POLARITY is ACTIVE_LOW but port 'ap_rst_n' is not *resetn - please double check the POLARITY setting.
INFO: [IP_Flow 19-234] Refreshing IP repositories
INFO: [IP_Flow 19-1700] Loaded user IP repository '/home/changhong/prj/finn_cli_fork/finn-rtllib/memstream'.
INFO: [IP_Flow 19-1700] Loaded user IP repository '/tmp/finn_dev_changhong/code_gen_ipgen_StreamingFIFO_rtl_0_dkg4pesd'.
INFO: [IP_Flow 19-1700] Loaded user IP repository '/tmp/finn_dev_changhong/code_gen_ipgen_MVAU_hls_0_2m_dfsz2/project_MVAU_hls_0/sol1/impl/ip'.
INFO: [IP_Flow 19-1700] Loaded user IP repository '/tmp/finn_dev_changhong/code_gen_ipgen_StreamingFIFO_rtl_1_e81tgmyg'.
INFO: [IP_Flow 19-1700] Loaded user IP repository '/tmp/finn_dev_changhong/code_gen_ipgen_MVAU_hls_1_buxdqq4q/project_MVAU_hls_1/sol1/impl/ip'.
INFO: [IP_Flow 19-1700] Loaded user IP repository '/tmp/finn_dev_changhong/code_gen_ipgen_StreamingFIFO_rtl_2_k5_fkpn0'.
INFO: [IP_Flow 19-1700] Loaded user IP repository '/tmp/finn_dev_changhong/code_gen_ipgen_MVAU_hls_2_77y5pwt9/project_MVAU_hls_2/sol1/impl/ip'.
INFO: [IP_Flow 19-1700] Loaded user IP repository '/tmp/finn_dev_changhong/code_gen_ipgen_StreamingFIFO_rtl_3_4n61fioa'.
INFO: [IP_Flow 19-1700] Loaded user IP repository '/tmp/finn_dev_changhong/code_gen_ipgen_MVAU_hls_3_bvw1qno4/project_MVAU_hls_3/sol1/impl/ip'.
INFO: [IP_Flow 19-1700] Loaded user IP repository '/tmp/finn_dev_changhong/code_gen_ipgen_StreamingFIFO_rtl_4_ijevs4o7'.
# connect_bd_net [get_bd_pins /MVAU_hls_1/ap_clk] [get_bd_pins /MVAU_hls_1/MVAU_hls_1_wstrm_val/ap_clk]
# connect_bd_net [get_bd_pins /MVAU_hls_1/ap_rst_n] [get_bd_pins /MVAU_hls_1/MVAU_hls_1_wstrm_val/ap_rst_n]
# connect_bd_net [get_bd_pins /MVAU_hls_1/ap_clk] [get_bd_pins /MVAU_hls_1/MVAU_hls_1_wstrm_val/ap_clk2x]
# connect_bd_intf_net [get_bd_intf_pins /MVAU_hls_1/MVAU_hls_1_wstrm_val/m_axis_0] [get_bd_intf_pins /MVAU_hls_1/MVAU_hls_1/val_V]
# add_files -copy_to ./ip/verilog/rtl_ops/MVAU_hls_1 -force -norecurse /tmp/finn_dev_changhong/code_gen_ipgen_MVAU_hls_1_buxdqq4q/MVAU_hls_1_mask_memstream_wrapper.v
# add_files -copy_to ./ip/verilog/rtl_ops/MVAU_hls_1 -force -norecurse /home/changhong/prj/finn_cli_fork/finn-rtllib/axi/hdl/axilite.sv
WARNING: [Vivado 12-3631] The destination file or directory '/tmp/finn_dev_changhong/vivado_stitch_proj_6ygkx3ag/ip/verilog/rtl_ops/MVAU_hls_1/axilite.sv' already exists, -force is used to overwrite it
WARNING: [filemgmt 56-12] File '/tmp/finn_dev_changhong/vivado_stitch_proj_6ygkx3ag/ip/verilog/rtl_ops/MVAU_hls_1/axilite.sv' cannot be added to the project because it already exists in the project, skipping this file
# add_files -copy_to ./ip/verilog/rtl_ops/MVAU_hls_1 -force -norecurse /home/changhong/prj/finn_cli_fork/finn-rtllib/memstream/hdl/memstream_axi.sv
WARNING: [Vivado 12-3631] The destination file or directory '/tmp/finn_dev_changhong/vivado_stitch_proj_6ygkx3ag/ip/verilog/rtl_ops/MVAU_hls_1/memstream_axi.sv' already exists, -force is used to overwrite it
WARNING: [filemgmt 56-12] File '/tmp/finn_dev_changhong/vivado_stitch_proj_6ygkx3ag/ip/verilog/rtl_ops/MVAU_hls_1/memstream_axi.sv' cannot be added to the project because it already exists in the project, skipping this file
# add_files -copy_to ./ip/verilog/rtl_ops/MVAU_hls_1 -force -norecurse /home/changhong/prj/finn_cli_fork/finn-rtllib/memstream/hdl/memstream.sv
WARNING: [Vivado 12-3631] The destination file or directory '/tmp/finn_dev_changhong/vivado_stitch_proj_6ygkx3ag/ip/verilog/rtl_ops/MVAU_hls_1/memstream.sv' already exists, -force is used to overwrite it
WARNING: [filemgmt 56-12] File '/tmp/finn_dev_changhong/vivado_stitch_proj_6ygkx3ag/ip/verilog/rtl_ops/MVAU_hls_1/memstream.sv' cannot be added to the project because it already exists in the project, skipping this file
# update_compile_order -fileset sources_1
# create_bd_cell -type hier -reference MVAU_hls_1_mask_memstream_wrapper /MVAU_hls_1/MVAU_hls_1_wstrm_mask
INFO: [BD 41-1695] Exec TCL: Specified '-reference' and/or '-hier' option will be ignored while creating 'hier' cell 'MVAU_hls_1_wstrm_mask'.
INFO: [IP_Flow 19-5107] Inferred bus interface 'ap_clk' of definition 'xilinx.com:signal:clock:1.0' (from X_INTERFACE_INFO parameter from HDL file).
INFO: [IP_Flow 19-5107] Inferred bus interface 'ap_clk' of definition 'xilinx.com:signal:clock:1.0' (from 'X_INTERFACE_INFO' attribute).
INFO: [IP_Flow 19-5107] Inferred bus interface 'ap_clk2x' of definition 'xilinx.com:signal:clock:1.0' (from X_INTERFACE_INFO parameter from HDL file).
INFO: [IP_Flow 19-5107] Inferred bus interface 'ap_clk2x' of definition 'xilinx.com:signal:clock:1.0' (from 'X_INTERFACE_INFO' attribute).
INFO: [IP_Flow 19-5107] Inferred bus interface 'm_axis_0' of definition 'xilinx.com:interface:axis:1.0' (from Xilinx Repository).
INFO: [IP_Flow 19-5107] Inferred bus interface 's_axis_0' of definition 'xilinx.com:interface:axis:1.0' (from Xilinx Repository).
INFO: [IP_Flow 19-5107] Inferred bus interface 's_axilite' of definition 'xilinx.com:interface:aximm:1.0' (from Xilinx Repository).
INFO: [IP_Flow 19-5107] Inferred bus interface 'ap_rst_n' of definition 'xilinx.com:signal:reset:1.0' (from Xilinx Repository).
INFO: [IP_Flow 19-4728] Bus Interface 'ap_rst_n': Added interface parameter 'POLARITY' with value 'ACTIVE_LOW'.
INFO: [IP_Flow 19-4728] Bus Interface 'ap_clk': Added interface parameter 'ASSOCIATED_BUSIF' with value 's_axilite'.
INFO: [IP_Flow 19-4728] Bus Interface 'ap_clk': Added interface parameter 'ASSOCIATED_RESET' with value 'ap_rst_n'.
INFO: [IP_Flow 19-818] Not transferring value dependency attribute "(spirit:ceil(spirit:log(2,(spirit:decode(id('MODELPARAM_VALUE.DEPTH')) * (2 ** spirit:ceil(spirit:log(2,((spirit:decode(id('MODELPARAM_VALUE.WIDTH')) + 31) / 32))))))) + 2)" into user parameter "AXILITE_ADDR_WIDTH".
INFO: [IP_Flow 19-818] Not transferring value dependency attribute "((spirit:decode(id('MODELPARAM_VALUE.SETS')) > 2) ? spirit:ceil(spirit:log(2,spirit:decode(id('MODELPARAM_VALUE.SETS')))) : 1)" into user parameter "SET_BITS".
WARNING: [IP_Flow 19-5661] Bus Interface 'ap_clk2x' does not have any bus interfaces associated with it.
WARNING: [IP_Flow 19-3157] Bus Interface 'ap_rst_n': Bus parameter POLARITY is ACTIVE_LOW but port 'ap_rst_n' is not *resetn - please double check the POLARITY setting.
INFO: [IP_Flow 19-234] Refreshing IP repositories
INFO: [IP_Flow 19-1700] Loaded user IP repository '/home/changhong/prj/finn_cli_fork/finn-rtllib/memstream'.
INFO: [IP_Flow 19-1700] Loaded user IP repository '/tmp/finn_dev_changhong/code_gen_ipgen_StreamingFIFO_rtl_0_dkg4pesd'.
INFO: [IP_Flow 19-1700] Loaded user IP repository '/tmp/finn_dev_changhong/code_gen_ipgen_MVAU_hls_0_2m_dfsz2/project_MVAU_hls_0/sol1/impl/ip'.
INFO: [IP_Flow 19-1700] Loaded user IP repository '/tmp/finn_dev_changhong/code_gen_ipgen_StreamingFIFO_rtl_1_e81tgmyg'.
INFO: [IP_Flow 19-1700] Loaded user IP repository '/tmp/finn_dev_changhong/code_gen_ipgen_MVAU_hls_1_buxdqq4q/project_MVAU_hls_1/sol1/impl/ip'.
INFO: [IP_Flow 19-1700] Loaded user IP repository '/tmp/finn_dev_changhong/code_gen_ipgen_StreamingFIFO_rtl_2_k5_fkpn0'.
INFO: [IP_Flow 19-1700] Loaded user IP repository '/tmp/finn_dev_changhong/code_gen_ipgen_MVAU_hls_2_77y5pwt9/project_MVAU_hls_2/sol1/impl/ip'.
INFO: [IP_Flow 19-1700] Loaded user IP repository '/tmp/finn_dev_changhong/code_gen_ipgen_StreamingFIFO_rtl_3_4n61fioa'.
INFO: [IP_Flow 19-1700] Loaded user IP repository '/tmp/finn_dev_changhong/code_gen_ipgen_MVAU_hls_3_bvw1qno4/project_MVAU_hls_3/sol1/impl/ip'.
INFO: [IP_Flow 19-1700] Loaded user IP repository '/tmp/finn_dev_changhong/code_gen_ipgen_StreamingFIFO_rtl_4_ijevs4o7'.
# connect_bd_net [get_bd_pins /MVAU_hls_1/ap_clk] [get_bd_pins /MVAU_hls_1/MVAU_hls_1_wstrm_mask/ap_clk]
# connect_bd_net [get_bd_pins /MVAU_hls_1/ap_rst_n] [get_bd_pins /MVAU_hls_1/MVAU_hls_1_wstrm_mask/ap_rst_n]
# connect_bd_net [get_bd_pins /MVAU_hls_1/ap_clk] [get_bd_pins /MVAU_hls_1/MVAU_hls_1_wstrm_mask/ap_clk2x]
# connect_bd_intf_net [get_bd_intf_pins /MVAU_hls_1/MVAU_hls_1_wstrm_mask/m_axis_0] [get_bd_intf_pins /MVAU_hls_1/MVAU_hls_1/mask_V]
# add_files -copy_to ./ip/verilog/rtl_ops/MVAU_hls_1 -force -norecurse /tmp/finn_dev_changhong/code_gen_ipgen_MVAU_hls_1_buxdqq4q/MVAU_hls_1_rowlen_memstream_wrapper.v
# add_files -copy_to ./ip/verilog/rtl_ops/MVAU_hls_1 -force -norecurse /home/changhong/prj/finn_cli_fork/finn-rtllib/axi/hdl/axilite.sv
WARNING: [Vivado 12-3631] The destination file or directory '/tmp/finn_dev_changhong/vivado_stitch_proj_6ygkx3ag/ip/verilog/rtl_ops/MVAU_hls_1/axilite.sv' already exists, -force is used to overwrite it
WARNING: [filemgmt 56-12] File '/tmp/finn_dev_changhong/vivado_stitch_proj_6ygkx3ag/ip/verilog/rtl_ops/MVAU_hls_1/axilite.sv' cannot be added to the project because it already exists in the project, skipping this file
# add_files -copy_to ./ip/verilog/rtl_ops/MVAU_hls_1 -force -norecurse /home/changhong/prj/finn_cli_fork/finn-rtllib/memstream/hdl/memstream_axi.sv
WARNING: [Vivado 12-3631] The destination file or directory '/tmp/finn_dev_changhong/vivado_stitch_proj_6ygkx3ag/ip/verilog/rtl_ops/MVAU_hls_1/memstream_axi.sv' already exists, -force is used to overwrite it
WARNING: [filemgmt 56-12] File '/tmp/finn_dev_changhong/vivado_stitch_proj_6ygkx3ag/ip/verilog/rtl_ops/MVAU_hls_1/memstream_axi.sv' cannot be added to the project because it already exists in the project, skipping this file
# add_files -copy_to ./ip/verilog/rtl_ops/MVAU_hls_1 -force -norecurse /home/changhong/prj/finn_cli_fork/finn-rtllib/memstream/hdl/memstream.sv
WARNING: [Vivado 12-3631] The destination file or directory '/tmp/finn_dev_changhong/vivado_stitch_proj_6ygkx3ag/ip/verilog/rtl_ops/MVAU_hls_1/memstream.sv' already exists, -force is used to overwrite it
WARNING: [filemgmt 56-12] File '/tmp/finn_dev_changhong/vivado_stitch_proj_6ygkx3ag/ip/verilog/rtl_ops/MVAU_hls_1/memstream.sv' cannot be added to the project because it already exists in the project, skipping this file
# update_compile_order -fileset sources_1
# create_bd_cell -type hier -reference MVAU_hls_1_rowlen_memstream_wrapper /MVAU_hls_1/MVAU_hls_1_wstrm_rowlen
INFO: [BD 41-1695] Exec TCL: Specified '-reference' and/or '-hier' option will be ignored while creating 'hier' cell 'MVAU_hls_1_wstrm_rowlen'.
INFO: [IP_Flow 19-5107] Inferred bus interface 'ap_clk' of definition 'xilinx.com:signal:clock:1.0' (from X_INTERFACE_INFO parameter from HDL file).
INFO: [IP_Flow 19-5107] Inferred bus interface 'ap_clk' of definition 'xilinx.com:signal:clock:1.0' (from 'X_INTERFACE_INFO' attribute).
INFO: [IP_Flow 19-5107] Inferred bus interface 'ap_clk2x' of definition 'xilinx.com:signal:clock:1.0' (from X_INTERFACE_INFO parameter from HDL file).
INFO: [IP_Flow 19-5107] Inferred bus interface 'ap_clk2x' of definition 'xilinx.com:signal:clock:1.0' (from 'X_INTERFACE_INFO' attribute).
INFO: [IP_Flow 19-5107] Inferred bus interface 'm_axis_0' of definition 'xilinx.com:interface:axis:1.0' (from Xilinx Repository).
INFO: [IP_Flow 19-5107] Inferred bus interface 's_axis_0' of definition 'xilinx.com:interface:axis:1.0' (from Xilinx Repository).
INFO: [IP_Flow 19-5107] Inferred bus interface 's_axilite' of definition 'xilinx.com:interface:aximm:1.0' (from Xilinx Repository).
INFO: [IP_Flow 19-5107] Inferred bus interface 'ap_rst_n' of definition 'xilinx.com:signal:reset:1.0' (from Xilinx Repository).
INFO: [IP_Flow 19-4728] Bus Interface 'ap_rst_n': Added interface parameter 'POLARITY' with value 'ACTIVE_LOW'.
INFO: [IP_Flow 19-4728] Bus Interface 'ap_clk': Added interface parameter 'ASSOCIATED_BUSIF' with value 's_axilite'.
INFO: [IP_Flow 19-4728] Bus Interface 'ap_clk': Added interface parameter 'ASSOCIATED_RESET' with value 'ap_rst_n'.
INFO: [IP_Flow 19-818] Not transferring value dependency attribute "(spirit:ceil(spirit:log(2,(spirit:decode(id('MODELPARAM_VALUE.DEPTH')) * (2 ** spirit:ceil(spirit:log(2,((spirit:decode(id('MODELPARAM_VALUE.WIDTH')) + 31) / 32))))))) + 2)" into user parameter "AXILITE_ADDR_WIDTH".
INFO: [IP_Flow 19-818] Not transferring value dependency attribute "((spirit:decode(id('MODELPARAM_VALUE.SETS')) > 2) ? spirit:ceil(spirit:log(2,spirit:decode(id('MODELPARAM_VALUE.SETS')))) : 1)" into user parameter "SET_BITS".
WARNING: [IP_Flow 19-5661] Bus Interface 'ap_clk2x' does not have any bus interfaces associated with it.
WARNING: [IP_Flow 19-3157] Bus Interface 'ap_rst_n': Bus parameter POLARITY is ACTIVE_LOW but port 'ap_rst_n' is not *resetn - please double check the POLARITY setting.
INFO: [IP_Flow 19-234] Refreshing IP repositories
INFO: [IP_Flow 19-1700] Loaded user IP repository '/home/changhong/prj/finn_cli_fork/finn-rtllib/memstream'.
INFO: [IP_Flow 19-1700] Loaded user IP repository '/tmp/finn_dev_changhong/code_gen_ipgen_StreamingFIFO_rtl_0_dkg4pesd'.
INFO: [IP_Flow 19-1700] Loaded user IP repository '/tmp/finn_dev_changhong/code_gen_ipgen_MVAU_hls_0_2m_dfsz2/project_MVAU_hls_0/sol1/impl/ip'.
INFO: [IP_Flow 19-1700] Loaded user IP repository '/tmp/finn_dev_changhong/code_gen_ipgen_StreamingFIFO_rtl_1_e81tgmyg'.
INFO: [IP_Flow 19-1700] Loaded user IP repository '/tmp/finn_dev_changhong/code_gen_ipgen_MVAU_hls_1_buxdqq4q/project_MVAU_hls_1/sol1/impl/ip'.
INFO: [IP_Flow 19-1700] Loaded user IP repository '/tmp/finn_dev_changhong/code_gen_ipgen_StreamingFIFO_rtl_2_k5_fkpn0'.
INFO: [IP_Flow 19-1700] Loaded user IP repository '/tmp/finn_dev_changhong/code_gen_ipgen_MVAU_hls_2_77y5pwt9/project_MVAU_hls_2/sol1/impl/ip'.
INFO: [IP_Flow 19-1700] Loaded user IP repository '/tmp/finn_dev_changhong/code_gen_ipgen_StreamingFIFO_rtl_3_4n61fioa'.
INFO: [IP_Flow 19-1700] Loaded user IP repository '/tmp/finn_dev_changhong/code_gen_ipgen_MVAU_hls_3_bvw1qno4/project_MVAU_hls_3/sol1/impl/ip'.
INFO: [IP_Flow 19-1700] Loaded user IP repository '/tmp/finn_dev_changhong/code_gen_ipgen_StreamingFIFO_rtl_4_ijevs4o7'.
# connect_bd_net [get_bd_pins /MVAU_hls_1/ap_clk] [get_bd_pins /MVAU_hls_1/MVAU_hls_1_wstrm_rowlen/ap_clk]
# connect_bd_net [get_bd_pins /MVAU_hls_1/ap_rst_n] [get_bd_pins /MVAU_hls_1/MVAU_hls_1_wstrm_rowlen/ap_rst_n]
# connect_bd_net [get_bd_pins /MVAU_hls_1/ap_clk] [get_bd_pins /MVAU_hls_1/MVAU_hls_1_wstrm_rowlen/ap_clk2x]
# connect_bd_intf_net [get_bd_intf_pins /MVAU_hls_1/MVAU_hls_1_wstrm_rowlen/m_axis_0] [get_bd_intf_pins /MVAU_hls_1/MVAU_hls_1/rowlen_V]
# if {![llength [get_bd_intf_pins -quiet /MVAU_hls_1/s_axilite_sfidx]]} { create_bd_intf_pin -mode Slave -vlnv xilinx.com:interface:aximm_rtl:1.0 /MVAU_hls_1/s_axilite_sfidx }
# connect_bd_intf_net [get_bd_intf_pins /MVAU_hls_1/s_axilite_sfidx] [get_bd_intf_pins /MVAU_hls_1/MVAU_hls_1_wstrm_sfidx/s_axilite]
# if {![llength [get_bd_intf_pins -quiet /MVAU_hls_1/s_axilite_val]]} { create_bd_intf_pin -mode Slave -vlnv xilinx.com:interface:aximm_rtl:1.0 /MVAU_hls_1/s_axilite_val }
# connect_bd_intf_net [get_bd_intf_pins /MVAU_hls_1/s_axilite_val] [get_bd_intf_pins /MVAU_hls_1/MVAU_hls_1_wstrm_val/s_axilite]
# if {![llength [get_bd_intf_pins -quiet /MVAU_hls_1/s_axilite_mask]]} { create_bd_intf_pin -mode Slave -vlnv xilinx.com:interface:aximm_rtl:1.0 /MVAU_hls_1/s_axilite_mask }
# connect_bd_intf_net [get_bd_intf_pins /MVAU_hls_1/s_axilite_mask] [get_bd_intf_pins /MVAU_hls_1/MVAU_hls_1_wstrm_mask/s_axilite]
# if {![llength [get_bd_intf_pins -quiet /MVAU_hls_1/s_axilite_rowlen]]} { create_bd_intf_pin -mode Slave -vlnv xilinx.com:interface:aximm_rtl:1.0 /MVAU_hls_1/s_axilite_rowlen }
# connect_bd_intf_net [get_bd_intf_pins /MVAU_hls_1/s_axilite_rowlen] [get_bd_intf_pins /MVAU_hls_1/MVAU_hls_1_wstrm_rowlen/s_axilite]
# assign_bd_address
# save_bd_design
Wrote  : </tmp/finn_dev_changhong/vivado_stitch_proj_6ygkx3ag/finn_vivado_stitch_proj.srcs/sources_1/bd/finn_design/finn_design.bd> 
# add_files -norecurse /tmp/finn_dev_changhong/code_gen_ipgen_StreamingFIFO_rtl_2_k5_fkpn0/Q_srl.v
# add_files -norecurse /tmp/finn_dev_changhong/code_gen_ipgen_StreamingFIFO_rtl_2_k5_fkpn0/StreamingFIFO_rtl_2.v
# create_bd_cell -type module -reference StreamingFIFO_rtl_2 StreamingFIFO_rtl_2
INFO: [IP_Flow 19-5107] Inferred bus interface 'ap_clk' of definition 'xilinx.com:signal:clock:1.0' (from X_INTERFACE_INFO parameter from HDL file).
INFO: [IP_Flow 19-5107] Inferred bus interface 'ap_clk' of definition 'xilinx.com:signal:clock:1.0' (from 'X_INTERFACE_INFO' attribute).
INFO: [IP_Flow 19-5107] Inferred bus interface 'in0_V' of definition 'xilinx.com:interface:axis:1.0' (from Xilinx Repository).
INFO: [IP_Flow 19-5107] Inferred bus interface 'out0_V' of definition 'xilinx.com:interface:axis:1.0' (from Xilinx Repository).
INFO: [IP_Flow 19-5107] Inferred bus interface 'ap_rst_n' of definition 'xilinx.com:signal:reset:1.0' (from Xilinx Repository).
INFO: [IP_Flow 19-4728] Bus Interface 'ap_rst_n': Added interface parameter 'POLARITY' with value 'ACTIVE_LOW'.
INFO: [IP_Flow 19-4728] Bus Interface 'ap_clk': Added interface parameter 'ASSOCIATED_RESET' with value 'ap_rst_n'.
INFO: [IP_Flow 19-4728] Bus Interface 'ap_clk': Added interface parameter 'ASSOCIATED_BUSIF' with value 'in0_V'.
WARNING: [IP_Flow 19-3157] Bus Interface 'ap_rst_n': Bus parameter POLARITY is ACTIVE_LOW but port 'ap_rst_n' is not *resetn - please double check the POLARITY setting.
INFO: [IP_Flow 19-234] Refreshing IP repositories
INFO: [IP_Flow 19-1700] Loaded user IP repository '/home/changhong/prj/finn_cli_fork/finn-rtllib/memstream'.
INFO: [IP_Flow 19-1700] Loaded user IP repository '/tmp/finn_dev_changhong/code_gen_ipgen_StreamingFIFO_rtl_0_dkg4pesd'.
INFO: [IP_Flow 19-1700] Loaded user IP repository '/tmp/finn_dev_changhong/code_gen_ipgen_MVAU_hls_0_2m_dfsz2/project_MVAU_hls_0/sol1/impl/ip'.
INFO: [IP_Flow 19-1700] Loaded user IP repository '/tmp/finn_dev_changhong/code_gen_ipgen_StreamingFIFO_rtl_1_e81tgmyg'.
INFO: [IP_Flow 19-1700] Loaded user IP repository '/tmp/finn_dev_changhong/code_gen_ipgen_MVAU_hls_1_buxdqq4q/project_MVAU_hls_1/sol1/impl/ip'.
INFO: [IP_Flow 19-1700] Loaded user IP repository '/tmp/finn_dev_changhong/code_gen_ipgen_StreamingFIFO_rtl_2_k5_fkpn0'.
INFO: [IP_Flow 19-1700] Loaded user IP repository '/tmp/finn_dev_changhong/code_gen_ipgen_MVAU_hls_2_77y5pwt9/project_MVAU_hls_2/sol1/impl/ip'.
INFO: [IP_Flow 19-1700] Loaded user IP repository '/tmp/finn_dev_changhong/code_gen_ipgen_StreamingFIFO_rtl_3_4n61fioa'.
INFO: [IP_Flow 19-1700] Loaded user IP repository '/tmp/finn_dev_changhong/code_gen_ipgen_MVAU_hls_3_bvw1qno4/project_MVAU_hls_3/sol1/impl/ip'.
INFO: [IP_Flow 19-1700] Loaded user IP repository '/tmp/finn_dev_changhong/code_gen_ipgen_StreamingFIFO_rtl_4_ijevs4o7'.
# if {[catch {current_bd_design} _cur_bd]} { set _cur_bd "" }
# if {$_cur_bd eq ""} { create_bd_design "finn_design" }
# file mkdir ./ip/verilog/rtl_ops/MVAU_hls_2
# if {![llength [get_bd_cells -quiet /MVAU_hls_2]]} { create_bd_cell -type hier MVAU_hls_2 }
# if {![llength [get_bd_pins -quiet /MVAU_hls_2/ap_clk]]} { create_bd_pin -dir I -type clk /MVAU_hls_2/ap_clk }
# if {![llength [get_bd_pins -quiet /MVAU_hls_2/ap_rst_n]]} { create_bd_pin -dir I -type rst /MVAU_hls_2/ap_rst_n }
# if {![llength [get_bd_intf_pins -quiet /MVAU_hls_2/out0_V]]} {   create_bd_intf_pin -mode Master -vlnv xilinx.com:interface:axis_rtl:1.0 /MVAU_hls_2/out0_V }
# if {![llength [get_bd_intf_pins -quiet /MVAU_hls_2/in0_V]]} {   create_bd_intf_pin -mode Slave  -vlnv xilinx.com:interface:axis_rtl:1.0 /MVAU_hls_2/in0_V }
# if {![llength [get_bd_cells -quiet /MVAU_hls_2/MVAU_hls_2]]} {   set _defs [get_ipdefs -all -filter "VLNV =~ xilinx.com:hls:MVAU_hls_2:*"];   if {[llength $_defs]} { create_bd_cell -type ip -vlnv [lindex $_defs 0] /MVAU_hls_2/MVAU_hls_2 }   else { error {HLS IP xilinx.com:hls:MVAU_hls_2:* not found} } }
# if {[llength [get_bd_pins -quiet /MVAU_hls_2/MVAU_hls_2/ap_rst_n]]} { connect_bd_net [get_bd_pins /MVAU_hls_2/ap_rst_n] [get_bd_pins /MVAU_hls_2/MVAU_hls_2/ap_rst_n] }
# if {[llength [get_bd_pins -quiet /MVAU_hls_2/MVAU_hls_2/ap_clk]]} { connect_bd_net [get_bd_pins /MVAU_hls_2/ap_clk] [get_bd_pins /MVAU_hls_2/MVAU_hls_2/ap_clk] }
# if {[llength [get_bd_intf_pins -quiet /MVAU_hls_2/MVAU_hls_2/in0_V]]} { connect_bd_intf_net [get_bd_intf_pins /MVAU_hls_2/in0_V] [get_bd_intf_pins /MVAU_hls_2/MVAU_hls_2/in0_V] }
# if {[llength [get_bd_intf_pins -quiet /MVAU_hls_2/MVAU_hls_2/out0_V]]} { connect_bd_intf_net [get_bd_intf_pins /MVAU_hls_2/out0_V] [get_bd_intf_pins /MVAU_hls_2/MVAU_hls_2/out0_V] }
# add_files -copy_to ./ip/verilog/rtl_ops/MVAU_hls_2 -force -norecurse /tmp/finn_dev_changhong/code_gen_ipgen_MVAU_hls_2_77y5pwt9/MVAU_hls_2_sfidx_memstream_wrapper.v
# add_files -copy_to ./ip/verilog/rtl_ops/MVAU_hls_2 -force -norecurse /home/changhong/prj/finn_cli_fork/finn-rtllib/axi/hdl/axilite.sv
# add_files -copy_to ./ip/verilog/rtl_ops/MVAU_hls_2 -force -norecurse /home/changhong/prj/finn_cli_fork/finn-rtllib/memstream/hdl/memstream_axi.sv
# add_files -copy_to ./ip/verilog/rtl_ops/MVAU_hls_2 -force -norecurse /home/changhong/prj/finn_cli_fork/finn-rtllib/memstream/hdl/memstream.sv
# update_compile_order -fileset sources_1
# create_bd_cell -type hier -reference MVAU_hls_2_sfidx_memstream_wrapper /MVAU_hls_2/MVAU_hls_2_wstrm_sfidx
INFO: [BD 41-1695] Exec TCL: Specified '-reference' and/or '-hier' option will be ignored while creating 'hier' cell 'MVAU_hls_2_wstrm_sfidx'.
INFO: [IP_Flow 19-5107] Inferred bus interface 'ap_clk' of definition 'xilinx.com:signal:clock:1.0' (from X_INTERFACE_INFO parameter from HDL file).
INFO: [IP_Flow 19-5107] Inferred bus interface 'ap_clk' of definition 'xilinx.com:signal:clock:1.0' (from 'X_INTERFACE_INFO' attribute).
INFO: [IP_Flow 19-5107] Inferred bus interface 'ap_clk2x' of definition 'xilinx.com:signal:clock:1.0' (from X_INTERFACE_INFO parameter from HDL file).
INFO: [IP_Flow 19-5107] Inferred bus interface 'ap_clk2x' of definition 'xilinx.com:signal:clock:1.0' (from 'X_INTERFACE_INFO' attribute).
INFO: [IP_Flow 19-5107] Inferred bus interface 'm_axis_0' of definition 'xilinx.com:interface:axis:1.0' (from Xilinx Repository).
INFO: [IP_Flow 19-5107] Inferred bus interface 's_axis_0' of definition 'xilinx.com:interface:axis:1.0' (from Xilinx Repository).
INFO: [IP_Flow 19-5107] Inferred bus interface 's_axilite' of definition 'xilinx.com:interface:aximm:1.0' (from Xilinx Repository).
INFO: [IP_Flow 19-5107] Inferred bus interface 'ap_rst_n' of definition 'xilinx.com:signal:reset:1.0' (from Xilinx Repository).
INFO: [IP_Flow 19-4728] Bus Interface 'ap_rst_n': Added interface parameter 'POLARITY' with value 'ACTIVE_LOW'.
INFO: [IP_Flow 19-4728] Bus Interface 'ap_clk': Added interface parameter 'ASSOCIATED_BUSIF' with value 's_axilite'.
INFO: [IP_Flow 19-4728] Bus Interface 'ap_clk': Added interface parameter 'ASSOCIATED_RESET' with value 'ap_rst_n'.
INFO: [IP_Flow 19-818] Not transferring value dependency attribute "(spirit:ceil(spirit:log(2,(spirit:decode(id('MODELPARAM_VALUE.DEPTH')) * (2 ** spirit:ceil(spirit:log(2,((spirit:decode(id('MODELPARAM_VALUE.WIDTH')) + 31) / 32))))))) + 2)" into user parameter "AXILITE_ADDR_WIDTH".
INFO: [IP_Flow 19-818] Not transferring value dependency attribute "((spirit:decode(id('MODELPARAM_VALUE.SETS')) > 2) ? spirit:ceil(spirit:log(2,spirit:decode(id('MODELPARAM_VALUE.SETS')))) : 1)" into user parameter "SET_BITS".
WARNING: [IP_Flow 19-5661] Bus Interface 'ap_clk2x' does not have any bus interfaces associated with it.
WARNING: [IP_Flow 19-3157] Bus Interface 'ap_rst_n': Bus parameter POLARITY is ACTIVE_LOW but port 'ap_rst_n' is not *resetn - please double check the POLARITY setting.
INFO: [IP_Flow 19-234] Refreshing IP repositories
INFO: [IP_Flow 19-1700] Loaded user IP repository '/home/changhong/prj/finn_cli_fork/finn-rtllib/memstream'.
INFO: [IP_Flow 19-1700] Loaded user IP repository '/tmp/finn_dev_changhong/code_gen_ipgen_StreamingFIFO_rtl_0_dkg4pesd'.
INFO: [IP_Flow 19-1700] Loaded user IP repository '/tmp/finn_dev_changhong/code_gen_ipgen_MVAU_hls_0_2m_dfsz2/project_MVAU_hls_0/sol1/impl/ip'.
INFO: [IP_Flow 19-1700] Loaded user IP repository '/tmp/finn_dev_changhong/code_gen_ipgen_StreamingFIFO_rtl_1_e81tgmyg'.
INFO: [IP_Flow 19-1700] Loaded user IP repository '/tmp/finn_dev_changhong/code_gen_ipgen_MVAU_hls_1_buxdqq4q/project_MVAU_hls_1/sol1/impl/ip'.
INFO: [IP_Flow 19-1700] Loaded user IP repository '/tmp/finn_dev_changhong/code_gen_ipgen_StreamingFIFO_rtl_2_k5_fkpn0'.
INFO: [IP_Flow 19-1700] Loaded user IP repository '/tmp/finn_dev_changhong/code_gen_ipgen_MVAU_hls_2_77y5pwt9/project_MVAU_hls_2/sol1/impl/ip'.
INFO: [IP_Flow 19-1700] Loaded user IP repository '/tmp/finn_dev_changhong/code_gen_ipgen_StreamingFIFO_rtl_3_4n61fioa'.
INFO: [IP_Flow 19-1700] Loaded user IP repository '/tmp/finn_dev_changhong/code_gen_ipgen_MVAU_hls_3_bvw1qno4/project_MVAU_hls_3/sol1/impl/ip'.
INFO: [IP_Flow 19-1700] Loaded user IP repository '/tmp/finn_dev_changhong/code_gen_ipgen_StreamingFIFO_rtl_4_ijevs4o7'.
# connect_bd_net [get_bd_pins /MVAU_hls_2/ap_clk] [get_bd_pins /MVAU_hls_2/MVAU_hls_2_wstrm_sfidx/ap_clk]
# connect_bd_net [get_bd_pins /MVAU_hls_2/ap_rst_n] [get_bd_pins /MVAU_hls_2/MVAU_hls_2_wstrm_sfidx/ap_rst_n]
# connect_bd_net [get_bd_pins /MVAU_hls_2/ap_clk] [get_bd_pins /MVAU_hls_2/MVAU_hls_2_wstrm_sfidx/ap_clk2x]
# connect_bd_intf_net [get_bd_intf_pins /MVAU_hls_2/MVAU_hls_2_wstrm_sfidx/m_axis_0] [get_bd_intf_pins /MVAU_hls_2/MVAU_hls_2/sfidx_V]
# add_files -copy_to ./ip/verilog/rtl_ops/MVAU_hls_2 -force -norecurse /tmp/finn_dev_changhong/code_gen_ipgen_MVAU_hls_2_77y5pwt9/MVAU_hls_2_val_memstream_wrapper.v
# add_files -copy_to ./ip/verilog/rtl_ops/MVAU_hls_2 -force -norecurse /home/changhong/prj/finn_cli_fork/finn-rtllib/axi/hdl/axilite.sv
WARNING: [Vivado 12-3631] The destination file or directory '/tmp/finn_dev_changhong/vivado_stitch_proj_6ygkx3ag/ip/verilog/rtl_ops/MVAU_hls_2/axilite.sv' already exists, -force is used to overwrite it
WARNING: [filemgmt 56-12] File '/tmp/finn_dev_changhong/vivado_stitch_proj_6ygkx3ag/ip/verilog/rtl_ops/MVAU_hls_2/axilite.sv' cannot be added to the project because it already exists in the project, skipping this file
# add_files -copy_to ./ip/verilog/rtl_ops/MVAU_hls_2 -force -norecurse /home/changhong/prj/finn_cli_fork/finn-rtllib/memstream/hdl/memstream_axi.sv
WARNING: [Vivado 12-3631] The destination file or directory '/tmp/finn_dev_changhong/vivado_stitch_proj_6ygkx3ag/ip/verilog/rtl_ops/MVAU_hls_2/memstream_axi.sv' already exists, -force is used to overwrite it
WARNING: [filemgmt 56-12] File '/tmp/finn_dev_changhong/vivado_stitch_proj_6ygkx3ag/ip/verilog/rtl_ops/MVAU_hls_2/memstream_axi.sv' cannot be added to the project because it already exists in the project, skipping this file
# add_files -copy_to ./ip/verilog/rtl_ops/MVAU_hls_2 -force -norecurse /home/changhong/prj/finn_cli_fork/finn-rtllib/memstream/hdl/memstream.sv
WARNING: [Vivado 12-3631] The destination file or directory '/tmp/finn_dev_changhong/vivado_stitch_proj_6ygkx3ag/ip/verilog/rtl_ops/MVAU_hls_2/memstream.sv' already exists, -force is used to overwrite it
WARNING: [filemgmt 56-12] File '/tmp/finn_dev_changhong/vivado_stitch_proj_6ygkx3ag/ip/verilog/rtl_ops/MVAU_hls_2/memstream.sv' cannot be added to the project because it already exists in the project, skipping this file
# update_compile_order -fileset sources_1
# create_bd_cell -type hier -reference MVAU_hls_2_val_memstream_wrapper /MVAU_hls_2/MVAU_hls_2_wstrm_val
INFO: [BD 41-1695] Exec TCL: Specified '-reference' and/or '-hier' option will be ignored while creating 'hier' cell 'MVAU_hls_2_wstrm_val'.
INFO: [IP_Flow 19-5107] Inferred bus interface 'ap_clk' of definition 'xilinx.com:signal:clock:1.0' (from X_INTERFACE_INFO parameter from HDL file).
INFO: [IP_Flow 19-5107] Inferred bus interface 'ap_clk' of definition 'xilinx.com:signal:clock:1.0' (from 'X_INTERFACE_INFO' attribute).
INFO: [IP_Flow 19-5107] Inferred bus interface 'ap_clk2x' of definition 'xilinx.com:signal:clock:1.0' (from X_INTERFACE_INFO parameter from HDL file).
INFO: [IP_Flow 19-5107] Inferred bus interface 'ap_clk2x' of definition 'xilinx.com:signal:clock:1.0' (from 'X_INTERFACE_INFO' attribute).
INFO: [IP_Flow 19-5107] Inferred bus interface 'm_axis_0' of definition 'xilinx.com:interface:axis:1.0' (from Xilinx Repository).
INFO: [IP_Flow 19-5107] Inferred bus interface 's_axis_0' of definition 'xilinx.com:interface:axis:1.0' (from Xilinx Repository).
INFO: [IP_Flow 19-5107] Inferred bus interface 's_axilite' of definition 'xilinx.com:interface:aximm:1.0' (from Xilinx Repository).
INFO: [IP_Flow 19-5107] Inferred bus interface 'ap_rst_n' of definition 'xilinx.com:signal:reset:1.0' (from Xilinx Repository).
INFO: [IP_Flow 19-4728] Bus Interface 'ap_rst_n': Added interface parameter 'POLARITY' with value 'ACTIVE_LOW'.
INFO: [IP_Flow 19-4728] Bus Interface 'ap_clk': Added interface parameter 'ASSOCIATED_BUSIF' with value 's_axilite'.
INFO: [IP_Flow 19-4728] Bus Interface 'ap_clk': Added interface parameter 'ASSOCIATED_RESET' with value 'ap_rst_n'.
INFO: [IP_Flow 19-818] Not transferring value dependency attribute "(spirit:ceil(spirit:log(2,(spirit:decode(id('MODELPARAM_VALUE.DEPTH')) * (2 ** spirit:ceil(spirit:log(2,((spirit:decode(id('MODELPARAM_VALUE.WIDTH')) + 31) / 32))))))) + 2)" into user parameter "AXILITE_ADDR_WIDTH".
INFO: [IP_Flow 19-818] Not transferring value dependency attribute "((spirit:decode(id('MODELPARAM_VALUE.SETS')) > 2) ? spirit:ceil(spirit:log(2,spirit:decode(id('MODELPARAM_VALUE.SETS')))) : 1)" into user parameter "SET_BITS".
WARNING: [IP_Flow 19-5661] Bus Interface 'ap_clk2x' does not have any bus interfaces associated with it.
WARNING: [IP_Flow 19-3157] Bus Interface 'ap_rst_n': Bus parameter POLARITY is ACTIVE_LOW but port 'ap_rst_n' is not *resetn - please double check the POLARITY setting.
INFO: [IP_Flow 19-234] Refreshing IP repositories
INFO: [IP_Flow 19-1700] Loaded user IP repository '/home/changhong/prj/finn_cli_fork/finn-rtllib/memstream'.
INFO: [IP_Flow 19-1700] Loaded user IP repository '/tmp/finn_dev_changhong/code_gen_ipgen_StreamingFIFO_rtl_0_dkg4pesd'.
INFO: [IP_Flow 19-1700] Loaded user IP repository '/tmp/finn_dev_changhong/code_gen_ipgen_MVAU_hls_0_2m_dfsz2/project_MVAU_hls_0/sol1/impl/ip'.
INFO: [IP_Flow 19-1700] Loaded user IP repository '/tmp/finn_dev_changhong/code_gen_ipgen_StreamingFIFO_rtl_1_e81tgmyg'.
INFO: [IP_Flow 19-1700] Loaded user IP repository '/tmp/finn_dev_changhong/code_gen_ipgen_MVAU_hls_1_buxdqq4q/project_MVAU_hls_1/sol1/impl/ip'.
INFO: [IP_Flow 19-1700] Loaded user IP repository '/tmp/finn_dev_changhong/code_gen_ipgen_StreamingFIFO_rtl_2_k5_fkpn0'.
INFO: [IP_Flow 19-1700] Loaded user IP repository '/tmp/finn_dev_changhong/code_gen_ipgen_MVAU_hls_2_77y5pwt9/project_MVAU_hls_2/sol1/impl/ip'.
INFO: [IP_Flow 19-1700] Loaded user IP repository '/tmp/finn_dev_changhong/code_gen_ipgen_StreamingFIFO_rtl_3_4n61fioa'.
INFO: [IP_Flow 19-1700] Loaded user IP repository '/tmp/finn_dev_changhong/code_gen_ipgen_MVAU_hls_3_bvw1qno4/project_MVAU_hls_3/sol1/impl/ip'.
INFO: [IP_Flow 19-1700] Loaded user IP repository '/tmp/finn_dev_changhong/code_gen_ipgen_StreamingFIFO_rtl_4_ijevs4o7'.
# connect_bd_net [get_bd_pins /MVAU_hls_2/ap_clk] [get_bd_pins /MVAU_hls_2/MVAU_hls_2_wstrm_val/ap_clk]
# connect_bd_net [get_bd_pins /MVAU_hls_2/ap_rst_n] [get_bd_pins /MVAU_hls_2/MVAU_hls_2_wstrm_val/ap_rst_n]
# connect_bd_net [get_bd_pins /MVAU_hls_2/ap_clk] [get_bd_pins /MVAU_hls_2/MVAU_hls_2_wstrm_val/ap_clk2x]
# connect_bd_intf_net [get_bd_intf_pins /MVAU_hls_2/MVAU_hls_2_wstrm_val/m_axis_0] [get_bd_intf_pins /MVAU_hls_2/MVAU_hls_2/val_V]
# add_files -copy_to ./ip/verilog/rtl_ops/MVAU_hls_2 -force -norecurse /tmp/finn_dev_changhong/code_gen_ipgen_MVAU_hls_2_77y5pwt9/MVAU_hls_2_mask_memstream_wrapper.v
# add_files -copy_to ./ip/verilog/rtl_ops/MVAU_hls_2 -force -norecurse /home/changhong/prj/finn_cli_fork/finn-rtllib/axi/hdl/axilite.sv
WARNING: [Vivado 12-3631] The destination file or directory '/tmp/finn_dev_changhong/vivado_stitch_proj_6ygkx3ag/ip/verilog/rtl_ops/MVAU_hls_2/axilite.sv' already exists, -force is used to overwrite it
WARNING: [filemgmt 56-12] File '/tmp/finn_dev_changhong/vivado_stitch_proj_6ygkx3ag/ip/verilog/rtl_ops/MVAU_hls_2/axilite.sv' cannot be added to the project because it already exists in the project, skipping this file
# add_files -copy_to ./ip/verilog/rtl_ops/MVAU_hls_2 -force -norecurse /home/changhong/prj/finn_cli_fork/finn-rtllib/memstream/hdl/memstream_axi.sv
WARNING: [Vivado 12-3631] The destination file or directory '/tmp/finn_dev_changhong/vivado_stitch_proj_6ygkx3ag/ip/verilog/rtl_ops/MVAU_hls_2/memstream_axi.sv' already exists, -force is used to overwrite it
WARNING: [filemgmt 56-12] File '/tmp/finn_dev_changhong/vivado_stitch_proj_6ygkx3ag/ip/verilog/rtl_ops/MVAU_hls_2/memstream_axi.sv' cannot be added to the project because it already exists in the project, skipping this file
# add_files -copy_to ./ip/verilog/rtl_ops/MVAU_hls_2 -force -norecurse /home/changhong/prj/finn_cli_fork/finn-rtllib/memstream/hdl/memstream.sv
WARNING: [Vivado 12-3631] The destination file or directory '/tmp/finn_dev_changhong/vivado_stitch_proj_6ygkx3ag/ip/verilog/rtl_ops/MVAU_hls_2/memstream.sv' already exists, -force is used to overwrite it
WARNING: [filemgmt 56-12] File '/tmp/finn_dev_changhong/vivado_stitch_proj_6ygkx3ag/ip/verilog/rtl_ops/MVAU_hls_2/memstream.sv' cannot be added to the project because it already exists in the project, skipping this file
CRITICAL WARNING: [Vivado 12-3645] Please note that adding or importing multiple files, one at a time, can be performance intensive.  Both add_files and import_files commands accept multiple files as input, and passing a collection of multiple files to a single add_files or import_files commands can offer significant performance improvement.
# update_compile_order -fileset sources_1
# create_bd_cell -type hier -reference MVAU_hls_2_mask_memstream_wrapper /MVAU_hls_2/MVAU_hls_2_wstrm_mask
INFO: [BD 41-1695] Exec TCL: Specified '-reference' and/or '-hier' option will be ignored while creating 'hier' cell 'MVAU_hls_2_wstrm_mask'.
INFO: [IP_Flow 19-5107] Inferred bus interface 'ap_clk' of definition 'xilinx.com:signal:clock:1.0' (from X_INTERFACE_INFO parameter from HDL file).
INFO: [IP_Flow 19-5107] Inferred bus interface 'ap_clk' of definition 'xilinx.com:signal:clock:1.0' (from 'X_INTERFACE_INFO' attribute).
INFO: [IP_Flow 19-5107] Inferred bus interface 'ap_clk2x' of definition 'xilinx.com:signal:clock:1.0' (from X_INTERFACE_INFO parameter from HDL file).
INFO: [IP_Flow 19-5107] Inferred bus interface 'ap_clk2x' of definition 'xilinx.com:signal:clock:1.0' (from 'X_INTERFACE_INFO' attribute).
INFO: [IP_Flow 19-5107] Inferred bus interface 'm_axis_0' of definition 'xilinx.com:interface:axis:1.0' (from Xilinx Repository).
INFO: [IP_Flow 19-5107] Inferred bus interface 's_axis_0' of definition 'xilinx.com:interface:axis:1.0' (from Xilinx Repository).
INFO: [IP_Flow 19-5107] Inferred bus interface 's_axilite' of definition 'xilinx.com:interface:aximm:1.0' (from Xilinx Repository).
INFO: [IP_Flow 19-5107] Inferred bus interface 'ap_rst_n' of definition 'xilinx.com:signal:reset:1.0' (from Xilinx Repository).
INFO: [IP_Flow 19-4728] Bus Interface 'ap_rst_n': Added interface parameter 'POLARITY' with value 'ACTIVE_LOW'.
INFO: [IP_Flow 19-4728] Bus Interface 'ap_clk': Added interface parameter 'ASSOCIATED_BUSIF' with value 's_axilite'.
INFO: [IP_Flow 19-4728] Bus Interface 'ap_clk': Added interface parameter 'ASSOCIATED_RESET' with value 'ap_rst_n'.
INFO: [IP_Flow 19-818] Not transferring value dependency attribute "(spirit:ceil(spirit:log(2,(spirit:decode(id('MODELPARAM_VALUE.DEPTH')) * (2 ** spirit:ceil(spirit:log(2,((spirit:decode(id('MODELPARAM_VALUE.WIDTH')) + 31) / 32))))))) + 2)" into user parameter "AXILITE_ADDR_WIDTH".
INFO: [IP_Flow 19-818] Not transferring value dependency attribute "((spirit:decode(id('MODELPARAM_VALUE.SETS')) > 2) ? spirit:ceil(spirit:log(2,spirit:decode(id('MODELPARAM_VALUE.SETS')))) : 1)" into user parameter "SET_BITS".
WARNING: [IP_Flow 19-5661] Bus Interface 'ap_clk2x' does not have any bus interfaces associated with it.
WARNING: [IP_Flow 19-3157] Bus Interface 'ap_rst_n': Bus parameter POLARITY is ACTIVE_LOW but port 'ap_rst_n' is not *resetn - please double check the POLARITY setting.
INFO: [IP_Flow 19-234] Refreshing IP repositories
INFO: [IP_Flow 19-1700] Loaded user IP repository '/home/changhong/prj/finn_cli_fork/finn-rtllib/memstream'.
INFO: [IP_Flow 19-1700] Loaded user IP repository '/tmp/finn_dev_changhong/code_gen_ipgen_StreamingFIFO_rtl_0_dkg4pesd'.
INFO: [IP_Flow 19-1700] Loaded user IP repository '/tmp/finn_dev_changhong/code_gen_ipgen_MVAU_hls_0_2m_dfsz2/project_MVAU_hls_0/sol1/impl/ip'.
INFO: [IP_Flow 19-1700] Loaded user IP repository '/tmp/finn_dev_changhong/code_gen_ipgen_StreamingFIFO_rtl_1_e81tgmyg'.
INFO: [IP_Flow 19-1700] Loaded user IP repository '/tmp/finn_dev_changhong/code_gen_ipgen_MVAU_hls_1_buxdqq4q/project_MVAU_hls_1/sol1/impl/ip'.
INFO: [IP_Flow 19-1700] Loaded user IP repository '/tmp/finn_dev_changhong/code_gen_ipgen_StreamingFIFO_rtl_2_k5_fkpn0'.
INFO: [IP_Flow 19-1700] Loaded user IP repository '/tmp/finn_dev_changhong/code_gen_ipgen_MVAU_hls_2_77y5pwt9/project_MVAU_hls_2/sol1/impl/ip'.
INFO: [IP_Flow 19-1700] Loaded user IP repository '/tmp/finn_dev_changhong/code_gen_ipgen_StreamingFIFO_rtl_3_4n61fioa'.
INFO: [IP_Flow 19-1700] Loaded user IP repository '/tmp/finn_dev_changhong/code_gen_ipgen_MVAU_hls_3_bvw1qno4/project_MVAU_hls_3/sol1/impl/ip'.
INFO: [IP_Flow 19-1700] Loaded user IP repository '/tmp/finn_dev_changhong/code_gen_ipgen_StreamingFIFO_rtl_4_ijevs4o7'.
# connect_bd_net [get_bd_pins /MVAU_hls_2/ap_clk] [get_bd_pins /MVAU_hls_2/MVAU_hls_2_wstrm_mask/ap_clk]
# connect_bd_net [get_bd_pins /MVAU_hls_2/ap_rst_n] [get_bd_pins /MVAU_hls_2/MVAU_hls_2_wstrm_mask/ap_rst_n]
# connect_bd_net [get_bd_pins /MVAU_hls_2/ap_clk] [get_bd_pins /MVAU_hls_2/MVAU_hls_2_wstrm_mask/ap_clk2x]
# connect_bd_intf_net [get_bd_intf_pins /MVAU_hls_2/MVAU_hls_2_wstrm_mask/m_axis_0] [get_bd_intf_pins /MVAU_hls_2/MVAU_hls_2/mask_V]
# add_files -copy_to ./ip/verilog/rtl_ops/MVAU_hls_2 -force -norecurse /tmp/finn_dev_changhong/code_gen_ipgen_MVAU_hls_2_77y5pwt9/MVAU_hls_2_rowlen_memstream_wrapper.v
# add_files -copy_to ./ip/verilog/rtl_ops/MVAU_hls_2 -force -norecurse /home/changhong/prj/finn_cli_fork/finn-rtllib/axi/hdl/axilite.sv
WARNING: [Vivado 12-3631] The destination file or directory '/tmp/finn_dev_changhong/vivado_stitch_proj_6ygkx3ag/ip/verilog/rtl_ops/MVAU_hls_2/axilite.sv' already exists, -force is used to overwrite it
WARNING: [filemgmt 56-12] File '/tmp/finn_dev_changhong/vivado_stitch_proj_6ygkx3ag/ip/verilog/rtl_ops/MVAU_hls_2/axilite.sv' cannot be added to the project because it already exists in the project, skipping this file
# add_files -copy_to ./ip/verilog/rtl_ops/MVAU_hls_2 -force -norecurse /home/changhong/prj/finn_cli_fork/finn-rtllib/memstream/hdl/memstream_axi.sv
WARNING: [Vivado 12-3631] The destination file or directory '/tmp/finn_dev_changhong/vivado_stitch_proj_6ygkx3ag/ip/verilog/rtl_ops/MVAU_hls_2/memstream_axi.sv' already exists, -force is used to overwrite it
WARNING: [filemgmt 56-12] File '/tmp/finn_dev_changhong/vivado_stitch_proj_6ygkx3ag/ip/verilog/rtl_ops/MVAU_hls_2/memstream_axi.sv' cannot be added to the project because it already exists in the project, skipping this file
# add_files -copy_to ./ip/verilog/rtl_ops/MVAU_hls_2 -force -norecurse /home/changhong/prj/finn_cli_fork/finn-rtllib/memstream/hdl/memstream.sv
WARNING: [Vivado 12-3631] The destination file or directory '/tmp/finn_dev_changhong/vivado_stitch_proj_6ygkx3ag/ip/verilog/rtl_ops/MVAU_hls_2/memstream.sv' already exists, -force is used to overwrite it
WARNING: [filemgmt 56-12] File '/tmp/finn_dev_changhong/vivado_stitch_proj_6ygkx3ag/ip/verilog/rtl_ops/MVAU_hls_2/memstream.sv' cannot be added to the project because it already exists in the project, skipping this file
# update_compile_order -fileset sources_1
# create_bd_cell -type hier -reference MVAU_hls_2_rowlen_memstream_wrapper /MVAU_hls_2/MVAU_hls_2_wstrm_rowlen
INFO: [BD 41-1695] Exec TCL: Specified '-reference' and/or '-hier' option will be ignored while creating 'hier' cell 'MVAU_hls_2_wstrm_rowlen'.
INFO: [IP_Flow 19-5107] Inferred bus interface 'ap_clk' of definition 'xilinx.com:signal:clock:1.0' (from X_INTERFACE_INFO parameter from HDL file).
INFO: [IP_Flow 19-5107] Inferred bus interface 'ap_clk' of definition 'xilinx.com:signal:clock:1.0' (from 'X_INTERFACE_INFO' attribute).
INFO: [IP_Flow 19-5107] Inferred bus interface 'ap_clk2x' of definition 'xilinx.com:signal:clock:1.0' (from X_INTERFACE_INFO parameter from HDL file).
INFO: [IP_Flow 19-5107] Inferred bus interface 'ap_clk2x' of definition 'xilinx.com:signal:clock:1.0' (from 'X_INTERFACE_INFO' attribute).
INFO: [IP_Flow 19-5107] Inferred bus interface 'm_axis_0' of definition 'xilinx.com:interface:axis:1.0' (from Xilinx Repository).
INFO: [IP_Flow 19-5107] Inferred bus interface 's_axis_0' of definition 'xilinx.com:interface:axis:1.0' (from Xilinx Repository).
INFO: [IP_Flow 19-5107] Inferred bus interface 's_axilite' of definition 'xilinx.com:interface:aximm:1.0' (from Xilinx Repository).
INFO: [IP_Flow 19-5107] Inferred bus interface 'ap_rst_n' of definition 'xilinx.com:signal:reset:1.0' (from Xilinx Repository).
INFO: [IP_Flow 19-4728] Bus Interface 'ap_rst_n': Added interface parameter 'POLARITY' with value 'ACTIVE_LOW'.
INFO: [IP_Flow 19-4728] Bus Interface 'ap_clk': Added interface parameter 'ASSOCIATED_BUSIF' with value 's_axilite'.
INFO: [IP_Flow 19-4728] Bus Interface 'ap_clk': Added interface parameter 'ASSOCIATED_RESET' with value 'ap_rst_n'.
INFO: [IP_Flow 19-818] Not transferring value dependency attribute "(spirit:ceil(spirit:log(2,(spirit:decode(id('MODELPARAM_VALUE.DEPTH')) * (2 ** spirit:ceil(spirit:log(2,((spirit:decode(id('MODELPARAM_VALUE.WIDTH')) + 31) / 32))))))) + 2)" into user parameter "AXILITE_ADDR_WIDTH".
INFO: [IP_Flow 19-818] Not transferring value dependency attribute "((spirit:decode(id('MODELPARAM_VALUE.SETS')) > 2) ? spirit:ceil(spirit:log(2,spirit:decode(id('MODELPARAM_VALUE.SETS')))) : 1)" into user parameter "SET_BITS".
WARNING: [IP_Flow 19-5661] Bus Interface 'ap_clk2x' does not have any bus interfaces associated with it.
WARNING: [IP_Flow 19-3157] Bus Interface 'ap_rst_n': Bus parameter POLARITY is ACTIVE_LOW but port 'ap_rst_n' is not *resetn - please double check the POLARITY setting.
INFO: [IP_Flow 19-234] Refreshing IP repositories
INFO: [IP_Flow 19-1700] Loaded user IP repository '/home/changhong/prj/finn_cli_fork/finn-rtllib/memstream'.
INFO: [IP_Flow 19-1700] Loaded user IP repository '/tmp/finn_dev_changhong/code_gen_ipgen_StreamingFIFO_rtl_0_dkg4pesd'.
INFO: [IP_Flow 19-1700] Loaded user IP repository '/tmp/finn_dev_changhong/code_gen_ipgen_MVAU_hls_0_2m_dfsz2/project_MVAU_hls_0/sol1/impl/ip'.
INFO: [IP_Flow 19-1700] Loaded user IP repository '/tmp/finn_dev_changhong/code_gen_ipgen_StreamingFIFO_rtl_1_e81tgmyg'.
INFO: [IP_Flow 19-1700] Loaded user IP repository '/tmp/finn_dev_changhong/code_gen_ipgen_MVAU_hls_1_buxdqq4q/project_MVAU_hls_1/sol1/impl/ip'.
INFO: [IP_Flow 19-1700] Loaded user IP repository '/tmp/finn_dev_changhong/code_gen_ipgen_StreamingFIFO_rtl_2_k5_fkpn0'.
INFO: [IP_Flow 19-1700] Loaded user IP repository '/tmp/finn_dev_changhong/code_gen_ipgen_MVAU_hls_2_77y5pwt9/project_MVAU_hls_2/sol1/impl/ip'.
INFO: [IP_Flow 19-1700] Loaded user IP repository '/tmp/finn_dev_changhong/code_gen_ipgen_StreamingFIFO_rtl_3_4n61fioa'.
INFO: [IP_Flow 19-1700] Loaded user IP repository '/tmp/finn_dev_changhong/code_gen_ipgen_MVAU_hls_3_bvw1qno4/project_MVAU_hls_3/sol1/impl/ip'.
INFO: [IP_Flow 19-1700] Loaded user IP repository '/tmp/finn_dev_changhong/code_gen_ipgen_StreamingFIFO_rtl_4_ijevs4o7'.
# connect_bd_net [get_bd_pins /MVAU_hls_2/ap_clk] [get_bd_pins /MVAU_hls_2/MVAU_hls_2_wstrm_rowlen/ap_clk]
# connect_bd_net [get_bd_pins /MVAU_hls_2/ap_rst_n] [get_bd_pins /MVAU_hls_2/MVAU_hls_2_wstrm_rowlen/ap_rst_n]
# connect_bd_net [get_bd_pins /MVAU_hls_2/ap_clk] [get_bd_pins /MVAU_hls_2/MVAU_hls_2_wstrm_rowlen/ap_clk2x]
# connect_bd_intf_net [get_bd_intf_pins /MVAU_hls_2/MVAU_hls_2_wstrm_rowlen/m_axis_0] [get_bd_intf_pins /MVAU_hls_2/MVAU_hls_2/rowlen_V]
# if {![llength [get_bd_intf_pins -quiet /MVAU_hls_2/s_axilite_sfidx]]} { create_bd_intf_pin -mode Slave -vlnv xilinx.com:interface:aximm_rtl:1.0 /MVAU_hls_2/s_axilite_sfidx }
# connect_bd_intf_net [get_bd_intf_pins /MVAU_hls_2/s_axilite_sfidx] [get_bd_intf_pins /MVAU_hls_2/MVAU_hls_2_wstrm_sfidx/s_axilite]
# if {![llength [get_bd_intf_pins -quiet /MVAU_hls_2/s_axilite_val]]} { create_bd_intf_pin -mode Slave -vlnv xilinx.com:interface:aximm_rtl:1.0 /MVAU_hls_2/s_axilite_val }
# connect_bd_intf_net [get_bd_intf_pins /MVAU_hls_2/s_axilite_val] [get_bd_intf_pins /MVAU_hls_2/MVAU_hls_2_wstrm_val/s_axilite]
# if {![llength [get_bd_intf_pins -quiet /MVAU_hls_2/s_axilite_mask]]} { create_bd_intf_pin -mode Slave -vlnv xilinx.com:interface:aximm_rtl:1.0 /MVAU_hls_2/s_axilite_mask }
# connect_bd_intf_net [get_bd_intf_pins /MVAU_hls_2/s_axilite_mask] [get_bd_intf_pins /MVAU_hls_2/MVAU_hls_2_wstrm_mask/s_axilite]
# if {![llength [get_bd_intf_pins -quiet /MVAU_hls_2/s_axilite_rowlen]]} { create_bd_intf_pin -mode Slave -vlnv xilinx.com:interface:aximm_rtl:1.0 /MVAU_hls_2/s_axilite_rowlen }
# connect_bd_intf_net [get_bd_intf_pins /MVAU_hls_2/s_axilite_rowlen] [get_bd_intf_pins /MVAU_hls_2/MVAU_hls_2_wstrm_rowlen/s_axilite]
# assign_bd_address
# save_bd_design
Wrote  : </tmp/finn_dev_changhong/vivado_stitch_proj_6ygkx3ag/finn_vivado_stitch_proj.srcs/sources_1/bd/finn_design/finn_design.bd> 
# add_files -norecurse /tmp/finn_dev_changhong/code_gen_ipgen_StreamingFIFO_rtl_3_4n61fioa/Q_srl.v
# add_files -norecurse /tmp/finn_dev_changhong/code_gen_ipgen_StreamingFIFO_rtl_3_4n61fioa/StreamingFIFO_rtl_3.v
# create_bd_cell -type module -reference StreamingFIFO_rtl_3 StreamingFIFO_rtl_3
INFO: [IP_Flow 19-5107] Inferred bus interface 'ap_clk' of definition 'xilinx.com:signal:clock:1.0' (from X_INTERFACE_INFO parameter from HDL file).
INFO: [IP_Flow 19-5107] Inferred bus interface 'ap_clk' of definition 'xilinx.com:signal:clock:1.0' (from 'X_INTERFACE_INFO' attribute).
INFO: [IP_Flow 19-5107] Inferred bus interface 'in0_V' of definition 'xilinx.com:interface:axis:1.0' (from Xilinx Repository).
INFO: [IP_Flow 19-5107] Inferred bus interface 'out0_V' of definition 'xilinx.com:interface:axis:1.0' (from Xilinx Repository).
INFO: [IP_Flow 19-5107] Inferred bus interface 'ap_rst_n' of definition 'xilinx.com:signal:reset:1.0' (from Xilinx Repository).
INFO: [IP_Flow 19-4728] Bus Interface 'ap_rst_n': Added interface parameter 'POLARITY' with value 'ACTIVE_LOW'.
INFO: [IP_Flow 19-4728] Bus Interface 'ap_clk': Added interface parameter 'ASSOCIATED_RESET' with value 'ap_rst_n'.
INFO: [IP_Flow 19-4728] Bus Interface 'ap_clk': Added interface parameter 'ASSOCIATED_BUSIF' with value 'in0_V'.
WARNING: [IP_Flow 19-3157] Bus Interface 'ap_rst_n': Bus parameter POLARITY is ACTIVE_LOW but port 'ap_rst_n' is not *resetn - please double check the POLARITY setting.
INFO: [IP_Flow 19-234] Refreshing IP repositories
INFO: [IP_Flow 19-1700] Loaded user IP repository '/home/changhong/prj/finn_cli_fork/finn-rtllib/memstream'.
INFO: [IP_Flow 19-1700] Loaded user IP repository '/tmp/finn_dev_changhong/code_gen_ipgen_StreamingFIFO_rtl_0_dkg4pesd'.
INFO: [IP_Flow 19-1700] Loaded user IP repository '/tmp/finn_dev_changhong/code_gen_ipgen_MVAU_hls_0_2m_dfsz2/project_MVAU_hls_0/sol1/impl/ip'.
INFO: [IP_Flow 19-1700] Loaded user IP repository '/tmp/finn_dev_changhong/code_gen_ipgen_StreamingFIFO_rtl_1_e81tgmyg'.
INFO: [IP_Flow 19-1700] Loaded user IP repository '/tmp/finn_dev_changhong/code_gen_ipgen_MVAU_hls_1_buxdqq4q/project_MVAU_hls_1/sol1/impl/ip'.
INFO: [IP_Flow 19-1700] Loaded user IP repository '/tmp/finn_dev_changhong/code_gen_ipgen_StreamingFIFO_rtl_2_k5_fkpn0'.
INFO: [IP_Flow 19-1700] Loaded user IP repository '/tmp/finn_dev_changhong/code_gen_ipgen_MVAU_hls_2_77y5pwt9/project_MVAU_hls_2/sol1/impl/ip'.
INFO: [IP_Flow 19-1700] Loaded user IP repository '/tmp/finn_dev_changhong/code_gen_ipgen_StreamingFIFO_rtl_3_4n61fioa'.
INFO: [IP_Flow 19-1700] Loaded user IP repository '/tmp/finn_dev_changhong/code_gen_ipgen_MVAU_hls_3_bvw1qno4/project_MVAU_hls_3/sol1/impl/ip'.
INFO: [IP_Flow 19-1700] Loaded user IP repository '/tmp/finn_dev_changhong/code_gen_ipgen_StreamingFIFO_rtl_4_ijevs4o7'.
# file mkdir ./ip/verilog/rtl_ops/MVAU_hls_3
# create_bd_cell -type hier MVAU_hls_3
# create_bd_pin -dir I -type clk /MVAU_hls_3/ap_clk
# create_bd_pin -dir I -type rst /MVAU_hls_3/ap_rst_n
# create_bd_intf_pin -mode Master -vlnv xilinx.com:interface:axis_rtl:1.0 /MVAU_hls_3/out0_V
# create_bd_intf_pin -mode Slave -vlnv xilinx.com:interface:axis_rtl:1.0 /MVAU_hls_3/in0_V
# create_bd_cell -type ip -vlnv xilinx.com:hls:MVAU_hls_3:1.0 /MVAU_hls_3/MVAU_hls_3
# connect_bd_net [get_bd_pins MVAU_hls_3/ap_rst_n] [get_bd_pins MVAU_hls_3/MVAU_hls_3/ap_rst_n]
# connect_bd_net [get_bd_pins MVAU_hls_3/ap_clk] [get_bd_pins MVAU_hls_3/MVAU_hls_3/ap_clk]
# connect_bd_intf_net [get_bd_intf_pins MVAU_hls_3/in0_V] [get_bd_intf_pins MVAU_hls_3/MVAU_hls_3/in0_V]
# connect_bd_intf_net [get_bd_intf_pins MVAU_hls_3/out0_V] [get_bd_intf_pins MVAU_hls_3/MVAU_hls_3/out0_V]
# add_files -copy_to ./ip/verilog/rtl_ops/MVAU_hls_3 -norecurse /tmp/finn_dev_changhong/code_gen_ipgen_MVAU_hls_3_bvw1qno4/MVAU_hls_3_memstream_wrapper.v
# add_files -copy_to ./ip/verilog/rtl_ops/MVAU_hls_3 -norecurse /home/changhong/prj/finn_cli_fork/finn-rtllib/axi/hdl/axilite.sv
# add_files -copy_to ./ip/verilog/rtl_ops/MVAU_hls_3 -norecurse /home/changhong/prj/finn_cli_fork/finn-rtllib/memstream/hdl/memstream_axi.sv
# add_files -copy_to ./ip/verilog/rtl_ops/MVAU_hls_3 -norecurse /home/changhong/prj/finn_cli_fork/finn-rtllib/memstream/hdl/memstream.sv
# create_bd_cell -type hier -reference MVAU_hls_3_memstream_wrapper /MVAU_hls_3/MVAU_hls_3_wstrm
INFO: [BD 41-1695] Exec TCL: Specified '-reference' and/or '-hier' option will be ignored while creating 'hier' cell 'MVAU_hls_3_wstrm'.
INFO: [IP_Flow 19-5107] Inferred bus interface 'ap_clk' of definition 'xilinx.com:signal:clock:1.0' (from X_INTERFACE_INFO parameter from HDL file).
INFO: [IP_Flow 19-5107] Inferred bus interface 'ap_clk' of definition 'xilinx.com:signal:clock:1.0' (from 'X_INTERFACE_INFO' attribute).
INFO: [IP_Flow 19-5107] Inferred bus interface 'ap_clk2x' of definition 'xilinx.com:signal:clock:1.0' (from X_INTERFACE_INFO parameter from HDL file).
INFO: [IP_Flow 19-5107] Inferred bus interface 'ap_clk2x' of definition 'xilinx.com:signal:clock:1.0' (from 'X_INTERFACE_INFO' attribute).
INFO: [IP_Flow 19-5107] Inferred bus interface 'm_axis_0' of definition 'xilinx.com:interface:axis:1.0' (from Xilinx Repository).
INFO: [IP_Flow 19-5107] Inferred bus interface 's_axis_0' of definition 'xilinx.com:interface:axis:1.0' (from Xilinx Repository).
INFO: [IP_Flow 19-5107] Inferred bus interface 's_axilite' of definition 'xilinx.com:interface:aximm:1.0' (from Xilinx Repository).
INFO: [IP_Flow 19-5107] Inferred bus interface 'ap_rst_n' of definition 'xilinx.com:signal:reset:1.0' (from Xilinx Repository).
INFO: [IP_Flow 19-4728] Bus Interface 'ap_rst_n': Added interface parameter 'POLARITY' with value 'ACTIVE_LOW'.
INFO: [IP_Flow 19-4728] Bus Interface 'ap_clk': Added interface parameter 'ASSOCIATED_BUSIF' with value 's_axilite'.
INFO: [IP_Flow 19-4728] Bus Interface 'ap_clk': Added interface parameter 'ASSOCIATED_RESET' with value 'ap_rst_n'.
INFO: [IP_Flow 19-818] Not transferring value dependency attribute "(spirit:ceil(spirit:log(2,(spirit:decode(id('MODELPARAM_VALUE.DEPTH')) * (2 ** spirit:ceil(spirit:log(2,((spirit:decode(id('MODELPARAM_VALUE.WIDTH')) + 31) / 32))))))) + 2)" into user parameter "AXILITE_ADDR_WIDTH".
INFO: [IP_Flow 19-818] Not transferring value dependency attribute "((spirit:decode(id('MODELPARAM_VALUE.SETS')) > 2) ? spirit:ceil(spirit:log(2,spirit:decode(id('MODELPARAM_VALUE.SETS')))) : 1)" into user parameter "SET_BITS".
WARNING: [IP_Flow 19-5661] Bus Interface 'ap_clk2x' does not have any bus interfaces associated with it.
WARNING: [IP_Flow 19-3157] Bus Interface 'ap_rst_n': Bus parameter POLARITY is ACTIVE_LOW but port 'ap_rst_n' is not *resetn - please double check the POLARITY setting.
INFO: [IP_Flow 19-234] Refreshing IP repositories
INFO: [IP_Flow 19-1700] Loaded user IP repository '/home/changhong/prj/finn_cli_fork/finn-rtllib/memstream'.
INFO: [IP_Flow 19-1700] Loaded user IP repository '/tmp/finn_dev_changhong/code_gen_ipgen_StreamingFIFO_rtl_0_dkg4pesd'.
INFO: [IP_Flow 19-1700] Loaded user IP repository '/tmp/finn_dev_changhong/code_gen_ipgen_MVAU_hls_0_2m_dfsz2/project_MVAU_hls_0/sol1/impl/ip'.
INFO: [IP_Flow 19-1700] Loaded user IP repository '/tmp/finn_dev_changhong/code_gen_ipgen_StreamingFIFO_rtl_1_e81tgmyg'.
INFO: [IP_Flow 19-1700] Loaded user IP repository '/tmp/finn_dev_changhong/code_gen_ipgen_MVAU_hls_1_buxdqq4q/project_MVAU_hls_1/sol1/impl/ip'.
INFO: [IP_Flow 19-1700] Loaded user IP repository '/tmp/finn_dev_changhong/code_gen_ipgen_StreamingFIFO_rtl_2_k5_fkpn0'.
INFO: [IP_Flow 19-1700] Loaded user IP repository '/tmp/finn_dev_changhong/code_gen_ipgen_MVAU_hls_2_77y5pwt9/project_MVAU_hls_2/sol1/impl/ip'.
INFO: [IP_Flow 19-1700] Loaded user IP repository '/tmp/finn_dev_changhong/code_gen_ipgen_StreamingFIFO_rtl_3_4n61fioa'.
INFO: [IP_Flow 19-1700] Loaded user IP repository '/tmp/finn_dev_changhong/code_gen_ipgen_MVAU_hls_3_bvw1qno4/project_MVAU_hls_3/sol1/impl/ip'.
INFO: [IP_Flow 19-1700] Loaded user IP repository '/tmp/finn_dev_changhong/code_gen_ipgen_StreamingFIFO_rtl_4_ijevs4o7'.
# connect_bd_net [get_bd_pins MVAU_hls_3/ap_clk] [get_bd_pins MVAU_hls_3/MVAU_hls_3_wstrm/ap_clk]
# connect_bd_net [get_bd_pins MVAU_hls_3/ap_rst_n] [get_bd_pins MVAU_hls_3/MVAU_hls_3_wstrm/ap_rst_n]
# connect_bd_net [get_bd_pins MVAU_hls_3/ap_clk] [get_bd_pins MVAU_hls_3/MVAU_hls_3_wstrm/ap_clk2x]
# connect_bd_intf_net [get_bd_intf_pins MVAU_hls_3/MVAU_hls_3_wstrm/m_axis_0] [get_bd_intf_pins MVAU_hls_3/MVAU_hls_3/in1_V]
# save_bd_design
Wrote  : </tmp/finn_dev_changhong/vivado_stitch_proj_6ygkx3ag/finn_vivado_stitch_proj.srcs/sources_1/bd/finn_design/finn_design.bd> 
# add_files -norecurse /tmp/finn_dev_changhong/code_gen_ipgen_StreamingFIFO_rtl_4_ijevs4o7/Q_srl.v
# add_files -norecurse /tmp/finn_dev_changhong/code_gen_ipgen_StreamingFIFO_rtl_4_ijevs4o7/StreamingFIFO_rtl_4.v
# create_bd_cell -type module -reference StreamingFIFO_rtl_4 StreamingFIFO_rtl_4
INFO: [IP_Flow 19-5107] Inferred bus interface 'ap_clk' of definition 'xilinx.com:signal:clock:1.0' (from X_INTERFACE_INFO parameter from HDL file).
INFO: [IP_Flow 19-5107] Inferred bus interface 'ap_clk' of definition 'xilinx.com:signal:clock:1.0' (from 'X_INTERFACE_INFO' attribute).
INFO: [IP_Flow 19-5107] Inferred bus interface 'in0_V' of definition 'xilinx.com:interface:axis:1.0' (from Xilinx Repository).
INFO: [IP_Flow 19-5107] Inferred bus interface 'out0_V' of definition 'xilinx.com:interface:axis:1.0' (from Xilinx Repository).
INFO: [IP_Flow 19-5107] Inferred bus interface 'ap_rst_n' of definition 'xilinx.com:signal:reset:1.0' (from Xilinx Repository).
INFO: [IP_Flow 19-4728] Bus Interface 'ap_rst_n': Added interface parameter 'POLARITY' with value 'ACTIVE_LOW'.
INFO: [IP_Flow 19-4728] Bus Interface 'ap_clk': Added interface parameter 'ASSOCIATED_RESET' with value 'ap_rst_n'.
INFO: [IP_Flow 19-4728] Bus Interface 'ap_clk': Added interface parameter 'ASSOCIATED_BUSIF' with value 'in0_V'.
WARNING: [IP_Flow 19-3157] Bus Interface 'ap_rst_n': Bus parameter POLARITY is ACTIVE_LOW but port 'ap_rst_n' is not *resetn - please double check the POLARITY setting.
INFO: [IP_Flow 19-234] Refreshing IP repositories
INFO: [IP_Flow 19-1700] Loaded user IP repository '/home/changhong/prj/finn_cli_fork/finn-rtllib/memstream'.
INFO: [IP_Flow 19-1700] Loaded user IP repository '/tmp/finn_dev_changhong/code_gen_ipgen_StreamingFIFO_rtl_0_dkg4pesd'.
INFO: [IP_Flow 19-1700] Loaded user IP repository '/tmp/finn_dev_changhong/code_gen_ipgen_MVAU_hls_0_2m_dfsz2/project_MVAU_hls_0/sol1/impl/ip'.
INFO: [IP_Flow 19-1700] Loaded user IP repository '/tmp/finn_dev_changhong/code_gen_ipgen_StreamingFIFO_rtl_1_e81tgmyg'.
INFO: [IP_Flow 19-1700] Loaded user IP repository '/tmp/finn_dev_changhong/code_gen_ipgen_MVAU_hls_1_buxdqq4q/project_MVAU_hls_1/sol1/impl/ip'.
INFO: [IP_Flow 19-1700] Loaded user IP repository '/tmp/finn_dev_changhong/code_gen_ipgen_StreamingFIFO_rtl_2_k5_fkpn0'.
INFO: [IP_Flow 19-1700] Loaded user IP repository '/tmp/finn_dev_changhong/code_gen_ipgen_MVAU_hls_2_77y5pwt9/project_MVAU_hls_2/sol1/impl/ip'.
INFO: [IP_Flow 19-1700] Loaded user IP repository '/tmp/finn_dev_changhong/code_gen_ipgen_StreamingFIFO_rtl_3_4n61fioa'.
INFO: [IP_Flow 19-1700] Loaded user IP repository '/tmp/finn_dev_changhong/code_gen_ipgen_MVAU_hls_3_bvw1qno4/project_MVAU_hls_3/sol1/impl/ip'.
INFO: [IP_Flow 19-1700] Loaded user IP repository '/tmp/finn_dev_changhong/code_gen_ipgen_StreamingFIFO_rtl_4_ijevs4o7'.
# make_bd_pins_external [get_bd_pins StreamingFIFO_rtl_0/ap_clk]
# set_property name ap_clk [get_bd_ports ap_clk_0]
# make_bd_pins_external [get_bd_pins StreamingFIFO_rtl_0/ap_rst_n]
# set_property name ap_rst_n [get_bd_ports ap_rst_n_0]
# connect_bd_net [get_bd_ports ap_rst_n] [get_bd_pins MVAU_hls_0/ap_rst_n]
# connect_bd_net [get_bd_ports ap_clk] [get_bd_pins MVAU_hls_0/ap_clk]
# connect_bd_intf_net [get_bd_intf_pins StreamingFIFO_rtl_0/out0_V] [get_bd_intf_pins MVAU_hls_0/in0_V]
# connect_bd_net [get_bd_ports ap_rst_n] [get_bd_pins StreamingFIFO_rtl_1/ap_rst_n]
# connect_bd_net [get_bd_ports ap_clk] [get_bd_pins StreamingFIFO_rtl_1/ap_clk]
# connect_bd_intf_net [get_bd_intf_pins MVAU_hls_0/out0_V] [get_bd_intf_pins StreamingFIFO_rtl_1/in0_V]
# connect_bd_net [get_bd_ports ap_rst_n] [get_bd_pins MVAU_hls_1/ap_rst_n]
# connect_bd_net [get_bd_ports ap_clk] [get_bd_pins MVAU_hls_1/ap_clk]
# connect_bd_intf_net [get_bd_intf_pins StreamingFIFO_rtl_1/out0_V] [get_bd_intf_pins MVAU_hls_1/in0_V]
# connect_bd_net [get_bd_ports ap_rst_n] [get_bd_pins StreamingFIFO_rtl_2/ap_rst_n]
# connect_bd_net [get_bd_ports ap_clk] [get_bd_pins StreamingFIFO_rtl_2/ap_clk]
# connect_bd_intf_net [get_bd_intf_pins MVAU_hls_1/out0_V] [get_bd_intf_pins StreamingFIFO_rtl_2/in0_V]
# connect_bd_net [get_bd_ports ap_rst_n] [get_bd_pins MVAU_hls_2/ap_rst_n]
# connect_bd_net [get_bd_ports ap_clk] [get_bd_pins MVAU_hls_2/ap_clk]
# connect_bd_intf_net [get_bd_intf_pins StreamingFIFO_rtl_2/out0_V] [get_bd_intf_pins MVAU_hls_2/in0_V]
# connect_bd_net [get_bd_ports ap_rst_n] [get_bd_pins StreamingFIFO_rtl_3/ap_rst_n]
# connect_bd_net [get_bd_ports ap_clk] [get_bd_pins StreamingFIFO_rtl_3/ap_clk]
# connect_bd_intf_net [get_bd_intf_pins MVAU_hls_2/out0_V] [get_bd_intf_pins StreamingFIFO_rtl_3/in0_V]
# connect_bd_net [get_bd_ports ap_rst_n] [get_bd_pins MVAU_hls_3/ap_rst_n]
# connect_bd_net [get_bd_ports ap_clk] [get_bd_pins MVAU_hls_3/ap_clk]
# connect_bd_intf_net [get_bd_intf_pins StreamingFIFO_rtl_3/out0_V] [get_bd_intf_pins MVAU_hls_3/in0_V]
# connect_bd_net [get_bd_ports ap_rst_n] [get_bd_pins StreamingFIFO_rtl_4/ap_rst_n]
# connect_bd_net [get_bd_ports ap_clk] [get_bd_pins StreamingFIFO_rtl_4/ap_clk]
# connect_bd_intf_net [get_bd_intf_pins MVAU_hls_3/out0_V] [get_bd_intf_pins StreamingFIFO_rtl_4/in0_V]
# make_bd_intf_pins_external [get_bd_intf_pins StreamingFIFO_rtl_0/in0_V]
# set_property name s_axis_0 [get_bd_intf_ports in0_V_0]
# make_bd_intf_pins_external [get_bd_intf_pins StreamingFIFO_rtl_4/out0_V]
# set_property name m_axis_0 [get_bd_intf_ports out0_V_0]
# set_property CONFIG.FREQ_HZ 100000000 [get_bd_ports /ap_clk]
# validate_bd_design
CRITICAL WARNING: [BD 41-759] The input pins (listed below) are either not connected or do not have a source port, and they don't have a tie-off specified. These pins are tied-off to all 0's to avoid error in Implementation flow.
Please check your design and connect them as needed: 
/MVAU_hls_0/MVAU_hls_0_wstrm_sfidx/s_axis_0_tvalid
/MVAU_hls_0/MVAU_hls_0_wstrm_val/s_axis_0_tvalid
/MVAU_hls_0/MVAU_hls_0_wstrm_mask/s_axis_0_tvalid
/MVAU_hls_0/MVAU_hls_0_wstrm_rowlen/s_axis_0_tvalid
/MVAU_hls_1/MVAU_hls_1_wstrm_sfidx/s_axis_0_tvalid
/MVAU_hls_1/MVAU_hls_1_wstrm_val/s_axis_0_tvalid
/MVAU_hls_1/MVAU_hls_1_wstrm_mask/s_axis_0_tvalid
/MVAU_hls_1/MVAU_hls_1_wstrm_rowlen/s_axis_0_tvalid
/MVAU_hls_2/MVAU_hls_2_wstrm_sfidx/s_axis_0_tvalid
/MVAU_hls_2/MVAU_hls_2_wstrm_val/s_axis_0_tvalid
/MVAU_hls_2/MVAU_hls_2_wstrm_mask/s_axis_0_tvalid
/MVAU_hls_2/MVAU_hls_2_wstrm_rowlen/s_axis_0_tvalid
/MVAU_hls_3/MVAU_hls_3_wstrm/s_axis_0_tvalid

# save_bd_design
Wrote  : </tmp/finn_dev_changhong/vivado_stitch_proj_6ygkx3ag/finn_vivado_stitch_proj.srcs/sources_1/bd/finn_design/finn_design.bd> 
# make_wrapper -files [get_files /tmp/finn_dev_changhong/vivado_stitch_proj_6ygkx3ag/finn_vivado_stitch_proj.srcs/sources_1/bd/finn_design/finn_design.bd] -top
INFO: [BD 41-1662] The design 'finn_design.bd' is already validated. Therefore parameter propagation will not be re-run.
CRITICAL WARNING: [BD 41-759] The input pins (listed below) are either not connected or do not have a source port, and they don't have a tie-off specified. These pins are tied-off to all 0's to avoid error in Implementation flow.
Please check your design and connect them as needed: 
/MVAU_hls_0/MVAU_hls_0_wstrm_sfidx/s_axis_0_tvalid
/MVAU_hls_0/MVAU_hls_0_wstrm_val/s_axis_0_tvalid
/MVAU_hls_0/MVAU_hls_0_wstrm_mask/s_axis_0_tvalid
/MVAU_hls_0/MVAU_hls_0_wstrm_rowlen/s_axis_0_tvalid
/MVAU_hls_1/MVAU_hls_1_wstrm_sfidx/s_axis_0_tvalid
/MVAU_hls_1/MVAU_hls_1_wstrm_val/s_axis_0_tvalid
/MVAU_hls_1/MVAU_hls_1_wstrm_mask/s_axis_0_tvalid
/MVAU_hls_1/MVAU_hls_1_wstrm_rowlen/s_axis_0_tvalid
/MVAU_hls_2/MVAU_hls_2_wstrm_sfidx/s_axis_0_tvalid
/MVAU_hls_2/MVAU_hls_2_wstrm_val/s_axis_0_tvalid
/MVAU_hls_2/MVAU_hls_2_wstrm_mask/s_axis_0_tvalid
/MVAU_hls_2/MVAU_hls_2_wstrm_rowlen/s_axis_0_tvalid
/MVAU_hls_3/MVAU_hls_3_wstrm/s_axis_0_tvalid

Verilog Output written to : /tmp/finn_dev_changhong/vivado_stitch_proj_6ygkx3ag/finn_vivado_stitch_proj.gen/sources_1/bd/finn_design/synth/finn_design.v
Verilog Output written to : /tmp/finn_dev_changhong/vivado_stitch_proj_6ygkx3ag/finn_vivado_stitch_proj.gen/sources_1/bd/finn_design/sim/finn_design.v
Verilog Output written to : /tmp/finn_dev_changhong/vivado_stitch_proj_6ygkx3ag/finn_vivado_stitch_proj.gen/sources_1/bd/finn_design/hdl/finn_design_wrapper.v
# add_files -norecurse /tmp/finn_dev_changhong/vivado_stitch_proj_6ygkx3ag/finn_vivado_stitch_proj.srcs/sources_1/bd/finn_design/hdl/finn_design_wrapper.v
INFO: [Project 1-1716] Could not find the wrapper file /tmp/finn_dev_changhong/vivado_stitch_proj_6ygkx3ag/finn_vivado_stitch_proj.srcs/sources_1/bd/finn_design/hdl/finn_design_wrapper.v, checking in project .gen location instead.
INFO: [Vivado 12-12390] Found file /tmp/finn_dev_changhong/vivado_stitch_proj_6ygkx3ag/finn_vivado_stitch_proj.gen/sources_1/bd/finn_design/hdl/finn_design_wrapper.v, adding it to Project
# set_property top finn_design_wrapper [current_fileset]
# ipx::package_project -root_dir /tmp/finn_dev_changhong/vivado_stitch_proj_6ygkx3ag/ip -vendor xilinx_finn -library finn -taxonomy /UserIP -module finn_design -import_files
INFO: [BD 41-1662] The design 'finn_design.bd' is already validated. Therefore parameter propagation will not be re-run.
CRITICAL WARNING: [BD 41-759] The input pins (listed below) are either not connected or do not have a source port, and they don't have a tie-off specified. These pins are tied-off to all 0's to avoid error in Implementation flow.
Please check your design and connect them as needed: 
/MVAU_hls_0/MVAU_hls_0_wstrm_sfidx/s_axis_0_tvalid
/MVAU_hls_0/MVAU_hls_0_wstrm_val/s_axis_0_tvalid
/MVAU_hls_0/MVAU_hls_0_wstrm_mask/s_axis_0_tvalid
/MVAU_hls_0/MVAU_hls_0_wstrm_rowlen/s_axis_0_tvalid
/MVAU_hls_1/MVAU_hls_1_wstrm_sfidx/s_axis_0_tvalid
/MVAU_hls_1/MVAU_hls_1_wstrm_val/s_axis_0_tvalid
/MVAU_hls_1/MVAU_hls_1_wstrm_mask/s_axis_0_tvalid
/MVAU_hls_1/MVAU_hls_1_wstrm_rowlen/s_axis_0_tvalid
/MVAU_hls_2/MVAU_hls_2_wstrm_sfidx/s_axis_0_tvalid
/MVAU_hls_2/MVAU_hls_2_wstrm_val/s_axis_0_tvalid
/MVAU_hls_2/MVAU_hls_2_wstrm_mask/s_axis_0_tvalid
/MVAU_hls_2/MVAU_hls_2_wstrm_rowlen/s_axis_0_tvalid
/MVAU_hls_3/MVAU_hls_3_wstrm/s_axis_0_tvalid

Verilog Output written to : /tmp/finn_dev_changhong/vivado_stitch_proj_6ygkx3ag/finn_vivado_stitch_proj.gen/sources_1/bd/finn_design/synth/finn_design.v
Verilog Output written to : /tmp/finn_dev_changhong/vivado_stitch_proj_6ygkx3ag/finn_vivado_stitch_proj.gen/sources_1/bd/finn_design/sim/finn_design.v
Verilog Output written to : /tmp/finn_dev_changhong/vivado_stitch_proj_6ygkx3ag/finn_vivado_stitch_proj.gen/sources_1/bd/finn_design/hdl/finn_design_wrapper.v
INFO: [BD 41-1029] Generation completed for the IP Integrator block StreamingFIFO_rtl_0 .
INFO: [BD 41-1029] Generation completed for the IP Integrator block MVAU_hls_0/MVAU_hls_0 .
INFO: [BD 41-1029] Generation completed for the IP Integrator block MVAU_hls_0/MVAU_hls_0_wstrm_sfidx .
INFO: [BD 41-1029] Generation completed for the IP Integrator block MVAU_hls_0/MVAU_hls_0_wstrm_val .
INFO: [BD 41-1029] Generation completed for the IP Integrator block MVAU_hls_0/MVAU_hls_0_wstrm_mask .
INFO: [BD 41-1029] Generation completed for the IP Integrator block MVAU_hls_0/MVAU_hls_0_wstrm_rowlen .
INFO: [BD 41-1029] Generation completed for the IP Integrator block StreamingFIFO_rtl_1 .
INFO: [BD 41-1029] Generation completed for the IP Integrator block MVAU_hls_1/MVAU_hls_1 .
INFO: [BD 41-1029] Generation completed for the IP Integrator block MVAU_hls_1/MVAU_hls_1_wstrm_sfidx .
INFO: [BD 41-1029] Generation completed for the IP Integrator block MVAU_hls_1/MVAU_hls_1_wstrm_val .
INFO: [BD 41-1029] Generation completed for the IP Integrator block MVAU_hls_1/MVAU_hls_1_wstrm_mask .
INFO: [BD 41-1029] Generation completed for the IP Integrator block MVAU_hls_1/MVAU_hls_1_wstrm_rowlen .
INFO: [BD 41-1029] Generation completed for the IP Integrator block StreamingFIFO_rtl_2 .
INFO: [BD 41-1029] Generation completed for the IP Integrator block MVAU_hls_2/MVAU_hls_2 .
INFO: [BD 41-1029] Generation completed for the IP Integrator block MVAU_hls_2/MVAU_hls_2_wstrm_sfidx .
INFO: [BD 41-1029] Generation completed for the IP Integrator block MVAU_hls_2/MVAU_hls_2_wstrm_val .
INFO: [BD 41-1029] Generation completed for the IP Integrator block MVAU_hls_2/MVAU_hls_2_wstrm_mask .
INFO: [BD 41-1029] Generation completed for the IP Integrator block MVAU_hls_2/MVAU_hls_2_wstrm_rowlen .
INFO: [BD 41-1029] Generation completed for the IP Integrator block StreamingFIFO_rtl_3 .
INFO: [BD 41-1029] Generation completed for the IP Integrator block MVAU_hls_3/MVAU_hls_3 .
INFO: [BD 41-1029] Generation completed for the IP Integrator block MVAU_hls_3/MVAU_hls_3_wstrm .
INFO: [BD 41-1029] Generation completed for the IP Integrator block StreamingFIFO_rtl_4 .
Exporting to file /tmp/finn_dev_changhong/vivado_stitch_proj_6ygkx3ag/finn_vivado_stitch_proj.gen/sources_1/bd/finn_design/hw_handoff/finn_design.hwh
Generated Hardware Definition File /tmp/finn_dev_changhong/vivado_stitch_proj_6ygkx3ag/finn_vivado_stitch_proj.gen/sources_1/bd/finn_design/synth/finn_design.hwdef
INFO: [IP_Flow 19-5654] Module 'finn_design' uses SystemVerilog sources with a Verilog top file. These SystemVerilog files will not be analysed by the packager.
CRITICAL WARNING: [IP_Flow 19-5234] Found an invalid attribute: 'Misformed interface info attr: xilinx.com:interface:axis:1.0 m_axis_0'
CRITICAL WARNING: [IP_Flow 19-5234] Found an invalid attribute: 'Misformed interface info attr: xilinx.com:interface:axis:1.0 m_axis_0'
CRITICAL WARNING: [IP_Flow 19-5234] Found an invalid attribute: 'Misformed interface info attr: xilinx.com:interface:axis:1.0 m_axis_0'
CRITICAL WARNING: [IP_Flow 19-5234] Found an invalid attribute: 'Misformed interface info attr: xilinx.com:interface:axis:1.0 s_axis_0'
CRITICAL WARNING: [IP_Flow 19-5234] Found an invalid attribute: 'Misformed interface info attr: xilinx.com:interface:axis:1.0 s_axis_0'
CRITICAL WARNING: [IP_Flow 19-5234] Found an invalid attribute: 'Misformed interface info attr: xilinx.com:interface:axis:1.0 s_axis_0'
INFO: [IP_Flow 19-7067] Note that bus interface 's_axis_0' has a fixed FREQ_HZ of '100000000'. This value will be respected whenever this IP is instantiated in IP Integrator.
INFO: [IP_Flow 19-7067] Note that bus interface 'm_axis_0' has a fixed FREQ_HZ of '100000000'. This value will be respected whenever this IP is instantiated in IP Integrator.
INFO: [IP_Flow 19-7067] Note that bus interface 'CLK.AP_CLK' has a fixed FREQ_HZ of '100000000'. This value will be respected whenever this IP is instantiated in IP Integrator.
WARNING: [IP_Flow 19-3157] Bus Interface 'RST.AP_RST_N': Bus parameter POLARITY is ACTIVE_LOW but port 'ap_rst_n' is not *resetn - please double check the POLARITY setting.
INFO: [IP_Flow 19-2181] Payment Required is not set for this core.
INFO: [IP_Flow 19-2187] The Product Guide file is missing.
# set_property ipi_drc {ignore_freq_hz true} [ipx::current_core]
# ipx::remove_segment -quiet m_axi_gmem0:APERTURE_0 [ipx::get_address_spaces m_axi_gmem0 -of_objects [ipx::current_core]]
# set_property core_revision 2 [ipx::find_open_core xilinx_finn:finn:finn_design:1.0]
# ipx::create_xgui_files [ipx::find_open_core xilinx_finn:finn:finn_design:1.0]
# set_property value_resolve_type user [ipx::get_bus_parameters -of [ipx::get_bus_interfaces -of [ipx::current_core ]]]
# set core [ipx::current_core]
# file copy -force data ip/
# set file_group [ipx::add_file_group -type software_driver {} $core]
# set_property type mdd       [ipx::add_file data/finn_design.mdd $file_group]
# set_property type tclSource [ipx::add_file data/finn_design.tcl $file_group]
# set impl_files [ipx::get_file_groups xilinx_implementation -of $core]
# foreach xci [ipx::get_files -of $impl_files {*.xci}] {
#     ipx::remove_file [get_property NAME $xci] $impl_files
# }
WARNING: [BD 5-233] No interface ports matched 'get_bd_intf_ports -filter CONFIG.PROTOCOL==AXI4LITE'
# foreach port [get_bd_intf_ports -filter {CONFIG.PROTOCOL==AXI4LITE}] {
#     set pin $port
#     set awidth ""
#     while { $awidth == "" } {
#         set pins [get_bd_intf_pins -of [get_bd_intf_nets -boundary_type lower -of $pin]]
#         set kill [lsearch $pins $pin]
#         if { $kill >= 0 } { set pins [lreplace $pins $kill $kill] }
#         if { [llength $pins] != 1 } { break }
#         set pin [lindex $pins 0]
#         set awidth [get_property CONFIG.ADDR_WIDTH $pin]
#     }
#     if { $awidth == "" } {
#        puts "CRITICAL WARNING: Unable to construct address map for $port."
#     } {
#        set range [expr 2**$awidth]
#        set range [expr $range < 4096 ? 4096 : $range]
#        puts "INFO: Building address map for $port: 0+:$range"
#        set name [get_property NAME $port]
#        set addr_block [ipx::add_address_block Reg0 [ipx::add_memory_map $name $core]]
#        set_property range $range $addr_block
#        set_property slave_memory_map_ref $name [ipx::get_bus_interfaces $name -of $core]
#     }
# }
# ipx::update_checksums $core
# ipx::save_core $core
# file rename -force ip/component.xml ip/component.bak
# set ifile [open ip/component.bak r]
# set ofile [open ip/component.xml w]
# set buf [list]
# set kill 0
# while { [eof $ifile] != 1 } {
#     gets $ifile line
#     if { [string match {*<spirit:fileSet>*} $line] == 1 } {
#         foreach l $buf { puts $ofile $l }
#         set buf [list $line]
#     } elseif { [llength $buf] > 0 } {
#         lappend buf $line
# 
#         if { [string match {*</spirit:fileSet>*} $line] == 1 } {
#             if { $kill == 0 } { foreach l $buf { puts $ofile $l } }
#             set buf [list]
#             set kill 0
#         } elseif { [string match {*<xilinx:subCoreRef>*} $line] == 1 } {
#             set kill 1
#         }
#     } else {
#         puts $ofile $line
#     }
# }
# close $ifile
# close $ofile
# set all_v_files [get_files -filter {USED_IN_SYNTHESIS == 1 && (FILE_TYPE == Verilog || FILE_TYPE == SystemVerilog || FILE_TYPE =="Verilog Header")}]
# set fp [open /tmp/finn_dev_changhong/vivado_stitch_proj_6ygkx3ag/all_verilog_srcs.txt w]
# foreach vf $all_v_files {puts $fp $vf}
# close $fp
INFO: [Common 17-206] Exiting Vivado at Mon Nov 10 16:58:04 2025...
