{
  "step_qonnx_to_finn": 2.574920654296875e-05,
  "step_tidy_up": 0.022916078567504883,
  "step_streamline": 0.508152961730957,
  "step_convert_to_hw": 0.0038361549377441406,
  "step_create_dataflow_partition": 0.002233266830444336,
  "step_specialize_layers": 0.0022852420806884766,
  "step_target_fps_parallelization": 0.007422208786010742,
  "step_apply_folding_config": 4.5299530029296875e-06,
  "step_minimize_bit_width": 0.008953332901000977,
  "step_generate_estimate_reports": 0.009506702423095703
}